Base: 0x6FFFF4D40000
GObjects: 0x6FFFF81BACA4
GNames: 0x6FFFF87CE978

BatmanAK objects cached in 2.262 seconds.

Processing Package: Core

ScriptStruct: Guid                                             - Instance: 0x043E116C
ScriptStruct: Array_Mirror                                     - Instance: 0x0441CD60
ScriptStruct: InlinePointerArray_Mirror                        - Instance: 0x043E1234
ScriptStruct: Rotator                                          - Instance: 0x043E2D94
ScriptStruct: Vector                                           - Instance: 0x043E2F24
ScriptStruct: Plane                                            - Instance: 0x043E2E5C
ScriptStruct: Vector2D                                         - Instance: 0x043E49FC
ScriptStruct: Vector4                                          - Instance: 0x043E4BEC
ScriptStruct: TwoVectors                                       - Instance: 0x043E6678
ScriptStruct: LinearColor                                      - Instance: 0x043EC1B4
ScriptStruct: Color                                            - Instance: 0x043EC570
ScriptStruct: InterpCurvePointVector2D                         - Instance: 0x043EED4C
Info: Extra padding detected!
Info: Property size 0x1D
Info: Min alignment 0x4
Info: Extra padding 0x3
ScriptStruct: InterpCurveVector2D                              - Instance: 0x043EEC84
Info: Extra padding detected!
Info: Property size 0x11
Info: Min alignment 0x4
Info: Extra padding 0x3
ScriptStruct: InterpCurvePointFloat                            - Instance: 0x043F00DC
Info: Extra padding detected!
Info: Property size 0x11
Info: Min alignment 0x4
Info: Extra padding 0x3
ScriptStruct: InterpCurveFloat                                 - Instance: 0x043EEFE8
Info: Extra padding detected!
Info: Property size 0x11
Info: Min alignment 0x4
Info: Extra padding 0x3
ScriptStruct: Cylinder                                         - Instance: 0x043EF420
ScriptStruct: InterpCurvePointVector                           - Instance: 0x043EF8AC
Info: Extra padding detected!
Info: Property size 0x29
Info: Min alignment 0x4
Info: Extra padding 0x3
ScriptStruct: InterpCurveVector                                - Instance: 0x043EF7E4
Info: Extra padding detected!
Info: Property size 0x11
Info: Min alignment 0x4
Info: Extra padding 0x3
ScriptStruct: Quat                                             - Instance: 0x043F28EC
ScriptStruct: Matrix                                           - Instance: 0x043F47D4
ScriptStruct: BoxSphereBounds                                  - Instance: 0x043F489C
ScriptStruct: TAlphaBlend                                      - Instance: 0x043F4CDC
Info: Extra padding detected!
Info: Property size 0x15
Info: Min alignment 0x4
Info: Extra padding 0x3
ScriptStruct: BoneAtom                                         - Instance: 0x04417958
ScriptStruct: OctreeElementId                                  - Instance: 0x04417A20
ScriptStruct: RenderCommandFence                               - Instance: 0x04417CB4
ScriptStruct: RChannel32                                       - Instance: 0x04418008
ScriptStruct: RChannel8                                        - Instance: 0x04418164
ScriptStruct: RawDistribution                                  - Instance: 0x0441952C
ScriptStruct: InterpCurvePointLinearColor                      - Instance: 0x0441A044
Info: Extra padding detected!
Info: Property size 0x35
Info: Min alignment 0x4
Info: Extra padding 0x3
ScriptStruct: InterpCurveLinearColor                           - Instance: 0x04419AB4
Info: Extra padding detected!
Info: Property size 0x11
Info: Min alignment 0x4
Info: Extra padding 0x3
ScriptStruct: InterpCurvePointQuat                             - Instance: 0x0441A6AC
Info: Extra padding detected!
Info: Property size 0x41
Info: Min alignment 0x10
Info: Extra padding 0xF
ScriptStruct: InterpCurveQuat                                  - Instance: 0x0441A2E0
Info: Extra padding detected!
Info: Property size 0x11
Info: Min alignment 0x4
Info: Extra padding 0x3
ScriptStruct: InterpCurvePointTwoVectors                       - Instance: 0x0441AD14
Info: Extra padding detected!
Info: Property size 0x4D
Info: Min alignment 0x4
Info: Extra padding 0x3
ScriptStruct: InterpCurveTwoVectors                            - Instance: 0x0441A948
Info: Extra padding detected!
Info: Property size 0x11
Info: Min alignment 0x4
Info: Extra padding 0x3
ScriptStruct: SimpleBox                                        - Instance: 0x0441B514
ScriptStruct: Box                                              - Instance: 0x0441B7A8
Info: Extra padding detected!
Info: Property size 0x19
Info: Min alignment 0x4
Info: Extra padding 0x3
ScriptStruct: TPOV                                             - Instance: 0x0441C118
ScriptStruct: SHVector                                         - Instance: 0x0441C474
ScriptStruct: SHVectorRGB                                      - Instance: 0x0441C1E0
ScriptStruct: IntPoint                                         - Instance: 0x0441C674
ScriptStruct: PackedNormal                                     - Instance: 0x0441C900
ScriptStruct: IndirectArray_Mirror                             - Instance: 0x0441CF60
ScriptStruct: FColorVertexBuffer_Mirror                        - Instance: 0x0441D1EC
ScriptStruct: RenderCommandFence_Mirror                        - Instance: 0x0441D478
ScriptStruct: UntypedBulkData_Mirror                           - Instance: 0x0441D834
ScriptStruct: BitArray_Mirror                                  - Instance: 0x0441E58C
ScriptStruct: SparseArray_Mirror                               - Instance: 0x0441E394
ScriptStruct: Set_Mirror                                       - Instance: 0x0441E2CC
ScriptStruct: MultiMap_Mirror                                  - Instance: 0x0441D990
ScriptStruct: Map_Mirror                                       - Instance: 0x0441E168
ScriptStruct: ThreadSafeCounter                                - Instance: 0x0441E8B4
ScriptStruct: Double                                           - Instance: 0x0441EE34
ScriptStruct: RawDistributionFloat                             - Instance: 0x044206D4
ScriptStruct: MatineeRawDistributionFloat                      - Instance: 0x04420838
ScriptStruct: RawDistributionVector                            - Instance: 0x04420EBC
Const: CONST_HalfPi                                            - Instance: 0x0441707C
Const: CONST_TwoPi                                             - Instance: 0x044170E8
Const: CONST_UnAToDeg                                          - Instance: 0x04417154
Const: CONST_DegToUnA                                          - Instance: 0x044171C0
Const: CONST_UnAToRad                                          - Instance: 0x0441722C
Const: CONST_RadToUnA                                          - Instance: 0x04417298
Const: CONST_InvAspectRatio16x9                                - Instance: 0x04417304
Const: CONST_InvAspectRatio5x4                                 - Instance: 0x04417370
Const: CONST_InvAspectRatio4x3                                 - Instance: 0x044173DC
Const: CONST_AspectRatio16x9                                   - Instance: 0x04417448
Const: CONST_AspectRatio5x4                                    - Instance: 0x044174B4
Const: CONST_AspectRatio4x3                                    - Instance: 0x04417520
Const: CONST_INDEX_NONE                                        - Instance: 0x0441758C
Const: CONST_UnrRotToDeg                                       - Instance: 0x044175F8
Const: CONST_DegToUnrRot                                       - Instance: 0x04417664
Const: CONST_RadToUnrRot                                       - Instance: 0x044176D0
Const: CONST_UnrRotToRad                                       - Instance: 0x0441773C
Const: CONST_DegToRad                                          - Instance: 0x044177A8
Const: CONST_RadToDeg                                          - Instance: 0x04417814
Const: CONST_Pi                                                - Instance: 0x04417880
Const: CONST_MaxInt                                            - Instance: 0x044178EC
Enum: EDebugBreakType                                          - Instance: 0x043E9AF8
Enum: EAutomatedRunResult                                      - Instance: 0x043E9B64
Enum: EAspectRatioAxisConstraint                               - Instance: 0x043ECC1C
Enum: EInterpCurveMode                                         - Instance: 0x043EF3B4
Enum: EInterpMethodType                                        - Instance: 0x043EF4E8
Enum: EAxis                                                    - Instance: 0x043F4C70
Enum: ETickingGroup                                            - Instance: 0x04417010
Enum: EInputEvent                                              - Instance: 0x0441BB7C
Enum: ESimpleAxis                                              - Instance: 0x0441BBE8
Enum: EAlphaBlendType                                          - Instance: 0x0441BC54
Enum: EDecalDrawMode                                           - Instance: 0x0441C040
Enum: EDecalPriority                                           - Instance: 0x0441C0AC
Enum: ECollisionFilter                                         - Instance: 0x0441F9C8
Enum: EDistributionVectorLockFlags                             - Instance: 0x04420DE4
Enum: EDistributionVectorMirrorFlags                           - Instance: 0x04420E50
Class: Object                                                  - Instance: 0x030B6220
Class: TextBuffer                                              - Instance: 0x04120270
Class: Subsystem                                               - Instance: 0x04148C30
Class: System                                                  - Instance: 0x04123CF0
Class: StateObject                                             - Instance: 0x04148000
Class: PackageMap                                              - Instance: 0x041484E0
Class: ObjectSerializer                                        - Instance: 0x041489C0
Class: ObjectRedirector                                        - Instance: 0x02E4B330
Class: MetaData                                                - Instance: 0x02E4B0C0
Class: Linker                                                  - Instance: 0x02E48C30
Class: LinkerSave                                              - Instance: 0x02E49860
Class: LinkerLoad                                              - Instance: 0x02E4BA80
Class: Interface                                               - Instance: 0x02E4ABE0
Class: Field                                                   - Instance: 0x030B6BE0
Class: Struct                                                  - Instance: 0x030B7330
Class: ScriptStruct                                            - Instance: 0x02E4A970
Class: Function                                                - Instance: 0x02E48750
Class: Property                                                - Instance: 0x02E48270
Class: StructProperty                                          - Instance: 0x02E49AD0
Class: StrProperty                                             - Instance: 0x02E4B810
Class: ObjectProperty                                          - Instance: 0x02E4B5A0
Class: ComponentProperty                                       - Instance: 0x02E48EA0
Class: ClassProperty                                           - Instance: 0x02E49380
Class: NameProperty                                            - Instance: 0x02E4AE50
Class: MapProperty                                             - Instance: 0x02E495F0
Class: IntProperty                                             - Instance: 0x02E49FB0
Class: InterfaceProperty                                       - Instance: 0x02E4A700
Class: FloatProperty                                           - Instance: 0x02E484E0
Class: DelegateProperty                                        - Instance: 0x02E49110
Class: ByteProperty                                            - Instance: 0x02E489C0
Class: BoolProperty                                            - Instance: 0x02E4A490
Class: ArrayProperty                                           - Instance: 0x02E49D40
Class: Enum                                                    - Instance: 0x02E4BCF0
Class: Const                                                   - Instance: 0x02E4A220
Class: Factory                                                 - Instance: 0x030B5860
Class: TextBufferFactory                                       - Instance: 0x030B7CF0
Class: Exporter                                                - Instance: 0x030B4000
Class: Component                                               - Instance: 0x030B55F0
Class: DistributionVector                                      - Instance: 0x030B4750
Class: DistributionFloat                                       - Instance: 0x030B4EA0
Class: Commandlet                                              - Instance: 0x030B6490
Class: HelpCommandlet                                          - Instance: 0x030B5D40
Class: State                                                   - Instance: 0x030B7A80
Class: Package                                                 - Instance: 0x030B7810
Class: Class                                                   - Instance: 0x030B6700

Processing Package: Engine

ScriptStruct: AkPropagationShell                               - Instance: 0x044278FC
ScriptStruct: AkPropagationDesc                                - Instance: 0x044236E0
ScriptStruct: AkSoundHandle                                    - Instance: 0x044237A8
ScriptStruct: AkLoopingEvent                                   - Instance: 0x04423A34
ScriptStruct: AkParameterSetting                               - Instance: 0x04423DE8
ScriptStruct: AkSwitchSetting                                  - Instance: 0x04423FD8
ScriptStruct: AkEnvironmentSettings                            - Instance: 0x044241C8
ScriptStruct: AkEnvironmentMixLevel                            - Instance: 0x04424454
ScriptStruct: AkEnvironmentInfo                                - Instance: 0x044246D8
ScriptStruct: AkSourceSpatial                                  - Instance: 0x04424974
ScriptStruct: SimpleWhooshBy                                   - Instance: 0x04424B74
ScriptStruct: AkParticleEvents                                 - Instance: 0x04424E98
ScriptStruct: AkEnvelopeSettings                               - Instance: 0x044253C4
ScriptStruct: AkPhysInfo                                       - Instance: 0x04425770
ScriptStruct: AkPhysEvent                                      - Instance: 0x04426178
Info: Extra padding detected!
Info: Property size 0x51
Info: Min alignment 0x4
Info: Extra padding 0x3
ScriptStruct: AkFakePhysics                                    - Instance: 0x04426D4C
ScriptStruct: AkPropagationMaterial                            - Instance: 0x04427110
ScriptStruct: AkPropagationInfo                                - Instance: 0x04427394
ScriptStruct: AkWorldDataEntry                                 - Instance: 0x04428288
ScriptStruct: AkWorldData                                      - Instance: 0x04428480
ScriptStruct: AkInterpolationBuffer                            - Instance: 0x04428A04
ScriptStruct: StretchInstance                                  - Instance: 0x044321A8
Info: Extra padding detected!
Info: Property size 0x14
Info: Min alignment 0x10
Info: Extra padding 0xC
ScriptStruct: StretchPhaseInstances                            - Instance: 0x044323A0
ScriptStruct: StretchInstances                                 - Instance: 0x0442F6AC
ScriptStruct: FaceFXEmbeddedAnimSample                         - Instance: 0x0442F924
ScriptStruct: TwistBoneFixer                                   - Instance: 0x0442FA58
ScriptStruct: KneeElbowFixer                                   - Instance: 0x0442FD70
ScriptStruct: NeckTwistFixer                                   - Instance: 0x0442FF60
ScriptStruct: CollarTwistFixer                                 - Instance: 0x044301E8
ScriptStruct: Fixers                                           - Instance: 0x04430470
ScriptStruct: BreathingFixer                                   - Instance: 0x04430978
ScriptStruct: FaceFXRegisterTransition                         - Instance: 0x04430DC0
Info: Extra padding detected!
Info: Property size 0x15
Info: Min alignment 0x4
Info: Extra padding 0x3
ScriptStruct: FaceFXRegisterConstant                           - Instance: 0x04431274
Info: Extra padding detected!
Info: Property size 0x9
Info: Min alignment 0x4
Info: Extra padding 0x3
ScriptStruct: FaceFXBaseExpressionSample                       - Instance: 0x0443175C
ScriptStruct: FaceFXMatineeLookAt                              - Instance: 0x044319F0
ScriptStruct: StretchDescription                               - Instance: 0x04431E80
Info: Extra padding detected!
Info: Property size 0x19
Info: Min alignment 0x4
Info: Extra padding 0x3
ScriptStruct: AutoLODSetting                                   - Instance: 0x0443263C
ScriptStruct: TrackedNotify                                    - Instance: 0x04432EBC
ScriptStruct: CharacterMirrorBoneAction                        - Instance: 0x044331F0
ScriptStruct: CharacterMirrorBone                              - Instance: 0x04433528
ScriptStruct: BoneMass                                         - Instance: 0x04433720
ScriptStruct: RotationBoneMass                                 - Instance: 0x04433910
Info: Extra padding detected!
Info: Property size 0x18
Info: Min alignment 0x10
Info: Extra padding 0x8
ScriptStruct: NormalizedBoneMasses                             - Instance: 0x04433B9C
ScriptStruct: AnimatedMaterialParameter_Scalar                 - Instance: 0x04433ED4
ScriptStruct: AnimatedMaterialParameter_Vector                 - Instance: 0x044340C4
ScriptStruct: AnimatedMaterialParameters                       - Instance: 0x044342BC
ScriptStruct: SkelControlInstance                              - Instance: 0x044345F4
ScriptStruct: SkeletalMeshComponentExtraBounds                 - Instance: 0x04434CAC
ScriptStruct: SkeletalMeshComponentExtraBoundsInstance         - Instance: 0x04434E9C
ScriptStruct: BoneToTrack                                      - Instance: 0x0443508C
ScriptStruct: AudioBones                                       - Instance: 0x04435284
ScriptStruct: AudioBoneTracking                                - Instance: 0x04435954
ScriptStruct: PersistentSoundNotify                            - Instance: 0x04435B54
ScriptStruct: PersistentSoundData                              - Instance: 0x04435D4C
ScriptStruct: PendingTouch                                     - Instance: 0x044361FC
ScriptStruct: TimerData                                        - Instance: 0x0443666C
ScriptStruct: InvestigationData                                - Instance: 0x04437234
ScriptStruct: DetailThought                                    - Instance: 0x044374A0
ScriptStruct: Thought                                          - Instance: 0x0443786C
ScriptStruct: BlockingVolumeTypesContainer                     - Instance: 0x04437D70
ScriptStruct: TraceHitInfo                                     - Instance: 0x04440BE0
ScriptStruct: ImpactInfo                                       - Instance: 0x04441038
ScriptStruct: AnimSlotInfo                                     - Instance: 0x044414A8
ScriptStruct: AnimSlotDesc                                     - Instance: 0x04441734
ScriptStruct: PhysContactModificationData                      - Instance: 0x04441C30
ScriptStruct: RigidBodyState                                   - Instance: 0x04442370
Info: Extra padding detected!
Info: Property size 0x39
Info: Min alignment 0x10
Info: Extra padding 0x7
ScriptStruct: RigidBodyContactInfo                             - Instance: 0x04442888
ScriptStruct: CollisionImpactData                              - Instance: 0x04442CF0
ScriptStruct: PhysEffectInfo                                   - Instance: 0x04443028
ScriptStruct: ActorReference                                   - Instance: 0x044437A8
ScriptStruct: NavReference                                     - Instance: 0x044439A8
ScriptStruct: BasedPosition                                    - Instance: 0x04443BA8
ScriptStruct: ASyncLoadRequestInfo                             - Instance: 0x04443F7C
ScriptStruct: SeqOpInputLink                                   - Instance: 0x04468FF8
ScriptStruct: AkPreferredVoice                                 - Instance: 0x04476BE0
ScriptStruct: AkSpeechCallbacks                                - Instance: 0x044756F0
ScriptStruct: AkSpeechOptions                                  - Instance: 0x0447558C
ScriptStruct: KeyValuePair                                     - Instance: 0x0447CE98
ScriptStruct: PlayerResponseLine                               - Instance: 0x0447D088
ScriptStruct: ServerResponseLine                               - Instance: 0x0447D600
ScriptStruct: LocalizedStringSetting                           - Instance: 0x0447E914
Info: Extra padding detected!
Info: Property size 0x9
Info: Min alignment 0x4
Info: Extra padding 0x3
ScriptStruct: SettingsData                                     - Instance: 0x0447EED0
ScriptStruct: SettingsProperty                                 - Instance: 0x0447EE08
Info: Extra padding detected!
Info: Property size 0x15
Info: Min alignment 0x4
Info: Extra padding 0x3
ScriptStruct: IdToStringMapping                                - Instance: 0x0447FFE4
ScriptStruct: StringIdToStringMapping                          - Instance: 0x04486524
ScriptStruct: LocalizedStringSettingMetaData                   - Instance: 0x04484224
ScriptStruct: SettingsPropertyPropertyMetaData                 - Instance: 0x04486AA0
ScriptStruct: UniqueNetId                                      - Instance: 0x0448853C
ScriptStruct: OnlineRegistrant                                 - Instance: 0x04488274
ScriptStruct: OnlineArbitrationRegistrant                      - Instance: 0x04488474
ScriptStruct: NamedSession                                     - Instance: 0x04487FE0
ScriptStruct: NamedInterface                                   - Instance: 0x044899BC
ScriptStruct: SocialPostImageFlags                             - Instance: 0x0448FD74
ScriptStruct: SocialPostImageInfo                              - Instance: 0x0448FCAC
ScriptStruct: SocialPostLinkInfo                               - Instance: 0x0448FBE4
ScriptStruct: SocialPostPrivileges                             - Instance: 0x0448FF6C
ScriptStruct: OnlinePartyMember                                - Instance: 0x04490578
ScriptStruct: AchievementDetails                               - Instance: 0x04491194
ScriptStruct: CommunityContentMetadata                         - Instance: 0x04491A14
ScriptStruct: CommunityContentFile                             - Instance: 0x04491E74
ScriptStruct: TitleFile                                        - Instance: 0x04492108
ScriptStruct: EmsFile                                          - Instance: 0x044927A0
ScriptStruct: NamedInterfaceDef                                - Instance: 0x04492BA8
ScriptStruct: OnlineFriendMessage                              - Instance: 0x04492FE8
ScriptStruct: RemoteTalker                                     - Instance: 0x044930B0
ScriptStruct: LocalTalker                                      - Instance: 0x0449359C
ScriptStruct: OnlinePlayerScore                                - Instance: 0x04493D58
ScriptStruct: SpeechRecognizedWord                             - Instance: 0x04494050
ScriptStruct: OnlineContent                                    - Instance: 0x0449439C
ScriptStruct: OnlineCrossTitleContent                          - Instance: 0x044942D4
ScriptStruct: OnlineFriend                                     - Instance: 0x04494608
ScriptStruct: OnlineStoreContentOffering                       - Instance: 0x04494FCC
ScriptStruct: OnlineStoreContent                               - Instance: 0x04494E70
ScriptStruct: FriendsQuery                                     - Instance: 0x044962F4
ScriptStruct: BaseAuthSession                                  - Instance: 0x04496CC8
ScriptStruct: PendingClientAuth                                - Instance: 0x04497538
ScriptStruct: ServerAuthRetry                                  - Instance: 0x04497738
ScriptStruct: AuthSession                                      - Instance: 0x0449CD38
ScriptStruct: LocalAuthSession                                 - Instance: 0x0449E03C
ScriptStruct: MaterialViewRelevance                            - Instance: 0x044A579C
ScriptStruct: RBCollisionChannelContainer                      - Instance: 0x044A674C
ScriptStruct: PhysXShapeFilterFlagsContainer                   - Instance: 0x044A68B0
ScriptStruct: LightingChannelContainer                         - Instance: 0x044A6AB0
ScriptStruct: SCSelfShadowingSpotlightParams                   - Instance: 0x044B8B8C
ScriptStruct: SCSelfShadowingParams                            - Instance: 0x044B8CF0
ScriptStruct: SCMacCormackAdvectionParams                      - Instance: 0x044B8E54
ScriptStruct: SCStochasticParticleAdvectionParams              - Instance: 0x044B8FB8
ScriptStruct: SCMultigridParams                                - Instance: 0x044B911C
ScriptStruct: SCBuoyancyAdvancedParams                         - Instance: 0x044BA39C
ScriptStruct: SCExpansionAdvancedParams                        - Instance: 0x044BA6B4
ScriptStruct: SCDensityParams                                  - Instance: 0x044B9314
ScriptStruct: SCGridToParticleCouplingParams                   - Instance: 0x044B9478
ScriptStruct: SCParticleToGridCouplingParams                   - Instance: 0x044B95DC
ScriptStruct: SFSelfShadowingSpotlightParams                   - Instance: 0x044BC380
ScriptStruct: SFSelfShadowingParams                            - Instance: 0x044BC4E4
ScriptStruct: SFMacCormackAdvectionParams                      - Instance: 0x044BC648
ScriptStruct: SFStochasticParticleAdvectionParams              - Instance: 0x044BC7AC
ScriptStruct: SFMultigridParams                                - Instance: 0x044BC910
ScriptStruct: SFBuoyancyAdvancedParams                         - Instance: 0x044BDC2C
ScriptStruct: SFExpansionAdvancedParams                        - Instance: 0x044BDF44
ScriptStruct: SFDensityParams                                  - Instance: 0x044BCB08
ScriptStruct: SFGridToParticleCouplingParams                   - Instance: 0x044BCC6C
ScriptStruct: SFParticleToGridCouplingParams                   - Instance: 0x044BCDD0
ScriptStruct: SGridIntRange                                    - Instance: 0x044BF660
ScriptStruct: SGridFloatRange                                  - Instance: 0x044BF850
ScriptStruct: VisiblePortalInfo                                - Instance: 0x044C6AAC
ScriptStruct: TViewTarget                                      - Instance: 0x044DB804
ScriptStruct: LUTBlender                                       - Instance: 0x044DB8CC
ScriptStruct: PostProcessSettings                              - Instance: 0x044DBC94
ScriptStruct: RenderingPerformanceOverrides                    - Instance: 0x044E10D4
ScriptStruct: ViewTargetTransitionParams                       - Instance: 0x044E1D04
ScriptStruct: TCameraCache                                     - Instance: 0x044E2034
ScriptStruct: SeqOpOutputInputLink                             - Instance: 0x044ED200
ScriptStruct: SeqOpOutputLink                                  - Instance: 0x044EB7FC
ScriptStruct: SeqVarLink                                       - Instance: 0x044EB9FC
ScriptStruct: SeqEventLink                                     - Instance: 0x044EBBFC
ScriptStruct: OnlineGameSearchParameter                        - Instance: 0x044F2FFC
Info: Extra padding detected!
Info: Property size 0xE
Info: Min alignment 0x4
Info: Extra padding 0x2
ScriptStruct: OnlineGameSearchORClause                         - Instance: 0x044F2B60
ScriptStruct: OnlineGameSearchSortClause                       - Instance: 0x044F2DFC
Info: Extra padding detected!
Info: Property size 0xE
Info: Min alignment 0x4
Info: Extra padding 0x2
ScriptStruct: OnlineGameSearchQuery                            - Instance: 0x044F2500
ScriptStruct: OverrideSkill                                    - Instance: 0x044F265C
ScriptStruct: NamedObjectProperty                              - Instance: 0x044F33FC
ScriptStruct: OnlineGameSearchResult                           - Instance: 0x044F3954
ScriptStruct: DebugTextInfo                                    - Instance: 0x044F468C
ScriptStruct: ConnectedPeerInfo                                - Instance: 0x044F8920
ScriptStruct: ClientAdjustment                                 - Instance: 0x044F8F18
Info: Extra padding detected!
Info: Property size 0x35
Info: Min alignment 0x4
Info: Extra padding 0x3
ScriptStruct: WaveformSample                                   - Instance: 0x0451EAB8
ScriptStruct: InputEntry                                       - Instance: 0x04521884
Info: Extra padding detected!
Info: Property size 0xD
Info: Min alignment 0x4
Info: Extra padding 0x3
ScriptStruct: InputMatchRequest                                - Instance: 0x0451F8C4
ScriptStruct: KismetDrawTextInfo                               - Instance: 0x0452D124
ScriptStruct: ConsoleMessage                                   - Instance: 0x0452D4F8
ScriptStruct: HudLocalizedMessage                              - Instance: 0x0452DE8C
ScriptStruct: AutomatedTestingDatum                            - Instance: 0x0453D7F8
ScriptStruct: DebugNavCost                                     - Instance: 0x04549FFC
ScriptStruct: NavigationOctreeObject                           - Instance: 0x0454ADB4
Info: Extra padding detected!
Info: Property size 0x39
Info: Min alignment 0x4
Info: Extra padding 0x3
ScriptStruct: CheckpointRecord                                 - Instance: 0x0454C480
ScriptStruct: KSphereElem                                      - Instance: 0x0454FD48
Info: Extra padding detected!
Info: Property size 0x48
Info: Min alignment 0x10
Info: Extra padding 0x8
ScriptStruct: KBoxElem                                         - Instance: 0x045501A0
ScriptStruct: KSphylElem                                       - Instance: 0x045508E8
Info: Extra padding detected!
Info: Property size 0x4C
Info: Min alignment 0x10
Info: Extra padding 0x4
ScriptStruct: KConvexVert                                      - Instance: 0x04550DD4
ScriptStruct: KConvexElem                                      - Instance: 0x04550FCC
ScriptStruct: KAggregateGeom                                   - Instance: 0x04551DC8
ScriptStruct: CornerPointInfo                                  - Instance: 0x045558E4
ScriptStruct: PolyReference                                    - Instance: 0x04555B78
ScriptStruct: EdgeReference                                    - Instance: 0x04555EA0
ScriptStruct: ObstaclePolyPylonPair                            - Instance: 0x0455612C
ScriptStruct: PathSizeInfo                                     - Instance: 0x04557454
Info: Extra padding detected!
Info: Property size 0x15
Info: Min alignment 0x4
Info: Extra padding 0x3
ScriptStruct: CombatGroups                                     - Instance: 0x0455BC10
ScriptStruct: AkAudioNotifyDefine                              - Instance: 0x04560A04
ScriptStruct: ExternalHookDataEntry                            - Instance: 0x04560D3C
ScriptStruct: AkFakePhysicsControl                             - Instance: 0x0456236C
ScriptStruct: AkCurvePoint                                     - Instance: 0x0456D01C
Info: Extra padding detected!
Info: Property size 0x9
Info: Min alignment 0x4
Info: Extra padding 0x3
ScriptStruct: AkCurveData                                      - Instance: 0x0456D2A8
ScriptStruct: AkDuckingInfo                                    - Instance: 0x0456D7C8
ScriptStruct: AkDialogueCallbackInfo                           - Instance: 0x0456DC08
ScriptStruct: AkDialogueAnimData                               - Instance: 0x04576FBC
ScriptStruct: AkDialogueResolvedData                           - Instance: 0x04577120
ScriptStruct: AkDialogueConversationItem                       - Instance: 0x0457B76C
ScriptStruct: AkDialogueConversationDynamicItem                - Instance: 0x0457BD4C
ScriptStruct: AkDialogueLineRandomItem                         - Instance: 0x04580D14
ScriptStruct: AkEmoteDefine                                    - Instance: 0x04585120
ScriptStruct: MixParameter                                     - Instance: 0x0458666C
ScriptStruct: Gearing                                          - Instance: 0x045876D0
ScriptStruct: InheritSetParam                                  - Instance: 0x04588150
ScriptStruct: WheelData                                        - Instance: 0x045891F0
ScriptStruct: SuspensionTrigger                                - Instance: 0x045893F0
ScriptStruct: ForceTrigger                                     - Instance: 0x04589728
ScriptStruct: NamedWheelForceTriggers                          - Instance: 0x04589A60
ScriptStruct: SocketAudio                                      - Instance: 0x04589FF8
ScriptStruct: ExtraSoundData                                   - Instance: 0x0458A330
ScriptStruct: FactSound                                        - Instance: 0x0458A668
ScriptStruct: ScalarParameterInterpStruct                      - Instance: 0x0459C7BC
ScriptStruct: SubtitleCue                                      - Instance: 0x0459C8F0
ScriptStruct: LocalizedSubtitle                                - Instance: 0x0459CAE0
ScriptStruct: LightMapRef                                      - Instance: 0x0459D44C
ScriptStruct: DominantShadowInfo                               - Instance: 0x0459D61C
Info: Extra padding detected!
Info: Property size 0xA4
Info: Min alignment 0x10
Info: Extra padding 0xC
ScriptStruct: LightmassLightSettings                           - Instance: 0x0459D9E0
ScriptStruct: LightmassPointLightSettings                      - Instance: 0x0459E00C
ScriptStruct: LightmassDirectionalLightSettings                - Instance: 0x0459E168
ScriptStruct: LightmassPrimitiveSettings                       - Instance: 0x0459E2C4
ScriptStruct: LightmassDebugOptions                            - Instance: 0x0459E964
ScriptStruct: SwarmDebugOptions                                - Instance: 0x0459F4D4
ScriptStruct: RootMotionCurve                                  - Instance: 0x0459F764
ScriptStruct: DepthBiasData                                    - Instance: 0x045CE8FC
ScriptStruct: ActiveMorph                                      - Instance: 0x045D071C
ScriptStruct: Attachment                                       - Instance: 0x045D0A54
ScriptStruct: SkelMeshComponentLODInfo                         - Instance: 0x045D0C54
ScriptStruct: BonePair                                         - Instance: 0x045DB01C
ScriptStruct: AnimBlendChild                                   - Instance: 0x045E922C
ScriptStruct: LinearDOFSetup                                   - Instance: 0x045EE5FC
ScriptStruct: WheelPropToUpdateAtSpeed                         - Instance: 0x045F3C94
ScriptStruct: VehicleState                                     - Instance: 0x045F447C
Info: Extra padding detected!
Info: Property size 0x4C
Info: Min alignment 0x10
Info: Extra padding 0x4
ScriptStruct: FakeRoadPlane                                    - Instance: 0x045F7628
ScriptStruct: VehicleFactList                                  - Instance: 0x045FF788
ScriptStruct: SortedNamedEvent                                 - Instance: 0x045FF988
ScriptStruct: InternalWheelData                                - Instance: 0x045FFCC0
ScriptStruct: VehSocketAudio                                   - Instance: 0x045FFEC0
ScriptStruct: EngineDebug                                      - Instance: 0x046003C0
ScriptStruct: VehicleCurve                                     - Instance: 0x0460078C
ScriptStruct: RightFootModel                                   - Instance: 0x046021B8
Info: Extra padding detected!
Info: Property size 0x5
Info: Min alignment 0x4
Info: Extra padding 0x3
ScriptStruct: EngineParameters                                 - Instance: 0x046023B0
ScriptStruct: EffectorSignal                                   - Instance: 0x04611FFC
ScriptStruct: FGelLayer                                        - Instance: 0x046123B8
ScriptStruct: DelegateArray                                    - Instance: 0x04616A34
ScriptStruct: PlatformInterfaceData                            - Instance: 0x04616AFC
ScriptStruct: PlatformInterfaceDelegateResult                  - Instance: 0x04616F4C
ScriptStruct: EventStringParam                                 - Instance: 0x0461876C
ScriptStruct: AnimLink                                         - Instance: 0x0461A238
ScriptStruct: AnimReferenceCopy                                - Instance: 0x04623CD8
Info: Extra padding detected!
Info: Property size 0x15
Info: Min alignment 0x4
Info: Extra padding 0x3
ScriptStruct: AnimReferenceOptions                             - Instance: 0x04623ED8
ScriptStruct: AnimReferencePeriodsAdvanced                     - Instance: 0x04624590
ScriptStruct: AnimReferencePeriods                             - Instance: 0x04619E8C
ScriptStruct: CompressedTrack                                  - Instance: 0x0461A104
ScriptStruct: AutomaticTransitionLayer1Description             - Instance: 0x0461AF54
ScriptStruct: AutomaticTransitionLayer2Description             - Instance: 0x0461A6B0
ScriptStruct: AutomaticTransitionLayer2                        - Instance: 0x0461ACC0
ScriptStruct: AutomaticTransitionLayer1                        - Instance: 0x0461A5E8
ScriptStruct: AnimZipErrorBounds                               - Instance: 0x0461BF5C
ScriptStruct: AnimZipTrackSettings                             - Instance: 0x0461C1E0
ScriptStruct: AnimZipNamedTrackSettings                        - Instance: 0x0461BC24
ScriptStruct: AnimNotifyEvent                                  - Instance: 0x0461DB48
ScriptStruct: RawAnimSequenceTrack                             - Instance: 0x0461DD48
ScriptStruct: CurveTrack                                       - Instance: 0x0461E2E8
ScriptStruct: AnimCachedDialogue                               - Instance: 0x0461E750
ScriptStruct: AnimLinearMotion                                 - Instance: 0x0461F96C
ScriptStruct: AutoTriggeredDialogueStruct                      - Instance: 0x04620098
ScriptStruct: AnimCollisionOptions                             - Instance: 0x0462044C
ScriptStruct: AnimCollisionPeriods                             - Instance: 0x046205B0
ScriptStruct: TimeModifier                                     - Instance: 0x04622BA4
ScriptStruct: SkelControlModifier                              - Instance: 0x046227E0
ScriptStruct: TranslationTrack                                 - Instance: 0x04622F60
ScriptStruct: RotationTrack                                    - Instance: 0x04623290
ScriptStruct: CurveKey                                         - Instance: 0x0462AA20
ScriptStruct: AimTransform                                     - Instance: 0x0462D144
Info: Extra padding detected!
Info: Property size 0x1C
Info: Min alignment 0x10
Info: Extra padding 0x4
ScriptStruct: AimComponent                                     - Instance: 0x0462D344
ScriptStruct: AimOffsetProfile                                 - Instance: 0x0462DE20
ScriptStruct: ChildBoneBlendInfo                               - Instance: 0x04630EDC
ScriptStruct: RandomAnimInfo                                   - Instance: 0x046372D8
ScriptStruct: AnimInfo                                         - Instance: 0x04637D54
ScriptStruct: AnimBlendInfo                                    - Instance: 0x04637C8C
ScriptStruct: SynchGroup                                       - Instance: 0x0463AC74
ScriptStruct: NotifierInfo                                     - Instance: 0x0463BC70
ScriptStruct: TrailSocketSamplePoint                           - Instance: 0x0463F288
ScriptStruct: TrailSamplePoint                                 - Instance: 0x0463E5C0
ScriptStruct: TrailSample                                      - Instance: 0x0463E7C0
ScriptStruct: AnimSetMeshLinkup                                - Instance: 0x046406A0
ScriptStruct: AnimSetPreviewAttachment                         - Instance: 0x04640C40
ScriptStruct: AnimSetPreviewPartner                            - Instance: 0x04640E40
ScriptStruct: AnimSetPreviewWeapon                             - Instance: 0x046413C0
ScriptStruct: AnimGroup                                        - Instance: 0x04642EF0
ScriptStruct: SkelControlListHead                              - Instance: 0x046435B8
ScriptStruct: PreviewSkelMeshStruct                            - Instance: 0x04643B60
ScriptStruct: PreviewSocketStruct                              - Instance: 0x04643D60
ScriptStruct: PreviewAnimSetsStruct                            - Instance: 0x04643F60
ScriptStruct: ClothingLodInfo                                  - Instance: 0x04648A94
ScriptStruct: RailingBlockerPair                               - Instance: 0x04649EF0
ScriptStruct: CookedBuffer                                     - Instance: 0x0464D8D8
ScriptStruct: DestructibleCrumbleParameters                    - Instance: 0x0464DAD8
ScriptStruct: NxDestructibleDamageParameters                   - Instance: 0x046502A8
ScriptStruct: NxDestructibleDebrisParameters                   - Instance: 0x04650654
ScriptStruct: NxDestructibleAdvancedParameters                 - Instance: 0x04650A08
ScriptStruct: NxDestructibleParametersFlag                     - Instance: 0x0464FC88
ScriptStruct: NxDestructibleDepthParameters                    - Instance: 0x0464F664
Info: Extra padding detected!
Info: Property size 0x5
Info: Min alignment 0x4
Info: Extra padding 0x3
ScriptStruct: NxDestructibleParameters                         - Instance: 0x0464DF9C
ScriptStruct: DamageParameters                                 - Instance: 0x04652958
ScriptStruct: DamagePair                                       - Instance: 0x04652890
ScriptStruct: NotificationMessageInfo                          - Instance: 0x0465B298
ScriptStruct: NotificationInfo                                 - Instance: 0x0465B488
ScriptStruct: LaunchNotificationInfo                           - Instance: 0x0465B848
ScriptStruct: AudioComponentParam                              - Instance: 0x0465CB10
ScriptStruct: Listener                                         - Instance: 0x046600A8
ScriptStruct: KCachedConvexDataElement                         - Instance: 0x04662458
ScriptStruct: KCachedConvexData                                - Instance: 0x04662258
ScriptStruct: GeomSelection                                    - Instance: 0x04662A64
ScriptStruct: FOscillator                                      - Instance: 0x0466A954
Info: Extra padding detected!
Info: Property size 0x9
Info: Min alignment 0x4
Info: Extra padding 0x3
ScriptStruct: VOscillator                                      - Instance: 0x0466AAB0
ScriptStruct: ROscillator                                      - Instance: 0x0466AF18
ScriptStruct: CameraShakeInstance                              - Instance: 0x0466BC2C
ScriptStruct: CanvasIcon                                       - Instance: 0x0466E04C
ScriptStruct: FontImportOptionsData                            - Instance: 0x0466E21C
ScriptStruct: FontCharacter                                    - Instance: 0x0466F584
ScriptStruct: TextureGroupContainer                            - Instance: 0x0467117C
ScriptStruct: Texture2DMipMap                                  - Instance: 0x04674284
ScriptStruct: TextureLinkedListMirror                          - Instance: 0x046748A0
ScriptStruct: DepthFieldGlowInfo                               - Instance: 0x04676ADC
ScriptStruct: MobileDistanceFieldParams                        - Instance: 0x04676E10
ScriptStruct: FontRenderInfo                                   - Instance: 0x04677428
ScriptStruct: CanvasUVTri                                      - Instance: 0x046776BC
ScriptStruct: TextSizingParameters                             - Instance: 0x0467836C
ScriptStruct: WrappedStringElement                             - Instance: 0x046788EC
ScriptStruct: UIRangeData                                      - Instance: 0x046915C4
ScriptStruct: TextureCoordinates                               - Instance: 0x04691974
ScriptStruct: InputKeyAction                                   - Instance: 0x04691DD0
ScriptStruct: InputEventParameters                             - Instance: 0x04692238
ScriptStruct: SubscribedInputEventParameters                   - Instance: 0x04692848
ScriptStruct: UIAxisEmulationDefinition                        - Instance: 0x046929A4
ScriptStruct: RawInputKeyEventData                             - Instance: 0x04692CC0
Info: Extra padding detected!
Info: Property size 0x9
Info: Min alignment 0x4
Info: Extra padding 0x3
ScriptStruct: AutoCompleteCommand                              - Instance: 0x04695350
ScriptStruct: AutoCompleteNode                                 - Instance: 0x04695788
ScriptStruct: CovPosInfo                                       - Instance: 0x0469B50C
ScriptStruct: FireLink                                         - Instance: 0x0469DA34
ScriptStruct: SlotMoveRef                                      - Instance: 0x0469E130
ScriptStruct: CoverInfo                                        - Instance: 0x0469D0D8
ScriptStruct: CoverSlot                                        - Instance: 0x0469B778
ScriptStruct: DynamicLinkInfo                                  - Instance: 0x0469B978
ScriptStruct: CoverReference                                   - Instance: 0x0469CF7C
ScriptStruct: FireLinkItem                                     - Instance: 0x0469D6FC
ScriptStruct: ExposedLink                                      - Instance: 0x0469DF30
Info: Extra padding detected!
Info: Property size 0x1D
Info: Min alignment 0x4
Info: Extra padding 0x3
ScriptStruct: PaintedVertex                                    - Instance: 0x046A4F14
ScriptStruct: StaticMeshComponentLODInfo                       - Instance: 0x046A4724
ScriptStruct: CoverMeshes                                      - Instance: 0x046A6C1C
ScriptStruct: CullDistanceSizePair                             - Instance: 0x046A7910
ScriptStruct: PresetGeneratedPoint                             - Instance: 0x046A7F80
Info: Extra padding detected!
Info: Property size 0x15
Info: Min alignment 0x4
Info: Extra padding 0x3
ScriptStruct: PlayerDataStoreGroup                             - Instance: 0x046A9698
ScriptStruct: KeyBind                                          - Instance: 0x046B4AB8
ScriptStruct: TouchTracker                                     - Instance: 0x046B52C8
ScriptStruct: DecalReceiver                                    - Instance: 0x046BAD98
ScriptStruct: ActiveDecalInfo                                  - Instance: 0x046BDCC0
ScriptStruct: LightmassMaterialInterfaceSettings               - Instance: 0x046C0894
ScriptStruct: MaterialInput                                    - Instance: 0x046C3A30
ScriptStruct: MaterialFunctionInfo                             - Instance: 0x046C43DC
ScriptStruct: ColorMaterialInput                               - Instance: 0x046C4714
ScriptStruct: ScalarMaterialInput                              - Instance: 0x046C4910
ScriptStruct: VectorMaterialInput                              - Instance: 0x046C4B04
ScriptStruct: Vector2MaterialInput                             - Instance: 0x046C4D00
ScriptStruct: CheckpointRecord                                 - Instance: 0x046CC00C
ScriptStruct: CheckpointRecord                                 - Instance: 0x046DA148
ScriptStruct: ViewParticleEmitterInstanceMotionBlurInfo        - Instance: 0x046E1224
ScriptStruct: ParticleSysParam                                 - Instance: 0x046E12EC
ScriptStruct: ParticleEventData                                - Instance: 0x046E1A8C
ScriptStruct: ParticleEventSpawnData                           - Instance: 0x046E1EE4
ScriptStruct: ParticleEventDeathData                           - Instance: 0x046E1FAC
ScriptStruct: ParticleEventCollideData                         - Instance: 0x046E2108
ScriptStruct: ParticleSystemLOD                                - Instance: 0x046E28C8
ScriptStruct: LODSoloTrack                                     - Instance: 0x046E2AC8
ScriptStruct: ParticleEventKismetData                          - Instance: 0x046E6468
ScriptStruct: ParticleEventAttractorCollideData                - Instance: 0x046E6668
ScriptStruct: ParticleEmitterInstance                          - Instance: 0x046E8F04
ScriptStruct: ParticleEmitterInstanceMotionBlurInfo            - Instance: 0x046E8FCC
ScriptStruct: CheckpointRecord                                 - Instance: 0x046F0184
ScriptStruct: EmitterBaseInfo                                  - Instance: 0x046F46F4
ScriptStruct: StatColorMapEntry                                - Instance: 0x04702E7C
ScriptStruct: StatColorMapping                                 - Instance: 0x046F7F8C
ScriptStruct: DropNoteInfo                                     - Instance: 0x046F8358
ScriptStruct: KismetLevelUpdatePriority                        - Instance: 0x046F8688
ScriptStruct: PrimitiveMaterialRef                             - Instance: 0x04708418
ScriptStruct: PostProcessMaterialRef                           - Instance: 0x04708610
ScriptStruct: MaterialReferenceList                            - Instance: 0x04708774
ScriptStruct: VelocityObstacleStat                             - Instance: 0x04708B48
ScriptStruct: FacebookFriend                                   - Instance: 0x0470ABB0
ScriptStruct: CheckpointRecord                                 - Instance: 0x0470CE98
ScriptStruct: FlexSimBuffer                                    - Instance: 0x04710D4C
ScriptStruct: CheckpointRecord                                 - Instance: 0x0471AA6C
ScriptStruct: FragmentGroup                                    - Instance: 0x04722338
ScriptStruct: NavMeshPathGoalEvaluatorCacheDatum               - Instance: 0x04724410
ScriptStruct: NetViewer                                        - Instance: 0x047246A4
ScriptStruct: PIESettings                                      - Instance: 0x0472512C
ScriptStruct: CompartmentRunList                               - Instance: 0x0472532C
ScriptStruct: ScreenMessageString                              - Instance: 0x04725664
ScriptStruct: HostMigrationState                               - Instance: 0x04725D88
ScriptStruct: LightmassWorldInfoSettings                       - Instance: 0x04726034
ScriptStruct: PhysXEmitterVerticalProperties                   - Instance: 0x0473089C
ScriptStruct: PhysXVerticalProperties                          - Instance: 0x04726FA0
ScriptStruct: ApexModuleDestructibleSettings                   - Instance: 0x04727104
ScriptStruct: PhysXSimulationProperties                        - Instance: 0x04731068
ScriptStruct: PhysXSceneProperties                             - Instance: 0x047274B8
ScriptStruct: WorldFractureSettings                            - Instance: 0x04728560
ScriptStruct: NavMeshPathConstraintCacheDatum                  - Instance: 0x04729704
ScriptStruct: DeferredPartToSpawn                              - Instance: 0x047354F0
ScriptStruct: BreakOffPartsData                                - Instance: 0x04736EB8
ScriptStruct: CheckpointRecord                                 - Instance: 0x04737904
ScriptStruct: LevelStreamingStatus                             - Instance: 0x04745180
ScriptStruct: FullyLoadedPackagesInfo                          - Instance: 0x04745BF8
ScriptStruct: NamedNetDriver                                   - Instance: 0x04745DF8
ScriptStruct: AnimTag                                          - Instance: 0x04745FF8
ScriptStruct: URL                                              - Instance: 0x047460C0
ScriptStruct: GameClassShortName                               - Instance: 0x04748A1C
ScriptStruct: GameTypePrefix                                   - Instance: 0x04748C1C
ScriptStruct: RMap3DRenderingData                              - Instance: 0x04748E1C
Info: Extra padding detected!
Info: Property size 0x5C
Info: Min alignment 0x10
Info: Extra padding 0x4
ScriptStruct: PlayerInformation                                - Instance: 0x04767F68
ScriptStruct: TeamInformation                                  - Instance: 0x04768168
ScriptStruct: GameStatGroup                                    - Instance: 0x04768E90
ScriptStruct: GameplayEventMetaData                            - Instance: 0x04768368
ScriptStruct: WeaponClassEventData                             - Instance: 0x04768568
ScriptStruct: DamageClassEventData                             - Instance: 0x04768768
ScriptStruct: ProjectileClassEventData                         - Instance: 0x04768968
ScriptStruct: PawnClassEventData                               - Instance: 0x04768B68
ScriptStruct: GameplayEventsHeader                             - Instance: 0x04769088
ScriptStruct: GameSessionInformation                           - Instance: 0x04769684
ScriptStruct: TeamState                                        - Instance: 0x0477BC6C
ScriptStruct: PlayerState                                      - Instance: 0x0477C324
ScriptStruct: AggregateEventMapping                            - Instance: 0x0477C8FC
ScriptStruct: GameEvents                                       - Instance: 0x0477D1BC
ScriptStruct: EventsBase                                       - Instance: 0x0477D0F4
ScriptStruct: WeaponEvents                                     - Instance: 0x0477D02C
ScriptStruct: DamageEvents                                     - Instance: 0x0477D684
ScriptStruct: ProjectileEvents                                 - Instance: 0x0477D5BC
ScriptStruct: PawnEvents                                       - Instance: 0x0477E2A4
ScriptStruct: TeamEvents                                       - Instance: 0x0477CD64
ScriptStruct: PlayerEvents                                     - Instance: 0x0477CF64
ScriptStruct: GameEvent                                        - Instance: 0x0477D3BC
ScriptStruct: TitleSafeZoneArea                                - Instance: 0x04781D94
ScriptStruct: PerPlayerSplitscreenData                         - Instance: 0x047842A0
ScriptStruct: SplitscreenData                                  - Instance: 0x047820CC
ScriptStruct: DebugDisplayProperty                             - Instance: 0x047822CC
ScriptStruct: ShowFlags_Mirror                                 - Instance: 0x04782C24
ScriptStruct: ExportShowFlags_Mirror                           - Instance: 0x04782B5C
ScriptStruct: ActorToLookAt                                    - Instance: 0x0479050C
ScriptStruct: IniLocFileEntry                                  - Instance: 0x04793DF0
Info: Extra padding detected!
Info: Property size 0x35
Info: Min alignment 0x4
Info: Extra padding 0x3
ScriptStruct: InstancedStaticMeshInstanceData                  - Instance: 0x04799928
ScriptStruct: InstancedStaticMeshMappingInfo                   - Instance: 0x04799C60
ScriptStruct: CurveEdEntry                                     - Instance: 0x0479E67C
ScriptStruct: CurveEdTab                                       - Instance: 0x0479E5B4
ScriptStruct: AnimSetBakeAndPruneStatus                        - Instance: 0x0479F6AC
ScriptStruct: InterpEdSelKey                                   - Instance: 0x047A140C
ScriptStruct: CameraPreviewInfo                                - Instance: 0x047A1D2C
ScriptStruct: SubTrackGroup                                    - Instance: 0x047A297C
ScriptStruct: SupportedSubTrackInfo                            - Instance: 0x047A2B7C
ScriptStruct: RandomGenerator                                  - Instance: 0x047A3A70
ScriptStruct: AnimControlTrackKey                              - Instance: 0x047A44A8
ScriptStruct: RandomGeneratorVector                            - Instance: 0x047A4EDC
ScriptStruct: BoolTrackKey                                     - Instance: 0x047A590C
ScriptStruct: DirectorTrackCut                                 - Instance: 0x047A5D60
ScriptStruct: EventTrackKey                                    - Instance: 0x047A6C34
ScriptStruct: FaceFXTrackKey                                   - Instance: 0x047A72F4
ScriptStruct: FaceFXSoundCueKey                                - Instance: 0x047A74F4
ScriptStruct: HeadTrackingKey                                  - Instance: 0x047A8170
Info: Extra padding detected!
Info: Property size 0x5
Info: Min alignment 0x4
Info: Extra padding 0x3
ScriptStruct: FloatMaterialParamMICData                        - Instance: 0x047A9554
ScriptStruct: FloatMaterialParamPrimitiveData                  - Instance: 0x047A9754
ScriptStruct: ToggleTrackKey                                   - Instance: 0x047AAB54
Info: Extra padding detected!
Info: Property size 0x5
Info: Min alignment 0x4
Info: Extra padding 0x3
ScriptStruct: VectorMaterialParamMICData                       - Instance: 0x047AB3B0
ScriptStruct: VectorMaterialParamPrimitiveData                 - Instance: 0x047AB5B0
ScriptStruct: VisibilityTrackKey                               - Instance: 0x047ABDFC
Info: Extra padding detected!
Info: Property size 0x6
Info: Min alignment 0x4
Info: Extra padding 0x2
ScriptStruct: RandomGeneratorMove                              - Instance: 0x047AC714
ScriptStruct: InterpLookupPoint                                - Instance: 0x047AD270
ScriptStruct: InterpLookupTrack                                - Instance: 0x047AC9EC
ScriptStruct: ParticleReplayTrackKey                           - Instance: 0x047AE2F8
ScriptStruct: SoundTrackKey                                    - Instance: 0x047AEB64
ScriptStruct: LandscapeLayerStruct                             - Instance: 0x047C1AE0
ScriptStruct: LandscapeWeightmapUsage                          - Instance: 0x047C2668
ScriptStruct: LandscapeLayerInfo                               - Instance: 0x047C2DC8
ScriptStruct: WeightmapLayerAllocationInfo                     - Instance: 0x047C34EC
Info: Extra padding detected!
Info: Property size 0xA
Info: Min alignment 0x4
Info: Extra padding 0x2
ScriptStruct: GizmoSelectData                                  - Instance: 0x047C5194
ScriptStruct: LandscapeAddCollision                            - Instance: 0x047C6EC4
ScriptStruct: FontParameterValue                               - Instance: 0x047C901C
ScriptStruct: ScalarParameterValue                             - Instance: 0x047C921C
ScriptStruct: TextureParameterValue                            - Instance: 0x047C941C
ScriptStruct: VectorParameterValue                             - Instance: 0x047C961C
ScriptStruct: LensFlareElement                                 - Instance: 0x047CB728
ScriptStruct: LensFlareElementCurvePair                        - Instance: 0x047CB7F0
ScriptStruct: LensFlareElementMaterials                        - Instance: 0x047CDE60
ScriptStruct: LensFlareElementInstance                         - Instance: 0x047CEB08
ScriptStruct: LevelGridCellCoordinate                          - Instance: 0x047D0C40
ScriptStruct: CheckpointRecord                                 - Instance: 0x047D3148
ScriptStruct: PostProcessSettingsOverride                      - Instance: 0x047D512C
ScriptStruct: CurrentPostProcessVolumeInfo                     - Instance: 0x047D5748
ScriptStruct: SynchronizedActorVisibilityHistory               - Instance: 0x047D59E4
ScriptStruct: CountryCodeMap                                   - Instance: 0x047DB31C
Info: Extra padding detected!
Info: Property size 0x35
Info: Min alignment 0x4
Info: Extra padding 0x3
ScriptStruct: ExpressionOutput                                 - Instance: 0x047DCB70
ScriptStruct: ExpressionInput                                  - Instance: 0x047DCC38
ScriptStruct: CustomInput                                      - Instance: 0x047E1CFC
ScriptStruct: WeightInput                                      - Instance: 0x047E228C
ScriptStruct: LayerBlendInput                                  - Instance: 0x047E5E78
ScriptStruct: FunctionExpressionInput                          - Instance: 0x047E73B0
ScriptStruct: FunctionExpressionOutput                         - Instance: 0x047E75B0
ScriptStruct: ParameterValueOverTime                           - Instance: 0x047EF598
ScriptStruct: FontParameterValueOverTime                       - Instance: 0x047EFCE4
ScriptStruct: ScalarParameterValueOverTime                     - Instance: 0x047EFEE4
ScriptStruct: TextureParameterValueOverTime                    - Instance: 0x047F00E4
ScriptStruct: VectorParameterValueOverTime                     - Instance: 0x047F02E4
ScriptStruct: LinearColorParameterValueOverTime                - Instance: 0x047F04E4
ScriptStruct: PurchaseInfo                                     - Instance: 0x047F52F0
ScriptStruct: MorphNodeConn                                    - Instance: 0x047F7314
ScriptStruct: BoneAngleMorph                                   - Instance: 0x047F7960
ScriptStruct: PolySegmentSpan                                  - Instance: 0x047FD470
ScriptStruct: NavMeshPathParams                                - Instance: 0x047FDA9C
ScriptStruct: EdgePointer                                      - Instance: 0x047FE708
ScriptStruct: PathStore                                        - Instance: 0x047FE298
ScriptStruct: BiasedGoalActor                                  - Instance: 0x04806258
ScriptStruct: CheckpointRecord                                 - Instance: 0x0480C864
ScriptStruct: MMStats_Timer                                    - Instance: 0x0483A5D0
ScriptStruct: OnlineProfileSetting                             - Instance: 0x048554A8
ScriptStruct: RecentParty                                      - Instance: 0x0485BC78
ScriptStruct: CurrentPlayerMet                                 - Instance: 0x0485BE78
ScriptStruct: OnlineStatsColumn                                - Instance: 0x048644DC
ScriptStruct: OnlineStatsRow                                   - Instance: 0x04864214
ScriptStruct: ColumnMetaData                                   - Instance: 0x04864414
ScriptStruct: ParticleBurst                                    - Instance: 0x04871C44
ScriptStruct: ParticleCurvePair                                - Instance: 0x04873BE4
ScriptStruct: ParticleRandomSeedInfo                           - Instance: 0x04873EB4
ScriptStruct: ExplicitGeomMap                                  - Instance: 0x04874830
ScriptStruct: AttractLocationBoneSocketInfo                    - Instance: 0x048751C4
ScriptStruct: BeamModifierOptions                              - Instance: 0x04878090
ScriptStruct: ParticleAttractorCollisionAction                 - Instance: 0x0487AB74
ScriptStruct: ParticleEvent_GenerateInfo                       - Instance: 0x0487CCDC
ScriptStruct: LocationBoneSocketInfo                           - Instance: 0x048813F4
ScriptStruct: OrbitOptions                                     - Instance: 0x04885718
ScriptStruct: EmitterDynamicParameter                          - Instance: 0x048861AC
ScriptStruct: ApexLODAsset                                     - Instance: 0x0488CC2C
ScriptStruct: BeamTargetData                                   - Instance: 0x0488EA08
ScriptStruct: PhysXEmitterVerticalLodProperties                - Instance: 0x0488F8AC
ScriptStruct: ParticleEmitterReplayFrame                       - Instance: 0x048946E4
ScriptStruct: ParticleSystemReplayFrame                        - Instance: 0x0489461C
ScriptStruct: PBRuleLink                                       - Instance: 0x048991D8
ScriptStruct: VehicleRaycastHitData                            - Instance: 0x0489A0DC
ScriptStruct: CheckpointRecord                                 - Instance: 0x048B12FC
ScriptStruct: ActivateOp                                       - Instance: 0x048B81DC
ScriptStruct: QueuedActivationInfo                             - Instance: 0x048B8514
ScriptStruct: SequenceSortKey                                  - Instance: 0x048B8678
ScriptStruct: PBFaceUVInfo                                     - Instance: 0x048B9FD0
ScriptStruct: PBMeshCompInfo                                   - Instance: 0x048BA1D0
ScriptStruct: PBFracMeshCompInfo                               - Instance: 0x048BA3D0
ScriptStruct: PBScope2D                                        - Instance: 0x048BA840
Info: Extra padding detected!
Info: Property size 0x48
Info: Min alignment 0x10
Info: Extra padding 0x8
ScriptStruct: PBScopeProcessInfo                               - Instance: 0x048BAA40
ScriptStruct: PBEdgeInfo                                       - Instance: 0x048BB448
ScriptStruct: PBMaterialParam                                  - Instance: 0x048BB780
ScriptStruct: PBMemUsageInfo                                   - Instance: 0x048BD210
ScriptStruct: PBVariationInfo                                  - Instance: 0x048BE7D0
ScriptStruct: PBParamSwatch                                    - Instance: 0x048BE9D0
ScriptStruct: AimingPartConfig                                 - Instance: 0x048C515C
ScriptStruct: FHeightMapVolumeInfo                             - Instance: 0x048C6FC0
ScriptStruct: RockRainVolumeSettings                           - Instance: 0x048CA020
ScriptStruct: RockRainSettings                                 - Instance: 0x048CA184
ScriptStruct: AnimSetRefSkeletonBone                           - Instance: 0x048CE544
ScriptStruct: RockDustSettings                                 - Instance: 0x048DF36C
ScriptStruct: ThickFearGasSettings                             - Instance: 0x048DFEE8
ScriptStruct: RFlapsParticleReference                          - Instance: 0x048E7668
ScriptStruct: RFlapsParticleSetup                              - Instance: 0x048E7990
ScriptStruct: RBlendBoneData                                   - Instance: 0x048E8FC4
ScriptStruct: RFlapsBodyMapEntry                               - Instance: 0x048EC2B0
ScriptStruct: RWriteBackParticleData                           - Instance: 0x048ECAF8
ScriptStruct: RWriteBackMapEntry                               - Instance: 0x048EC4B0
Info: Extra padding detected!
Info: Property size 0x41
Info: Min alignment 0x4
Info: Extra padding 0x3
ScriptStruct: RFlapsParticleInstanceRenderData                 - Instance: 0x048ED9C4
ScriptStruct: RFlapsInstanceRenderData                         - Instance: 0x048EC7E0
Info: Extra padding detected!
Info: Property size 0x64
Info: Min alignment 0x10
Info: Extra padding 0xC
ScriptStruct: RAnimConstraintDataEntry                         - Instance: 0x048ECF50
ScriptStruct: RAnimBlendConstraintBoneFrameDataEntry           - Instance: 0x048ED278
ScriptStruct: RAnimBlendConstraintDataEntry                    - Instance: 0x048ED570
ScriptStruct: RCollisionConstraintDataEntry                    - Instance: 0x048ED7D4
ScriptStruct: DialogueTrackKey                                 - Instance: 0x048F09E0
ScriptStruct: EvidenceKeypointTrackKey                         - Instance: 0x048F0F74
ScriptStruct: RumbleTrackKey                                   - Instance: 0x048F1C40
Info: Extra padding detected!
Info: Property size 0x15
Info: Min alignment 0x4
Info: Extra padding 0x3
ScriptStruct: RLedgeInfo                                       - Instance: 0x048F2598
ScriptStruct: REmitterPool                                     - Instance: 0x048F4CF0
ScriptStruct: RAdvancedDamageInstance                          - Instance: 0x048F50AC
ScriptStruct: RDecalPool                                       - Instance: 0x048F5210
ScriptStruct: RockOceanSettings                                - Instance: 0x048FA6A8
ScriptStruct: RockOceanAsyncResults                            - Instance: 0x048FA80C
ScriptStruct: FOceanVolumeInfo                                 - Instance: 0x048FD624
ScriptStruct: FOceanBlockInfo                                  - Instance: 0x04901428
Info: Extra padding detected!
Info: Property size 0xEC
Info: Min alignment 0x10
Info: Extra padding 0x4
ScriptStruct: FReflectionBoxInfo                               - Instance: 0x04905BD0
Info: Extra padding detected!
Info: Property size 0x114
Info: Min alignment 0x10
Info: Extra padding 0xC
ScriptStruct: FMapHighlightInfo                                - Instance: 0x04907C44
Info: Extra padding detected!
Info: Property size 0xED
Info: Min alignment 0x10
Info: Extra padding 0x3
ScriptStruct: ParticleDecalData                                - Instance: 0x0490DD00
ScriptStruct: MParticleEmitterEconomicalReplayFrame            - Instance: 0x0490FA48
ScriptStruct: MParticleEmitterEconomicalReplaySnapshotFrame    - Instance: 0x0491041C
ScriptStruct: MParticleEmitterEconomicalReplay                 - Instance: 0x0490F5BC
ScriptStruct: MParticleEmitterEconomicalReplayData             - Instance: 0x0490F7B4
ScriptStruct: ImpactEffectInfo                                 - Instance: 0x04911010
ScriptStruct: MaterialFootstepInfo                             - Instance: 0x049110D8
ScriptStruct: AdvancedImpactDecalData                          - Instance: 0x04911DE4
ScriptStruct: AdvancedImpactDamageStateEntryInfo               - Instance: 0x04912108
ScriptStruct: AdvancedImpactDamageStateInfo                    - Instance: 0x049123A4
ScriptStruct: AdvancedImpactEffectInfo                         - Instance: 0x04911718
ScriptStruct: RockPollenSettings                               - Instance: 0x04916600
ScriptStruct: RockPyroFearGasSettings                          - Instance: 0x04919AC8
ScriptStruct: RockPyroFearGasAsyncResults                      - Instance: 0x04919C2C
ScriptStruct: FPyroFearGasVolumeInfo                           - Instance: 0x0491B0F0
ScriptStruct: FRainBlockInfo                                   - Instance: 0x0491DEC0
Info: Extra padding detected!
Info: Property size 0xEC
Info: Min alignment 0x10
Info: Extra padding 0x4
ScriptStruct: BoneDistanceConfig                               - Instance: 0x0491ED3C
ScriptStruct: BoneRotationConfig                               - Instance: 0x0491EF3C
ScriptStruct: BoneDistanceInstance_Constants                   - Instance: 0x04920370
ScriptStruct: BoneDistanceInstance                             - Instance: 0x0491FEA8
ScriptStruct: BoneRotationInstance_Constants                   - Instance: 0x04920CF8
ScriptStruct: BoneRotationInstance                             - Instance: 0x049200A8
ScriptStruct: DrivenMaterialParameter                          - Instance: 0x049202A8
ScriptStruct: RockSnowVolumeSettings                           - Instance: 0x04921868
ScriptStruct: RockSnowSettings                                 - Instance: 0x049219CC
ScriptStruct: RSMAD_LightAndSocketName                         - Instance: 0x049240FC
ScriptStruct: RSMAD_ParticleSystemAndSocketName                - Instance: 0x049244C8
ScriptStruct: RSMAD_AkAndSocketName                            - Instance: 0x049246C0
ScriptStruct: CameraCutInfo                                    - Instance: 0x04932794
ScriptStruct: CameraCutInfoNV                                  - Instance: 0x04932994
ScriptStruct: SavedTransform                                   - Instance: 0x04935A60
ScriptStruct: LevelStreamingNameCombo                          - Instance: 0x04939014
ScriptStruct: WorldAttractorData                               - Instance: 0x0493EF98
ScriptStruct: SwitchClassInfo                                  - Instance: 0x049452BC
Info: Extra padding detected!
Info: Property size 0x9
Info: Min alignment 0x4
Info: Extra padding 0x3
ScriptStruct: SwitchObjectCase                                 - Instance: 0x04945B50
ScriptStruct: SoftBodyTetraLink                                - Instance: 0x049569A8
ScriptStruct: SkeletalMeshOptimizationSettings                 - Instance: 0x04956ADC
ScriptStruct: BoneBounds                                       - Instance: 0x04956E8C
ScriptStruct: ApexClothingLodInfo                              - Instance: 0x0495ED2C
ScriptStruct: ApexClothingAssetInfo                            - Instance: 0x0495742C
ScriptStruct: BoneMirrorInfo                                   - Instance: 0x049579C4
Info: Extra padding detected!
Info: Property size 0x5
Info: Min alignment 0x4
Info: Extra padding 0x3
ScriptStruct: BoneMirrorExport                                 - Instance: 0x04958094
Info: Extra padding detected!
Info: Property size 0x11
Info: Min alignment 0x4
Info: Extra padding 0x3
ScriptStruct: TriangleSortSettings                             - Instance: 0x0495F3E4
ScriptStruct: SkeletalMeshLODInfo                              - Instance: 0x04958294
ScriptStruct: ClothSpecialBoneInfo                             - Instance: 0x0495941C
ScriptStruct: SoftBodySpecialBoneInfo                          - Instance: 0x0495A0EC
ScriptStruct: SkelMeshActorControlTarget                       - Instance: 0x0496100C
ScriptStruct: CheckpointRecord                                 - Instance: 0x04961760
ScriptStruct: SoundClassEditorData                             - Instance: 0x0496D89C
ScriptStruct: SoundClassProperties                             - Instance: 0x0496DA8C
ScriptStruct: SoundNodeEditorData                              - Instance: 0x0496E5F4
ScriptStruct: SoundClassAdjuster                               - Instance: 0x0496EF08
ScriptStruct: AudioEQEffect                                    - Instance: 0x0496EFD0
ScriptStruct: RecognisableWord                                 - Instance: 0x04972588
ScriptStruct: RecogVocabulary                                  - Instance: 0x04972118
ScriptStruct: RecogUserData                                    - Instance: 0x04972EB8
ScriptStruct: SpeedTreeStaticLight                             - Instance: 0x04973DBC
ScriptStruct: SplineConnection                                 - Instance: 0x0497623C
ScriptStruct: SplineMeshParams                                 - Instance: 0x0497A6F8
ScriptStruct: CheckpointRecord                                 - Instance: 0x0497C884
ScriptStruct: TerrainHeight                                    - Instance: 0x04982418
ScriptStruct: TerrainInfoData                                  - Instance: 0x04982618
ScriptStruct: TerrainLayer                                     - Instance: 0x04982818
ScriptStruct: TerrainDecorationInstance                        - Instance: 0x04983A64
ScriptStruct: TerrainDecoration                                - Instance: 0x04983E18
ScriptStruct: TerrainDecoLayer                                 - Instance: 0x04982A18
ScriptStruct: AlphaMap                                         - Instance: 0x04982C18
ScriptStruct: TerrainWeightedMaterial                          - Instance: 0x04982F50
ScriptStruct: SelectedTerrainVertex                            - Instance: 0x04983288
ScriptStruct: TerrainMaterialResource                          - Instance: 0x049845F8
ScriptStruct: CachedTerrainMaterialArray                       - Instance: 0x04985890
ScriptStruct: TerrainPatchBounds                               - Instance: 0x049866B0
ScriptStruct: TerrainMaterialMask                              - Instance: 0x049868B0
ScriptStruct: TerrainBVTree                                    - Instance: 0x04986C80
ScriptStruct: FilterLimit                                      - Instance: 0x049878A8
ScriptStruct: TerrainFilteredMaterial                          - Instance: 0x049877E0
ScriptStruct: TerrainWeightedMaterial                          - Instance: 0x049888E0
ScriptStruct: SourceTexture2DRegion                            - Instance: 0x04988B7C
ScriptStruct: CheckpointRecord                                 - Instance: 0x0498C628
ScriptStruct: LevelStreamingData                               - Instance: 0x0499140C
ScriptStruct: PlayerStorageArrayProvider                       - Instance: 0x04995A28
ScriptStruct: UIInputKeyData                                   - Instance: 0x0499C2B8
ScriptStruct: UIDataStoreInputAlias                            - Instance: 0x0499C1F0
ScriptStruct: UIKeyRepeatData                                  - Instance: 0x049A13D4
ScriptStruct: UIAxisEmulationData                              - Instance: 0x049A130C
ScriptStruct: SoundEventMapping                                - Instance: 0x049A58D4
ScriptStruct: StaticMeshLODElement                             - Instance: 0x03008A90
ScriptStruct: StaticMeshLODInfo                                - Instance: 0x042A92B0
Const: CONST_TRACEFLAG_Blocking                                - Instance: 0x04438850
Const: CONST_TRACEFLAG_StopAtAnyHit                            - Instance: 0x044388BC
Const: CONST_TRACEFLAG_SingleResult                            - Instance: 0x04438928
Const: CONST_TRACEFLAG_Material                                - Instance: 0x04438994
Const: CONST_TRACEFLAG_Visible                                 - Instance: 0x04438A00
Const: CONST_TRACEFLAG_Cylinder                                - Instance: 0x04438A6C
Const: CONST_TRACEFLAG_Audio                                   - Instance: 0x04438AD8
Const: CONST_TRACEFLAG_ComplexCollisionifAvailable             - Instance: 0x04438B44
Const: CONST_TRACEFLAG_ComplexCollision                        - Instance: 0x04438BB0
Const: CONST_TRACEFLAG_AllComponents                           - Instance: 0x04438C1C
Const: CONST_TRACEFLAG_Accurate                                - Instance: 0x04438C88
Const: CONST_TRACEFLAG_MoveIgnoredDestruction                  - Instance: 0x04438CF4
Const: CONST_TRACEFLAG_AllowApproxExtentVsSphyl                - Instance: 0x04438D60
Const: CONST_TRACEFLAG_IgnoreComplexCollision                  - Instance: 0x04438DCC
Const: CONST_TRACEFLAG_PlayerMovement                          - Instance: 0x04438E38
Const: CONST_TRACEFLAG_ForceAccurateBSPSorting                 - Instance: 0x04438EA4
Const: CONST_TRACEFLAG_OnlyCheckClimbable                      - Instance: 0x04438F10
Const: CONST_REP_RBLOCATION_ERROR_TOLERANCE_SQ                 - Instance: 0x04438F7C
Const: CONST_MINFLOORZ                                         - Instance: 0x044421C0
Const: CONST_ACTORMAXSTEPHEIGHT                                - Instance: 0x0444222C
Const: CONST_RBSTATE_LINVELSCALE                               - Instance: 0x04442298
Const: CONST_RBSTATE_ANGVELSCALE                               - Instance: 0x04442304
Const: CONST_RB_None                                           - Instance: 0x04442744
Const: CONST_RB_NeedsUpdate                                    - Instance: 0x044427B0
Const: CONST_RB_Sleeping                                       - Instance: 0x0444281C
Const: CONST_SDPG_NumBits                                      - Instance: 0x044A5580
Const: CONST_LATENT_MOVETOWARD                                 - Instance: 0x044C8C40
Const: CONST_MAX_ACTIVE_CAMERA_ANIMS                           - Instance: 0x044E3EB8
Const: CONST_MAXPOSITIONERRORSQUARED                           - Instance: 0x04521668
Const: CONST_MAXNEARZEROVELOCITYSQUARED                        - Instance: 0x045216D4
Const: CONST_MAXVEHICLEPOSITIONERRORSQUARED                    - Instance: 0x04521740
Const: CONST_CLIENTADJUSTUPDATECOST                            - Instance: 0x045217AC
Const: CONST_MAXCLIENTUPDATEINTERVAL                           - Instance: 0x04521818
Const: CONST_BLOCKEDPATHCOST                                   - Instance: 0x04547540
Const: CONST_INFINITE_PATH_COST                                - Instance: 0x0454A0C4
Const: CONST_SubtitleOcclusionThreshold                        - Instance: 0x0457E720
Const: CONST_MAX_ANIMTREE_PREVIEW_EXTRA_MESHES                 - Instance: 0x046454FC
Const: CONST_DestructibleDominanceGroup_DynamicChunks          - Instance: 0x0464C6F0
Const: CONST_DestructibleDominanceGroup_Blocking               - Instance: 0x0464C75C
Const: CONST_DestructibleDominanceGroup_NonBlocking            - Instance: 0x0464C7C8
Const: CONST_DestructibleDominanceGroup_Kickable               - Instance: 0x0464C834
Const: CONST_NULLCHARACTER                                     - Instance: 0x0466F8B4
Const: CONST_FlashText_DefaultSize                             - Instance: 0x04676784
Const: CONST_DEFAULT_SIZE_X                                    - Instance: 0x04691C8C
Const: CONST_DEFAULT_SIZE_Y                                    - Instance: 0x04691CF8
Const: CONST_MAX_SUPPORTED_GAMEPADS                            - Instance: 0x04691D64
Const: CONST_MaxHistory                                        - Instance: 0x04695680
Const: CONST_COVERLINK_ExposureDot                             - Instance: 0x0469CDCC
Const: CONST_COVERLINK_EdgeCheckDot                            - Instance: 0x0469CE38
Const: CONST_COVERLINK_EdgeExposureDot                         - Instance: 0x0469CEA4
Const: CONST_COVERLINK_DangerDist                              - Instance: 0x0469CF10
Const: CONST_MAXMATS                                           - Instance: 0x0472196C
Const: CONST_MAXMATS_0                                         - Instance: 0x047222CC
Const: CONST_MAX_BOOKMARK_NUMBER                               - Instance: 0x04725AC4
Const: CONST_MAX_INSTANCES_PER_CLASS                           - Instance: 0x04729698
Const: CONST_FSM_DEFAULTRECYCLETIME                            - Instance: 0x04742F54
Const: CONST_HeaderFlags_NoEventStrings                        - Instance: 0x04767DC4
Const: CONST_GAMEEVENT_MATCH_STARTED                           - Instance: 0x0476CF40
Const: CONST_GAMEEVENT_MATCH_ENDED                             - Instance: 0x0476CFAC
Const: CONST_GAMEEVENT_ROUND_STARTED                           - Instance: 0x0476D018
Const: CONST_GAMEEVENT_ROUND_ENDED                             - Instance: 0x0476D084
Const: CONST_GAMEEVENT_GAME_CLASS                              - Instance: 0x0476D0F0
Const: CONST_GAMEEVENT_GAME_OPTION_URL                         - Instance: 0x0476D15C
Const: CONST_GAMEEVENT_GAME_MAPNAME                            - Instance: 0x0476D1C8
Const: CONST_GAMEEVENT_MEMORYUSAGE_POLL                        - Instance: 0x0476D234
Const: CONST_GAMEEVENT_FRAMERATE_POLL                          - Instance: 0x0476D2A0
Const: CONST_GAMEEVENT_NETWORKUSAGEIN_POLL                     - Instance: 0x0476D30C
Const: CONST_GAMEEVENT_NETWORKUSAGEOUT_POLL                    - Instance: 0x0476D378
Const: CONST_GAMEEVENT_PING_POLL                               - Instance: 0x0476D3E4
Const: CONST_GAMEEVENT_RENDERTHREAD_POLL                       - Instance: 0x0476D450
Const: CONST_GAMEEVENT_GAMETHREAD_POLL                         - Instance: 0x0476D4BC
Const: CONST_GAMEEVENT_GPUFRAMETIME_POLL                       - Instance: 0x0476D528
Const: CONST_GAMEEVENT_FRAMETIME_POLL                          - Instance: 0x0476D594
Const: CONST_GAMEEVENT_TEAM_CREATED                            - Instance: 0x0476D600
Const: CONST_GAMEEVENT_TEAM_GAME_SCORE                         - Instance: 0x0476D66C
Const: CONST_GAMEEVENT_TEAM_MATCH_WON                          - Instance: 0x0476D6D8
Const: CONST_GAMEEVENT_TEAM_ROUND_WON                          - Instance: 0x0476D744
Const: CONST_GAMEEVENT_TEAM_ROUND_STALEMATE                    - Instance: 0x0476D7B0
Const: CONST_GAMEEVENT_PLAYER_LOGIN                            - Instance: 0x0476D81C
Const: CONST_GAMEEVENT_PLAYER_LOGOUT                           - Instance: 0x0476D888
Const: CONST_GAMEEVENT_PLAYER_SPAWN                            - Instance: 0x0476D8F4
Const: CONST_GAMEEVENT_PLAYER_MATCH_WON                        - Instance: 0x0476D960
Const: CONST_GAMEEVENT_PLAYER_KILL                             - Instance: 0x0476D9CC
Const: CONST_GAMEEVENT_PLAYER_LOCATION_POLL                    - Instance: 0x0476DA38
Const: CONST_GAMEEVENT_PLAYER_TEAMCHANGE                       - Instance: 0x0476DAA4
Const: CONST_GAMEEVENT_PLAYER_KILL_STREAK                      - Instance: 0x0476DB10
Const: CONST_GAMEEVENT_PLAYER_DEATH                            - Instance: 0x0476DB7C
Const: CONST_GAMEEVENT_PLAYER_ROUND_WON                        - Instance: 0x0476DBE8
Const: CONST_GAMEEVENT_PLAYER_ROUND_STALEMATE                  - Instance: 0x0476DC54
Const: CONST_GAMEEVENT_WEAPON_DAMAGE                           - Instance: 0x0476DCC0
Const: CONST_GAMEEVENT_WEAPON_DAMAGE_MELEE                     - Instance: 0x0476DD2C
Const: CONST_GAMEEVENT_WEAPON_FIRED                            - Instance: 0x0476DD98
Const: CONST_GAMEEVENT_PLAYER_KILL_NORMAL                      - Instance: 0x0476DE04
Const: CONST_GAMEEVENT_GENERIC_PARAM_LIST_START                - Instance: 0x0476DE70
Const: CONST_GAMEEVENT_GENERIC_PARAM_LIST_END                  - Instance: 0x0476DEDC
Const: CONST_GAMEEVENT_GAME_SPECIFIC                           - Instance: 0x0476DF48
Const: CONST_GAMEEVENT_MAX_EVENTID                             - Instance: 0x0476DFB4
Const: CONST_GAMEEVENT_AGGREGATED_DATA                         - Instance: 0x0477D74C
Const: CONST_GAMEEVENT_AGGREGATED_PLAYER_TIMEALIVE             - Instance: 0x0477D7B8
Const: CONST_GAMEEVENT_AGGREGATED_PLAYER_KILLS                 - Instance: 0x0477D824
Const: CONST_GAMEEVENT_AGGREGATED_PLAYER_DEATHS                - Instance: 0x0477D890
Const: CONST_GAMEEVENT_AGGREGATED_PLAYER_MATCH_WON             - Instance: 0x0477D8FC
Const: CONST_GAMEEVENT_AGGREGATED_PLAYER_ROUND_WON             - Instance: 0x0477D968
Const: CONST_GAMEEVENT_AGGREGATED_DAMAGE_DEALT_NORMALKILL      - Instance: 0x0477D9D4
Const: CONST_GAMEEVENT_AGGREGATED_DAMAGE_RECEIVED_WASNORMALKILL - Instance: 0x0477DA40
Const: CONST_GAMEEVENT_AGGREGATED_TEAM_KILLS                   - Instance: 0x0477DAAC
Const: CONST_GAMEEVENT_AGGREGATED_TEAM_DEATHS                  - Instance: 0x0477DB18
Const: CONST_GAMEEVENT_AGGREGATED_TEAM_GAME_SCORE              - Instance: 0x0477DB84
Const: CONST_GAMEEVENT_AGGREGATED_TEAM_MATCH_WON               - Instance: 0x0477DBF0
Const: CONST_GAMEEVENT_AGGREGATED_TEAM_ROUND_WON               - Instance: 0x0477DC5C
Const: CONST_GAMEEVENT_AGGREGATED_DAMAGE_KILLS                 - Instance: 0x0477DCC8
Const: CONST_GAMEEVENT_AGGREGATED_DAMAGE_DEATHS                - Instance: 0x0477DD34
Const: CONST_GAMEEVENT_AGGREGATED_DAMAGE_DEALT_WEAPON_DAMAGE   - Instance: 0x0477DDA0
Const: CONST_GAMEEVENT_AGGREGATED_DAMAGE_DEALT_MELEE_DAMAGE    - Instance: 0x0477DE0C
Const: CONST_GAMEEVENT_AGGREGATED_DAMAGE_RECEIVED_WEAPON_DAMAGE - Instance: 0x0477DE78
Const: CONST_GAMEEVENT_AGGREGATED_DAMAGE_RECEIVED_MELEE_DAMAGE - Instance: 0x0477DEE4
Const: CONST_GAMEEVENT_AGGREGATED_DAMAGE_DEALT_MELEEHITS       - Instance: 0x0477DF50
Const: CONST_GAMEEVENT_AGGREGATED_DAMAGE_RECEIVED_WASMELEEHIT  - Instance: 0x0477DFBC
Const: CONST_GAMEEVENT_AGGREGATED_WEAPON_FIRED                 - Instance: 0x0477E028
Const: CONST_GAMEEVENT_AGGREGATED_PAWN_SPAWN                   - Instance: 0x0477E094
Const: CONST_GAMEEVENT_AGGREGATED_GAME_SPECIFIC                - Instance: 0x0477E100
Const: CONST_SCENEFILTER_None                                  - Instance: 0x0477FAF4
Const: CONST_SCENEFILTER_IncludeTransient                      - Instance: 0x0477FB60
Const: CONST_SCENEFILTER_InputProcessorOnly                    - Instance: 0x0477FBCC
Const: CONST_SCENEFILTER_PausersOnly                           - Instance: 0x0477FC38
Const: CONST_SCENEFILTER_PrimitiveUsersOnly                    - Instance: 0x0477FCA4
Const: CONST_SCENEFILTER_UsesPostProcessing                    - Instance: 0x0477FD10
Const: CONST_SCENEFILTER_ReceivesFocus                         - Instance: 0x0477FD7C
Const: CONST_SCENEFILTER_Any                                   - Instance: 0x0477FDE8
Const: CONST_MAX_AIGROUP_NUMBER                                - Instance: 0x047F330C
Const: CONST_LINECHECK_GRANULARITY                             - Instance: 0x047FE9A4
Const: CONST_NUM_PATHFINDING_PARAMS                            - Instance: 0x047FEA10
Const: CONST_NumBreadCrumbs                                    - Instance: 0x047FF230
Const: CONST_PrefabInstanceNumSiblings                         - Instance: 0x048B77B0
Const: CONST_ROOF_MINZ                                         - Instance: 0x048BAC40
Const: CONST_PROCBUILDING_VERSION                              - Instance: 0x048BACAC
Const: CONST_MaxNumBodyInstances                               - Instance: 0x048DEA20
Const: CONST_RFlapsAnimBlendMaxNumBlendedBones                 - Instance: 0x048E8F58
Const: CONST_RFlapsCollisionMaxNumBones                        - Instance: 0x048E9380
Const: CONST_RFlapsConeMaxNumConstrainedParticles              - Instance: 0x048E9644
Const: CONST_RFlapsPlaneMaxNumConstrainedParticles             - Instance: 0x048EA15C
Const: CONST_RFlapsAnimInstanceBlendMaxNumBlendedBones         - Instance: 0x048ED504
Const: CONST_RFlapsCollisionInstanceMaxNumBones                - Instance: 0x048ED768
Const: CONST_DebugHistoryNumFrames                             - Instance: 0x048EEBBC
Const: CONST_MAX_EMITTERS                                      - Instance: 0x048F4C18
Const: CONST_MAX_EMITTERS_EPIC_POOL                            - Instance: 0x048F4C84
Const: CONST_MAX_DECALS                                        - Instance: 0x048F5374
Const: CONST_MAX_ADVANCED_DAMAGE_INSTANCES                     - Instance: 0x048F58A8
Enum: EActorMetricsType                                        - Instance: 0x044234C4
Enum: EMoveDir                                                 - Instance: 0x04423530
Enum: EGlobalAudioSourceID                                     - Instance: 0x0442359C
Enum: EAkDynamicRange                                          - Instance: 0x04423608
Enum: EAkWorldMaterial                                         - Instance: 0x04423674
Enum: EListenerID                                              - Instance: 0x044252EC
Enum: EAkIOStreamPriorities                                    - Instance: 0x04425358
Enum: EAkPhysicsNotifyType                                     - Instance: 0x0442610C
Enum: ESkeletalMeshOptimizationImportance                      - Instance: 0x0442F640
Enum: ESkeletalMeshOptimizationNormalMode                      - Instance: 0x0442F774
Enum: EStretchPhase                                            - Instance: 0x0442F7E0
Enum: EParentAnimComponentMode                                 - Instance: 0x0442F84C
Enum: EFaceFXBaseExpression                                    - Instance: 0x0442F8B8
Enum: ERootMotionMode                                          - Instance: 0x0442F9EC
Enum: EFaceFXRegisterOwner                                     - Instance: 0x04430F24
Enum: ESkeletalMeshComponentBoundsType                         - Instance: 0x04431DA8
Enum: EStretchHeadMode                                         - Instance: 0x04431E14
Enum: EWeaponDamageResult                                      - Instance: 0x04435FE0
Enum: EApexClothTeleportMode                                   - Instance: 0x0443604C
Enum: EPhysics                                                 - Instance: 0x044360B8
Enum: EHideRule                                                - Instance: 0x04436124
Enum: ECollisionType                                           - Instance: 0x04436190
Enum: EThoughtGroup                                            - Instance: 0x04437434
Enum: ENetRole                                                 - Instance: 0x0443A2E8
Enum: ESideStory                                               - Instance: 0x0443A5C4
Enum: ETravelType                                              - Instance: 0x044436D0
Enum: EDoubleClickDir                                          - Instance: 0x0444373C
Enum: EAkDialogueVoiceEthnicity                                - Instance: 0x04476CA8
Enum: EAkDialogueCallbackResult                                - Instance: 0x044783A4
Enum: EAkDialogueVoiceGender                                   - Instance: 0x04478410
Enum: EOnlineDataAdvertisementType                             - Instance: 0x0447E9DC
Enum: ESettingsDataType                                        - Instance: 0x0447F164
Enum: EPropertyValueMappingType                                - Instance: 0x0447FF78
Enum: EStatEventType                                           - Instance: 0x04487678
Enum: EGTCCommand                                              - Instance: 0x044876E4
Enum: ECustomContentAccessMode                                 - Instance: 0x0448FA74
Enum: ECustomContentType                                       - Instance: 0x0448FB78
Enum: EOnlineNewsType                                          - Instance: 0x04490770
Enum: ENATType                                                 - Instance: 0x04490AD8
Enum: EOnlineServerConnectionStatus                            - Instance: 0x04490B44
Enum: EOnlineEnumerationReadState                              - Instance: 0x04492A34
Enum: EOnlineGameState                                         - Instance: 0x04492AA0
Enum: EOnlineAccountCreateStatus                               - Instance: 0x0449395C
Enum: ELanBeaconState                                          - Instance: 0x04493E20
Enum: EOnlineContentType                                       - Instance: 0x04494464
Enum: EOnlineContentState                                      - Instance: 0x0449554C
Enum: EOnlineFriendState                                       - Instance: 0x04495AF8
Enum: ENetworkNotificationPosition                             - Instance: 0x04496288
Enum: EFeaturePrivilegeLevel                                   - Instance: 0x044963BC
Enum: ELoginStatus                                             - Instance: 0x0449655C
Enum: EAuthStatus                                              - Instance: 0x04496C5C
Enum: EGJKResult                                               - Instance: 0x044A53D0
Enum: EHeightmapOverrideFilter                                 - Instance: 0x044A543C
Enum: EDetailMode                                              - Instance: 0x044A54A8
Enum: ESceneDepthPriorityGroup                                 - Instance: 0x044A5514
Enum: ERadialImpulseFalloff                                    - Instance: 0x044A55EC
Enum: EPhysXShapeFilterFlags                                   - Instance: 0x044A5658
Enum: ERadialImpulseType                                       - Instance: 0x044A56C4
Enum: ERBCollisionChannel                                      - Instance: 0x044A5730
Enum: EGeometryType                                            - Instance: 0x044B7A04
Enum: EFSS_FieldSamplerScene                                   - Instance: 0x044B7A70
Enum: EDynamicGridVirtualColumns                               - Instance: 0x044B87CC
Enum: EDynamicGridRealColumns                                  - Instance: 0x044B8838
Enum: EDynamicGridCells                                        - Instance: 0x044B88A4
Enum: EDynamicGridDirection                                    - Instance: 0x044B8910
Enum: EDynamicGridBoundingGridDim                              - Instance: 0x044B897C
Enum: EDynamicGridPoolDim                                      - Instance: 0x044B89E8
Enum: EGridResolution                                          - Instance: 0x044BFAD4
Enum: EViewTargetBlendFunction                                 - Instance: 0x044DB798
Enum: ECameraAnimPlaySpace                                     - Instance: 0x044E3F24
Enum: EMovieControlType                                        - Instance: 0x044F1D88
Enum: EOnlineGameSearchComparisonType                          - Instance: 0x044F30C4
Enum: EOnlineGameSearchEntryType                               - Instance: 0x044F3390
Enum: EOnlineGameSearchSortType                                - Instance: 0x044F3560
Enum: EProgressMessageType                                     - Instance: 0x044F4620
Enum: EInputTypes                                              - Instance: 0x0451E83C
Enum: EInputMatchAction                                        - Instance: 0x0451E8A8
Enum: EWaveformFunction                                        - Instance: 0x0451E914
Enum: ENavMeshEdgeType                                         - Instance: 0x04555878
Enum: EGlobalEventType                                         - Instance: 0x0455D058
Enum: EAkBankLoadType                                          - Instance: 0x04561354
Enum: EAkComponentUpdate                                       - Instance: 0x04562300
Enum: EAkComponentSourceCreateFailReason                       - Instance: 0x04562434
Enum: EAkCurveShape                                            - Instance: 0x0456CFB0
Enum: ESpeechBusyResponse                                      - Instance: 0x04582CDC
Enum: ESpeechInteruptResponse                                  - Instance: 0x04582D48
Enum: EAuxEffectType                                           - Instance: 0x045853B8
Enum: EAkEventDurationType                                     - Instance: 0x04585B2C
Enum: EWheelTrigType                                           - Instance: 0x04586C80
Enum: EDrivingModes                                            - Instance: 0x04586CEC
Enum: EAkPropagationRayPriority                                - Instance: 0x04586D58
Enum: EPawnHistoryType                                         - Instance: 0x0459C750
Enum: EPathFindingError                                        - Instance: 0x0459C884
Enum: EBlendMode                                               - Instance: 0x0459CF3C
Enum: EMaterialLightingModel                                   - Instance: 0x0459CFA8
Enum: EMaterialTessellationMode                                - Instance: 0x0459D014
Enum: EMobileValueSource                                       - Instance: 0x0459D080
Enum: EMobileTextureBlendFactorSource                          - Instance: 0x0459D0EC
Enum: EMobileTexCoordsSource                                   - Instance: 0x0459D158
Enum: EMobileAlphaValueSource                                  - Instance: 0x0459D1C4
Enum: EMobileColorMultiplySource                               - Instance: 0x0459D230
Enum: EMobileEmissiveColorSource                               - Instance: 0x0459D29C
Enum: EMobileEnvironmentBlendMode                              - Instance: 0x0459D308
Enum: EMobileSpecularMask                                      - Instance: 0x0459D374
Enum: EMobileAmbientOcclusionSource                            - Instance: 0x0459D3E0
Enum: ELightingBuildQuality                                    - Instance: 0x0459D5B0
Enum: EPathSearchType                                          - Instance: 0x045A25DC
Enum: EPhysBodyOp                                              - Instance: 0x045CE890
Enum: EFaceFXRegOp                                             - Instance: 0x045CE9C4
Enum: EFaceFXBlendMode                                         - Instance: 0x045CEA30
Enum: EDepthBiasCalculationType                                - Instance: 0x045CEA9C
Enum: EBoneVisibilityStatus                                    - Instance: 0x045CEB08
Enum: EDepthBiasApplicationType                                - Instance: 0x045CEB74
Enum: EAnimRotationOnly                                        - Instance: 0x045D3BD4
Enum: ERootMotionRotationMode                                  - Instance: 0x045D3CDC
Enum: EApexClothMaxDistanceScaleMode                           - Instance: 0x045DA3E0
Enum: EInstanceWeightUsage                                     - Instance: 0x045DAFB0
Enum: EApexClothSkinningTickGroup                              - Instance: 0x045DB894
Enum: EConstraintProjectionMode                                - Instance: 0x045EE9C0
Enum: EVehicleEngineModel                                      - Instance: 0x045FF6B0
Enum: EDrivingFootMode                                         - Instance: 0x045FF71C
Enum: EAmbientOcclusionQuality                                 - Instance: 0x04611668
Enum: EGelCells                                                - Instance: 0x04611F90
Enum: EShadowFilterQuality                                     - Instance: 0x04613228
Enum: EShadowProjectionTechnique                               - Instance: 0x04613294
Enum: ELightAffectsClassification                              - Instance: 0x0461339C
Enum: EPlatformInterfaceDataType                               - Instance: 0x04616890
Enum: EAnimPhysics                                             - Instance: 0x04619E20
Enum: EAnimBlockActors                                         - Instance: 0x04619F54
Enum: ERootMotionTranslationOption                             - Instance: 0x04619FC0
Enum: ERootMotionRotationOption                                - Instance: 0x0461A02C
Enum: EForwardYawDirection                                     - Instance: 0x0461A098
Enum: EAnimCopyTime                                            - Instance: 0x0461A1CC
Enum: EMovementSpeed                                           - Instance: 0x0461A300
Enum: EDirectionBlendGroup                                     - Instance: 0x0461A36C
Enum: EAutomaticTransitionTurnAngle                            - Instance: 0x0461A3D8
Enum: EAutomaticTransitionTurnDirection                        - Instance: 0x0461A444
Enum: EFootSyncPoint                                           - Instance: 0x0461AB1C
Enum: EAnimZipRotationCodec                                    - Instance: 0x0461B748
Enum: EAnimZipPreset                                           - Instance: 0x0461B7B4
Enum: EAnimZipTranslationScaleCodec                            - Instance: 0x0461B820
Enum: EAnimationKeyFormat                                      - Instance: 0x046221BC
Enum: EAnimationCompressionFormat                              - Instance: 0x046225D0
Enum: EAnimAudioStatus                                         - Instance: 0x04622774
Enum: ESliderType                                              - Instance: 0x0462AC20
Enum: EAnimAimDir                                              - Instance: 0x0462DA1C
Enum: EAimID                                                   - Instance: 0x0462DEE8
Enum: EBaseBlendType                                           - Instance: 0x0462F768
Enum: ERootRotationOption                                      - Instance: 0x046331A4
Enum: ERootBoneAxis                                            - Instance: 0x04633210
Enum: ENotifyRenderCategory                                    - Instance: 0x0463C32C
Enum: ENotifyCategory                                          - Instance: 0x0463C398
Enum: EAnimSetPreviewWeaponPreset                              - Instance: 0x04640634
Enum: EImpactDamageOverride                                    - Instance: 0x0464D4C4
Enum: ENavMeshObstacleOverride                                 - Instance: 0x0464DD6C
Enum: EDamageParameterOverrideMode                             - Instance: 0x046526EC
Enum: EAFFG_ForceFieldCoordinates                              - Instance: 0x04654D24
Enum: ENoiseType                                               - Instance: 0x04657BAC
Enum: EFieldType                                               - Instance: 0x04657C18
Enum: ESoundClassName                                          - Instance: 0x0465FAF0
Enum: EDebugState                                              - Instance: 0x0465FB5C
Enum: ETTSSpeaker                                              - Instance: 0x04660170
Enum: ECsgOper                                                 - Instance: 0x046628C0
Enum: EInitialOscillatorOffset                                 - Instance: 0x0466B250
Enum: ECanvasBlendMode                                         - Instance: 0x0466DFE0
Enum: EFlashText_Align                                         - Instance: 0x0466E114
Enum: EFontImportCharacterSet                                  - Instance: 0x0466E2E4
Enum: ETextureCompressionSettings                              - Instance: 0x04670F60
Enum: EPixelFormat                                             - Instance: 0x04670FCC
Enum: ETextureFilter                                           - Instance: 0x04671038
Enum: ETextureAddress                                          - Instance: 0x046710A4
Enum: ETextureGroup                                            - Instance: 0x04671110
Enum: ETextureMipGenSettings                                   - Instance: 0x04672544
Enum: ETextureMipCount                                         - Instance: 0x046725B0
Enum: ECloudStorageDelegate                                    - Instance: 0x0468DB98
Enum: EInputPlatformType                                       - Instance: 0x04691428
Enum: ETouchType                                               - Instance: 0x04693928
Enum: ECoverLocationDescription                                - Instance: 0x0469B35C
Enum: ECoverType                                               - Instance: 0x0469B3C8
Enum: ECoverDirection                                          - Instance: 0x0469B434
Enum: ECoverAction                                             - Instance: 0x0469B4A0
Enum: EFireLinkID                                              - Instance: 0x0469B5D4
Enum: EFilterMode                                              - Instance: 0x046BB5B0
Enum: EDecalTransform                                          - Instance: 0x046BB61C
Enum: EMaterialUsage                                           - Instance: 0x046C0490
Enum: EParticleDownsampling                                    - Instance: 0x046CABF0
Enum: EDistributionParamMode                                   - Instance: 0x046CF83C
Enum: EDOFQuality                                              - Instance: 0x046D1834
Enum: EDOFType                                                 - Instance: 0x046D18A0
Enum: EDrawVolumeBoxType                                       - Instance: 0x046D705C
Enum: EDLEC_Mode                                               - Instance: 0x046DB498
Enum: EDynamicLightEnvironmentBoundsMethod                     - Instance: 0x046DB76C
Enum: EParticleSysParamType                                    - Instance: 0x046E11B8
Enum: EParticleReplayState                                     - Instance: 0x046E19B4
Enum: EParticleEventType                                       - Instance: 0x046E1A20
Enum: EParticleSystemUpdateMode                                - Instance: 0x046E24BC
Enum: EParticleSystemOveridePhysXLevel                         - Instance: 0x046E450C
Enum: EParticleSystemOcclusionBoundsMethod                     - Instance: 0x046E4614
Enum: EParticleSystemLODMethod                                 - Instance: 0x046E471C
Enum: EEmitterTickReason                                       - Instance: 0x046F0118
Enum: ETransitionType                                          - Instance: 0x046F9EA8
Enum: EPhysXLevelFeatureType                                   - Instance: 0x047032D8
Enum: EFacebookIntegrationDelegate                             - Instance: 0x0470AC78
Enum: EFlexAssetType                                           - Instance: 0x04711E5C
Enum: EInfluenceType                                           - Instance: 0x04714BFC
Enum: ESimpleCollisionUsageType                                - Instance: 0x0472024C
Enum: EHostMigrationProgress                                   - Instance: 0x047243A4
Enum: EDebugDrawDestructiblesMode                              - Instance: 0x04728248
Enum: EPreferredLightmapType                                   - Instance: 0x047283EC
Enum: EVisibilityAggressiveness                                - Instance: 0x04728458
Enum: EConsoleType                                             - Instance: 0x0472B188
Enum: EPIEPreset                                               - Instance: 0x04731728
Enum: ENetMode                                                 - Instance: 0x04731C44
Enum: EFractureMeshExplosionType                               - Instance: 0x04735484
Enum: EFractureMeshExplosionBlastType                          - Instance: 0x047355B8
Enum: EFullyLoadPackageType                                    - Instance: 0x04745114
Enum: EStandbyType                                             - Instance: 0x04748230
Enum: EGameStatGroups                                          - Instance: 0x04767D58
Enum: EGameSessionType                                         - Instance: 0x0477BC00
Enum: ESplitScreenType                                         - Instance: 0x04781D28
Enum: ESafeZoneType                                            - Instance: 0x047841C8
Enum: ESetMode                                                 - Instance: 0x04784234
Enum: EInAppMessageInterfaceDelegate                           - Instance: 0x0479310C
Enum: EAdManagerDelegate                                       - Instance: 0x047936B0
Enum: EFoliageCullOption                                       - Instance: 0x04797E50
Enum: EEdgeHandlingStatus                                      - Instance: 0x0479D664
Enum: ETrackActiveCondition                                    - Instance: 0x047A32CC
Enum: ECameraBlendType                                         - Instance: 0x047A6408
Enum: EHeadTrackingAction                                      - Instance: 0x047A7FCC
Enum: ETrackToggleAction                                       - Instance: 0x047AACB8
Enum: EVisibilityTrackCondition                                - Instance: 0x047ABBEC
Enum: EVisibilityTrackAction                                   - Instance: 0x047ABC58
Enum: EInterpTrackMoveRotMode                                  - Instance: 0x047AC878
Enum: EInterpTrackMoveFrame                                    - Instance: 0x047AC8E4
Enum: EInterpMoveAxis                                          - Instance: 0x047AE01C
Enum: EKActorTickReason                                        - Instance: 0x047B80CC
Enum: ELandscapeSetupErrors                                    - Instance: 0x047C2E90
Enum: ELandscapeGizmoType                                      - Instance: 0x047C4D88
Enum: ELevelGridCellShape                                      - Instance: 0x047D0EC4
Enum: EReflectionGroup                                         - Instance: 0x047D1900
Enum: ENavMeshGroup                                            - Instance: 0x047D196C
Enum: EStreamingVolumeUsage                                    - Instance: 0x047D33D8
Enum: EXBOX_AGEGROUP                                           - Instance: 0x047DB178
Enum: ETextureColorChannel                                     - Instance: 0x047DF230
Enum: EBlendModeFilter                                         - Instance: 0x047DF504
Enum: ESampleBlurSceneType                                     - Instance: 0x047DFA34
Enum: EBlurSceneTextureType                                    - Instance: 0x047DFAA0
Enum: ESampleBlurType                                          - Instance: 0x047DFEA4
Enum: EContractOrExpandInput                                   - Instance: 0x047E17E8
Enum: ECustomMaterialOutputType                                - Instance: 0x047E1B58
Enum: EDecodeBlendType                                         - Instance: 0x047E23F0
Enum: EVertMorphFormat                                         - Instance: 0x047E2890
Enum: EDepthOfFieldFunctionValue                               - Instance: 0x047E30C4
Enum: EFunctionInputType                                       - Instance: 0x047E4B9C
Enum: ELandscapeLayerBlendType                                 - Instance: 0x047E5CD4
Enum: ERainBufferType                                          - Instance: 0x047E9048
Enum: EHeightChannel                                           - Instance: 0x047E9DC8
Enum: ESceneTextureType                                        - Instance: 0x047EAE68
Enum: ESphericalMappingType                                    - Instance: 0x047EB7DC
Enum: ETerrainCoordMappingType                                 - Instance: 0x047EC760
Enum: EMaterialVectorCoordTransform                            - Instance: 0x047EE4D4
Enum: EMaterialVectorCoordTransformSource                      - Instance: 0x047EE540
Enum: EMaterialPositionTransform                               - Instance: 0x047EE780
Enum: EMaterialPositionTransformSource                         - Instance: 0x047EE7EC
Enum: EMicroTransactionDelegate                                - Instance: 0x047F53B8
Enum: EMicroTransactionResult                                  - Instance: 0x047F5424
Enum: EFFG_ForceFieldCoordinates                               - Instance: 0x04813A8C
Enum: EFFB_ForceFieldCoordinates                               - Instance: 0x04817008
Enum: EOnlineProfilePropertyOwner                              - Instance: 0x04855304
Enum: EOnlinePlayerStorageAsyncState                           - Instance: 0x04855910
Enum: EProfileSettingID                                        - Instance: 0x0485A698
Enum: EProfileDifficultyOptions                                - Instance: 0x0485A704
Enum: EProfileControllerSensitivityOptions                     - Instance: 0x0485A770
Enum: EProfilePreferredColorOptions                            - Instance: 0x0485A7DC
Enum: EProfileAutoAimOptions                                   - Instance: 0x0485A848
Enum: EProfileAutoCenterOptions                                - Instance: 0x0485A8B4
Enum: EProfileMovementControlOptions                           - Instance: 0x0485A920
Enum: EProfileRaceTransmissionOptions                          - Instance: 0x0485A98C
Enum: EProfileRaceCameraLocationOptions                        - Instance: 0x0485A9F8
Enum: EProfileRaceBrakeControlOptions                          - Instance: 0x0485AA64
Enum: EProfileRaceAcceleratorControlOptions                    - Instance: 0x0485AAD0
Enum: EProfileYInversionOptions                                - Instance: 0x0485AB3C
Enum: EProfileXInversionOptions                                - Instance: 0x0485ABA8
Enum: EProfileOmniDirEvadeOptions                              - Instance: 0x0485AC14
Enum: EProfileControllerVibrationToggleOptions                 - Instance: 0x0485AC80
Enum: EProfileVoiceThruSpeakersOptions                         - Instance: 0x0485ACEC
Enum: EEmitterRenderMode                                       - Instance: 0x04871944
Enum: EParticleSubUVInterpMethod                               - Instance: 0x048719B0
Enum: EParticleBurstMethod                                     - Instance: 0x04871BD8
Enum: EModuleType                                              - Instance: 0x04873DDC
Enum: EParticleSourceSelectionMethod                           - Instance: 0x04873E48
Enum: ESamplingMultiple                                        - Instance: 0x0487468C
Enum: EBoneSocketAttractorFalloffType                          - Instance: 0x04875020
Enum: ELocationBoneSocketDestSelectionMethod                   - Instance: 0x048759CC
Enum: ELocationBoneSocketDestination                           - Instance: 0x04875AD4
Enum: EAttractorParticleSelectionMethod                        - Instance: 0x048763D8
Enum: EVertSurfaceAttractorFalloffType                         - Instance: 0x04876EF8
Enum: EAttractorSkelVertSurfaceDestination                     - Instance: 0x04877AC8
Enum: EBeam2SourceTargetMethod                                 - Instance: 0x04877E14
Enum: EBeam2SourceTargetTangentMethod                          - Instance: 0x04877E80
Enum: EBeamModifierType                                        - Instance: 0x04877EEC
Enum: EParticleCameraOffsetUpdateMethod                        - Instance: 0x0487A6B4
Enum: EParticleCollisionComplete                               - Instance: 0x0487A8C8
Enum: EParticleAttractorActionType                             - Instance: 0x0487A934
Enum: ELocationBoneSocketSource                                - Instance: 0x04881250
Enum: ELocationBoneSocketSelectionMethod                       - Instance: 0x04881980
Enum: ELocationEmitterSelectionMethod                          - Instance: 0x04882344
Enum: ECylinderHeightAxis                                      - Instance: 0x04882C64
Enum: ELocationSkelVertSurfaceSource                           - Instance: 0x048837A4
Enum: ELocationStaticVertSurfaceSource                         - Instance: 0x04884064
Enum: EOrbitChainMode                                          - Instance: 0x04885610
Enum: EParticleAxisLock                                        - Instance: 0x04885F00
Enum: EEmitterDynamicParameterValue                            - Instance: 0x04886008
Enum: EParticleLevelInfluenceType                              - Instance: 0x04886C0C
Enum: EParticleScreenAlignment                                 - Instance: 0x04886D88
Enum: EEmitterNormalsMode                                      - Instance: 0x04888638
Enum: EParticleSortMode                                        - Instance: 0x048886A4
Enum: ETrail2SourceMethod                                      - Instance: 0x0488B658
Enum: ETrail2SpawnMethod                                       - Instance: 0x0488BC9C
Enum: ETrailTaperMethod                                        - Instance: 0x0488BEC8
Enum: EBeamMethod                                              - Instance: 0x0488D2E8
Enum: EBeamEndPointMethod                                      - Instance: 0x0488DA84
Enum: EBeam2Method                                             - Instance: 0x0488DDF0
Enum: EBeamTaperMethod                                         - Instance: 0x0488E99C
Enum: EMeshCameraFacingOptions                                 - Instance: 0x0488F0CC
Enum: EMeshCameraFacingUpAxis                                  - Instance: 0x0488F138
Enum: EMeshScreenAlignment                                     - Instance: 0x0488F240
Enum: EPhysXMeshRotationMethod                                 - Instance: 0x0488FEC0
Enum: ETrailsRenderAxisOption                                  - Instance: 0x048902B4
Enum: EPhysEffectType                                          - Instance: 0x04899E60
Enum: EWheelSide                                               - Instance: 0x04899F68
Enum: EWheelPos                                                - Instance: 0x04899FD4
Enum: EDrivableSurfaceMaterialType                             - Instance: 0x0489B290
Enum: ETyreType                                                - Instance: 0x0489B398
Enum: ESleepFamily                                             - Instance: 0x048A0498
Enum: ESimulationMethod                                        - Instance: 0x048A5CF8
Enum: EPacketSizeMultiplier                                    - Instance: 0x048A5D64
Enum: ESceneCaptureViewMode                                    - Instance: 0x048B2C6C
Enum: EScopeEdge                                               - Instance: 0x048B9F64
Enum: EPBCornerType                                            - Instance: 0x048BBEE4
Enum: EBuildingStatsBrowserColumns                             - Instance: 0x048BD1A4
Enum: EProcBuildingAxis                                        - Instance: 0x048BF838
Enum: EAimingReference                                         - Instance: 0x048C592C
Enum: ERockRainSettingsSoundIntensity                          - Instance: 0x048CA4A0
Enum: EForceModeType                                           - Instance: 0x048D5F60
Enum: ERadialForceType                                         - Instance: 0x048DBAC0
Enum: ERFlapsPoseControlType                                   - Instance: 0x048E75FC
Enum: ERFlapsConstraintType                                    - Instance: 0x048E899C
Enum: ERFlapsPoseExtractMode                                   - Instance: 0x048EC10C
Enum: ERFlapsTickGroup                                         - Instance: 0x048EEC28
Enum: EVehiclePropertyForControl                               - Instance: 0x048F22EC
Enum: EValidUpAxis                                             - Instance: 0x048F23F4
Enum: EHighlightStyle                                          - Instance: 0x04907B6C
Enum: EHighlightColorType                                      - Instance: 0x04907BD8
Enum: EPostProcessAAType                                       - Instance: 0x04908C38
Enum: ERouteDirection                                          - Instance: 0x0490AB80
Enum: ERouteFillAction                                         - Instance: 0x0490ABEC
Enum: ERouteType                                               - Instance: 0x0490AF54
Enum: EPhysMaterialImpactTypes                                 - Instance: 0x04910FA4
Enum: EParticlesActiveState                                    - Instance: 0x04916F00
Enum: EPollenVisibility                                        - Instance: 0x04916F6C
Enum: ESkeletalMeshDrivenMaterialRotationSpace                 - Instance: 0x0491EB98
Enum: EPointSelection                                          - Instance: 0x0492B978
Enum: EMatineeSkipPosition                                     - Instance: 0x04933634
Enum: EMeshType                                                - Instance: 0x0493CE30
Enum: EWorldAttractorFalloffType                               - Instance: 0x0493ED6C
Enum: EParticleEventOutputType                                 - Instance: 0x04948D80
Enum: ERTriggerVolumeType                                      - Instance: 0x0494AE38
Enum: EBoneControlSpace                                        - Instance: 0x0494FE38
Enum: ESplineControlRotMode                                    - Instance: 0x04955A04
Enum: ESoftBodyBoneType                                        - Instance: 0x0495693C
Enum: EClothBoneType                                           - Instance: 0x04956A70
Enum: ETriangleSortOption                                      - Instance: 0x04956BA4
Enum: EBoneBreakOption                                         - Instance: 0x04956C10
Enum: ETriangleSortAxis                                        - Instance: 0x04956C7C
Enum: EClothMovementScaleGen                                   - Instance: 0x04956CE8
Enum: EDecompressionType                                       - Instance: 0x0496FE14
Enum: ESpeedTreeMeshType                                       - Instance: 0x04973C18
Enum: E_GFSDK_PhaseFunction                                    - Instance: 0x0497B5FC
Enum: E_GFSDK_QualityLevel                                     - Instance: 0x0497B798
Enum: ETerrainMappingType                                      - Instance: 0x049886A0
Enum: ETextureFlipBookMethod                                   - Instance: 0x0498A928
Enum: EMovieStreamSource                                       - Instance: 0x0498BA4C
Enum: ETwitterRequestMethod                                    - Instance: 0x049922E0
Enum: ETwitterIntegrationDelegate                              - Instance: 0x0499234C
Enum: ETonemapperType                                          - Instance: 0x04993DBC
Enum: EStatsFetchType                                          - Instance: 0x0499FA3C
Enum: EUmbraStorageMode                                        - Instance: 0x049A5E84
Enum: EWeaponFireType                                          - Instance: 0x049AC880
Class: Actor                                                   - Instance: 0x041204E0
Class: Info                                                    - Instance: 0x04121860
Class: ZoneInfo                                                - Instance: 0x04122BE0
Class: WorldInfo                                               - Instance: 0x04123810
Class: DownloadableContentEnumerator                           - Instance: 0x042F8000
Class: DownloadableContentManager                              - Instance: 0x042F8270
Class: Engine                                                  - Instance: 0x042F84E0
Class: GameEngine                                              - Instance: 0x042F8750
Class: EngineBaseTypes                                         - Instance: 0x042F89C0
Class: AkActor                                                 - Instance: 0x042F8C30
Class: AkSoundActor                                            - Instance: 0x042F8EA0
Class: Brush                                                   - Instance: 0x042F9110
Class: BrushShape                                              - Instance: 0x042F9380
Class: Volume                                                  - Instance: 0x042F95F0
Class: BlockingVolume                                          - Instance: 0x042F9860
Class: DynamicBlockingVolume                                   - Instance: 0x042F9AD0
Class: CullDistanceVolume                                      - Instance: 0x042F9D40
Class: LevelGridVolume                                         - Instance: 0x042F9FB0
Class: LevelStreamingVolume                                    - Instance: 0x042FA220
Class: MassiveLODOverrideVolume                                - Instance: 0x042FA490
Class: PathBlockingVolume                                      - Instance: 0x042FA700
Class: PhysicsVolume                                           - Instance: 0x042FA970
Class: DefaultPhysicsVolume                                    - Instance: 0x042FABE0
Class: LadderVolume                                            - Instance: 0x042FAE50
Class: PortalVolume                                            - Instance: 0x042FB0C0
Class: PostProcessVolume                                       - Instance: 0x042FB330
Class: RApexClothBlockingVolume                                - Instance: 0x042FB5A0
Class: RConformNavMeshToFloorVolume                            - Instance: 0x042FB810
Class: RHeightMapCaptureVolume                                 - Instance: 0x042FBA80
Class: RainVolume                                              - Instance: 0x042FBCF0
Class: RDustVolume                                             - Instance: 0x042FC000
Class: RPollenVolume                                           - Instance: 0x042FC270
Class: SnowVolume                                              - Instance: 0x042FC4E0
Class: RLOD1ClippingVolume                                     - Instance: 0x042FC750
Class: RLOD2UndersideClippingVolume                            - Instance: 0x042FC9C0
Class: RNoClimbVolume                                          - Instance: 0x042FCC30
Class: ROceanAttachedToCamera                                  - Instance: 0x042FCEA0
Class: RPyroFearGasAttachedToCamera                            - Instance: 0x042FD110
Class: RUmbraDummyVolume                                       - Instance: 0x042FD380
Class: TriggerVolume                                           - Instance: 0x042FD5F0
Class: UmbraStreamingVolume                                    - Instance: 0x042FD860
Class: DroppedPickup                                           - Instance: 0x042FDAD0
Class: Emitter                                                 - Instance: 0x042FDD40
Class: REmitter                                                - Instance: 0x042FDFB0
Class: EmitterPool                                             - Instance: 0x042FE220
Class: HUD                                                     - Instance: 0x042FE490
Class: GameInfo                                                - Instance: 0x042FE700
Class: Mutator                                                 - Instance: 0x042FE970
Class: Route                                                   - Instance: 0x042FEBE0
Class: WindPointSource                                         - Instance: 0x042FEE50
Class: Inventory                                               - Instance: 0x042FF0C0
Class: Weapon                                                  - Instance: 0x042FF330
Class: InventoryManager                                        - Instance: 0x042FF5A0
Class: Keypoint                                                - Instance: 0x042FF810
Class: TargetPoint                                             - Instance: 0x042FFA80
Class: MaterialInstanceActor                                   - Instance: 0x042FFCF0
Class: MatineeActor                                            - Instance: 0x04300000
Class: NavigationPoint                                         - Instance: 0x04300270
Class: CoverLink                                               - Instance: 0x043004E0
Class: DynamicAnchor                                           - Instance: 0x04300750
Class: Ladder                                                  - Instance: 0x043009C0
Class: PathNode                                                - Instance: 0x04300C30
Class: VolumePathNode                                          - Instance: 0x04300EA0
Class: PickupFactory                                           - Instance: 0x04301110
Class: PlayerStart                                             - Instance: 0x04301380
Class: PortalMarker                                            - Instance: 0x043015F0
Class: Pylon                                                   - Instance: 0x04301860
Class: AISwitchablePylon                                       - Instance: 0x04301AD0
Class: DynamicPylon                                            - Instance: 0x04301D40
Class: Teleporter                                              - Instance: 0x04301FB0
Class: Note                                                    - Instance: 0x04302220
Class: Projectile                                              - Instance: 0x04302490
Class: RCinematicOriginActor                                   - Instance: 0x04302700
Class: RGangInteractPointEngineBase                            - Instance: 0x04302970
Class: RigidBodyBase                                           - Instance: 0x04302BE0
Class: RStaticClimbableActor                                   - Instance: 0x04302E50
Class: DynamicSMActor                                          - Instance: 0x043030C0
Class: InterpActor                                             - Instance: 0x04303330
Class: FlexActor                                               - Instance: 0x043035A0
Class: RPollenStaticMeshActor                                  - Instance: 0x04303810
Class: StaticMeshActorBase                                     - Instance: 0x04303A80
Class: RInstancedStaticMeshActor                               - Instance: 0x04303CF0
Class: RInstancedStaticMeshCollectionActor                     - Instance: 0x04304000
Class: StaticMeshActor                                         - Instance: 0x04304270
Class: RStaticMeshActorDecorated                               - Instance: 0x043044E0
Class: StaticMeshLODActor                                      - Instance: 0x04304750
Class: StaticMeshCollectionActor                               - Instance: 0x043049C0
Class: SceneCaptureActor                                       - Instance: 0x04304C30
Class: SceneCapture2DActor                                     - Instance: 0x04304EA0
Class: SceneCaptureCubeMapActor                                - Instance: 0x04305110
Class: SceneCaptureReflectActor                                - Instance: 0x04305380
Class: SceneCapturePortalActor                                 - Instance: 0x043055F0
Class: PortalTeleporter                                        - Instance: 0x04305860
Class: Trigger                                                 - Instance: 0x04305AD0
Class: Trigger_PawnsOnly                                       - Instance: 0x04305D40
Class: ActorComponent                                          - Instance: 0x04305FB0
Class: AkComponent                                             - Instance: 0x04306220
Class: AkDialogueComponent                                     - Instance: 0x04306490
Class: AudioComponent                                          - Instance: 0x04306700
Class: HeightFogComponent                                      - Instance: 0x04306970
Class: PrimitiveComponent                                      - Instance: 0x04306E50
Class: AkDrawBoundsComponent                                   - Instance: 0x04306BE0
Class: AkDrawSoundRadiusComponent                              - Instance: 0x04307330
Class: ApexRenderVolumeComponent                               - Instance: 0x043075A0
Class: ArrowComponent                                          - Instance: 0x04307810
Class: BrushComponent                                          - Instance: 0x04307A80
Class: CylinderComponent                                       - Instance: 0x04307CF0
Class: DrawBoxComponent                                        - Instance: 0x0430C000
Class: AkDrawSoundBoxComponent                                 - Instance: 0x0430C4E0
Class: DrawCapsuleComponent                                    - Instance: 0x0430C9C0
Class: DrawConeComponent                                       - Instance: 0x0430CEA0
Class: DrawCylinderComponent                                   - Instance: 0x0430D110
Class: DrawFrustumComponent                                    - Instance: 0x0430D5F0
Class: DrawSphereComponent                                     - Instance: 0x0430DAD0
Class: DrawPylonRadiusComponent                                - Instance: 0x0430DFB0
Class: DrawTaperedCapsuleComponent                             - Instance: 0x0430E490
Class: LevelGridVolumeRenderingComponent                       - Instance: 0x0430E970
Class: LineBatchComponent                                      - Instance: 0x0430EBE0
Class: ModelComponent                                          - Instance: 0x0430EE50
Class: RAggGeomCollisionComponent                              - Instance: 0x0430F330
Class: RBoxComponent                                           - Instance: 0x0430F5A0
Class: RDustComponent                                          - Instance: 0x0430FA80
Class: ROceanComponent                                         - Instance: 0x04310000
Class: RPollenComponent                                        - Instance: 0x04310270
Class: RPyroFearGasComponent                                   - Instance: 0x04310750
Class: RRainComponent                                          - Instance: 0x043109C0
Class: RSnowComponent                                          - Instance: 0x04310C30
Class: RThickFearGasComponent                                  - Instance: 0x04310EA0
Class: SpriteComponent                                         - Instance: 0x04311380
Class: UmbraStreamingVolumeRenderingComponent                  - Instance: 0x04311860
Class: RadialBlurComponent                                     - Instance: 0x04311AD0
Class: RainMapComponent                                        - Instance: 0x04311D40
Class: RDustMapComponent                                       - Instance: 0x04311FB0
Class: RockHeightMapComponent                                  - Instance: 0x04312220
Class: RPollenMapComponent                                     - Instance: 0x04312490
Class: SceneCaptureComponent                                   - Instance: 0x04312700
Class: SceneCapture2DComponent                                 - Instance: 0x04312970
Class: SceneCapture2DHitMaskComponent                          - Instance: 0x04312BE0
Class: SceneCaptureCubeMapComponent                            - Instance: 0x04312E50
Class: RockSceneCaptureCubeMapComponent                        - Instance: 0x043130C0
Class: SceneCapturePortalComponent                             - Instance: 0x04313330
Class: SceneCaptureReflectComponent                            - Instance: 0x043135A0
Class: SnowMapComponent                                        - Instance: 0x04313810
Class: WindDirectionalSourceComponent                          - Instance: 0x04313A80
Class: WindPointSourceComponent                                - Instance: 0x04313CF0
Class: ActorFactory                                            - Instance: 0x04314000
Class: ActorFactoryActor                                       - Instance: 0x04314270
Class: ActorFactoryAI                                          - Instance: 0x043144E0
Class: ActorFactoryApexDestructible                            - Instance: 0x04314750
Class: ActorFactoryArchetype                                   - Instance: 0x043149C0
Class: ActorFactoryDynamicSM                                   - Instance: 0x04314C30
Class: ActorFactoryMover                                       - Instance: 0x04314EA0
Class: ActorFactoryRigidBody                                   - Instance: 0x04315110
Class: ActorFactoryEmitter                                     - Instance: 0x04315380
Class: ActorFactoryFlex                                        - Instance: 0x043155F0
Class: ActorFactoryLensFlare                                   - Instance: 0x04315860
Class: ActorFactoryLight                                       - Instance: 0x04315AD0
Class: ActorFactoryPathNode                                    - Instance: 0x04315D40
Class: ActorFactoryPhysicsAsset                                - Instance: 0x04315FB0
Class: ActorFactoryPlayerStart                                 - Instance: 0x04316220
Class: ActorFactoryPylon                                       - Instance: 0x04316490
Class: ActorFactorySkeletalMesh                                - Instance: 0x04316700
Class: ActorFactorySpotLight                                   - Instance: 0x04316970
Class: ActorFactoryStaticMesh                                  - Instance: 0x04316BE0
Class: RActorFactoryStaticMeshDecorated                        - Instance: 0x04316E50
Class: ActorFactoryTrigger                                     - Instance: 0x043170C0
Class: ActorFactoryVehicle                                     - Instance: 0x04317330
Class: AkDialogue                                              - Instance: 0x043175A0
Class: AkHash                                                  - Instance: 0x04317810
Class: AkAction                                                - Instance: 0x04317A80
Class: AkActionGlobal                                          - Instance: 0x04317CF0
Class: AkActionGlobal_Environment                              - Instance: 0x04318000
Class: AkActionGlobal_Event                                    - Instance: 0x04318270
Class: AkActionGlobal_Fact                                     - Instance: 0x043184E0
Class: AkActionGlobal_MixTemplate                              - Instance: 0x04318750
Class: AkActionGlobal_MusicControl                             - Instance: 0x043189C0
Class: AkActionGlobal_CombatMusicControl                       - Instance: 0x04318C30
Class: AkActionGlobal_DeathMusicControl                        - Instance: 0x04318EA0
Class: AkActionGlobal_GenericMusicControl                      - Instance: 0x04319110
Class: AkActionGlobal_LanguageMusicControl                     - Instance: 0x04319380
Class: AkActionGlobal_PredatorMusicControl                     - Instance: 0x043195F0
Class: AkActionGlobal_MusicLocation                            - Instance: 0x04319860
Class: AkActionGlobal_MusicOverride                            - Instance: 0x04319AD0
Class: AkActionGlobal_Parameter                                - Instance: 0x04319D40
Class: AkActionGlobal_Parameter_Altitude                       - Instance: 0x04319FB0
Class: AkActionGlobal_Parameter_Combat                         - Instance: 0x0431A220
Class: AkActionGlobal_State                                    - Instance: 0x0431A490
Class: AkActionTargeted                                        - Instance: 0x0431A700
Class: AkActionTargeted_Switch                                 - Instance: 0x0431A970
Class: AkAsset                                                 - Instance: 0x0431ABE0
Class: AkEnvironmentName                                       - Instance: 0x0431AE50
Class: AkEvent                                                 - Instance: 0x0431B0C0
Class: AkAudioNotifySet                                        - Instance: 0x0431B330
Class: AkAudioNotifyType                                       - Instance: 0x0431B5A0
Class: AkCharacterFilter                                       - Instance: 0x0431B810
Class: AkCurve                                                 - Instance: 0x0431BA80
Class: AkDialogueAnim                                          - Instance: 0x0431BCF0
Class: AkDialogueAnimCustom                                    - Instance: 0x0431C000
Class: AkDialogueEvent                                         - Instance: 0x0431C270
Class: AkDialogueSpeech                                        - Instance: 0x0431C4E0
Class: AkDialogueConversation                                  - Instance: 0x0431C750
Class: AkDialogueConversationDynamic                           - Instance: 0x0431C9C0
Class: AkDialogueLine                                          - Instance: 0x0431CC30
Class: AkDialogueLineRandom                                    - Instance: 0x0431CEA0
Class: AkDialogueLineSingle                                    - Instance: 0x0431D110
Class: AkDialogueLineDynamic                                   - Instance: 0x0431D380
Class: AkDialogueType                                          - Instance: 0x0431D5F0
Class: AkDialogueVoice                                         - Instance: 0x0431D860
Class: AkDialogueVoiceCustom                                   - Instance: 0x0431DAD0
Class: AkDialogueVoiceSet                                      - Instance: 0x0431DD40
Class: AkEmoteSet                                              - Instance: 0x0431DFB0
Class: AkEmoteType                                             - Instance: 0x0431E220
Class: AkMixTemplate                                           - Instance: 0x0431E490
Class: AkParameterName                                         - Instance: 0x0431E700
Class: AkPredicate                                             - Instance: 0x0431E970
Class: AkFactName                                              - Instance: 0x0431EBE0
Class: AkGlobalFlagCheck                                       - Instance: 0x0431EE50
Class: AkNegatedFact                                           - Instance: 0x0431F0C0
Class: AkProperties                                            - Instance: 0x0431F330
Class: AkStateGroupName                                        - Instance: 0x0431F5A0
Class: AkStateName                                             - Instance: 0x0431F810
Class: AkSwitchGroupName                                       - Instance: 0x0431FA80
Class: AkSwitchName                                            - Instance: 0x0431FCF0
Class: AkTriggerName                                           - Instance: 0x04320000
Class: RExternalHook                                           - Instance: 0x04320270
Class: AkBankExternalHook                                      - Instance: 0x043204E0
Class: AkBank                                                  - Instance: 0x04320750
Class: AkMixManager                                            - Instance: 0x043209C0
Class: AkSoundDirector                                         - Instance: 0x04320C30
Class: AkWwise                                                 - Instance: 0x04320EA0
Class: BookMark                                                - Instance: 0x04321110
Class: BookMark2D                                              - Instance: 0x04321380
Class: KismetBookMark                                          - Instance: 0x043215F0
Class: Canvas                                                  - Instance: 0x04321860
Class: Channel                                                 - Instance: 0x04321AD0
Class: ActorChannel                                            - Instance: 0x04321D40
Class: ControlChannel                                          - Instance: 0x04321FB0
Class: VoiceChannel                                            - Instance: 0x04322220
Class: Controller                                              - Instance: 0x04322970
Class: PlayerController                                        - Instance: 0x04322700
Class: CheatManager                                            - Instance: 0x04322490
Class: Client                                                  - Instance: 0x04322BE0
Class: ClipPadEntry                                            - Instance: 0x04322E50
Class: CodecMovie                                              - Instance: 0x043230C0
Class: CodecMovieBink                                          - Instance: 0x04323330
Class: CodecMovieFallback                                      - Instance: 0x043235A0
Class: CurveEdPresetCurve                                      - Instance: 0x04323810
Class: CustomPropertyItemHandler                               - Instance: 0x04323A80
Class: DamageType                                              - Instance: 0x04323CF0
Class: KillZDamageType                                         - Instance: 0x04324000
Class: DistributionFloatConstant                               - Instance: 0x04324270
Class: DistributionFloatParameterBase                          - Instance: 0x043244E0
Class: DistributionFloatConstantCurve                          - Instance: 0x04324750
Class: DistributionFloatUniform                                - Instance: 0x043249C0
Class: DistributionFloatUniformCurve                           - Instance: 0x04324C30
Class: DistributionFloatUniformRange                           - Instance: 0x04324EA0
Class: DistributionVectorConstant                              - Instance: 0x04325110
Class: DistributionVectorParameterBase                         - Instance: 0x04325380
Class: DistributionVectorConstantCurve                         - Instance: 0x043255F0
Class: DistributionVectorUniform                               - Instance: 0x04325860
Class: DistributionVectorUniformCurve                          - Instance: 0x04325AD0
Class: DistributionVectorUniformRange                          - Instance: 0x04325D40
Class: EdCoordSystem                                           - Instance: 0x04325FB0
Class: EditorLinkSelectionInterface                            - Instance: 0x04326220
Class: EngineTypes                                             - Instance: 0x04326490
Class: FaceFXAnimSet                                           - Instance: 0x04326700
Class: FaceFXAsset                                             - Instance: 0x04326970
Class: Font                                                    - Instance: 0x04326BE0
Class: MultiFont                                               - Instance: 0x04326E50
Class: FontImportOptions                                       - Instance: 0x043270C0
Class: ForceFeedbackManager                                    - Instance: 0x04327330
Class: ForceFeedbackWaveform                                   - Instance: 0x043275A0
Class: GameplayEvents                                          - Instance: 0x04327810
Class: GameplayEventsReader                                    - Instance: 0x04327A80
Class: GameplayEventsWriterBase                                - Instance: 0x04327CF0
Class: GameplayEventsUploadAnalytics                           - Instance: 0x04328000
Class: GameplayEventsWriter                                    - Instance: 0x04328270
Class: GameplayEventsHandler                                   - Instance: 0x043284E0
Class: GenericParamListStatEntry                               - Instance: 0x04328750
Class: GuidCache                                               - Instance: 0x043289C0
Class: HttpBaseInterface                                       - Instance: 0x04328C30
Class: HttpRequestInterface                                    - Instance: 0x04328EA0
Class: HttpResponseInterface                                   - Instance: 0x04329110
Class: IniLocPatcher                                           - Instance: 0x04329380
Class: Interface_NavigationHandle                              - Instance: 0x043295F0
Class: Interface_Speaker                                       - Instance: 0x04329860
Class: InterpCurveEdSetup                                      - Instance: 0x04329AD0
Class: InterpTrack                                             - Instance: 0x04329D40
Class: JsonObject                                              - Instance: 0x04329FB0
Class: KMeshProps                                              - Instance: 0x0432A220
Class: LevelBase                                               - Instance: 0x0432A490
Class: Level                                                   - Instance: 0x0432A700
Class: PendingLevel                                            - Instance: 0x0432A970
Class: LevelStreaming                                          - Instance: 0x0432ABE0
Class: LevelStreamingAlwaysLoaded                              - Instance: 0x0432AE50
Class: LevelStreamingDistance                                  - Instance: 0x0432B0C0
Class: LevelStreamingKismet                                    - Instance: 0x0432B330
Class: LevelStreamingPersistent                                - Instance: 0x0432B5A0
Class: LightmappedSurfaceCollection                            - Instance: 0x0432B810
Class: LightmassPrimitiveSettingsObject                        - Instance: 0x0432BA80
Class: LocHelper                                               - Instance: 0x0432BCF0
Class: MapInfo                                                 - Instance: 0x0432C000
Class: MaterialExpression                                      - Instance: 0x0432C270
Class: Model                                                   - Instance: 0x0432C4E0
Class: NavigationMeshBase                                      - Instance: 0x0432C750
Class: NetDriver                                               - Instance: 0x0432C9C0
Class: ObjectReferencer                                        - Instance: 0x0432CC30
Class: OnlineAuthInterface                                     - Instance: 0x0432CEA0
Class: OnlineCustomContentRequest                              - Instance: 0x0432D110
Class: OnlineCustomContentRequestHydra                         - Instance: 0x0432D380
Class: OnlineCustomContentRequestCacheableHydra                - Instance: 0x0432D5F0
Class: OnlineCustomContentRequestManifestCrcHydra              - Instance: 0x0432D860
Class: OnlineMatchmakingStats                                  - Instance: 0x0432DAD0
Class: OnlinePlayerStorage                                     - Instance: 0x0432DD40
Class: OnlineProfileSettings                                   - Instance: 0x0432DFB0
Class: OnlineStats                                             - Instance: 0x0432E220
Class: OnlineStatsRead                                         - Instance: 0x0432E490
Class: OnlineStatsWrite                                        - Instance: 0x0432E700
Class: OnlineSubsystem                                         - Instance: 0x0432E970
Class: PackageMapLevel                                         - Instance: 0x0432EBE0
Class: PackageMapSeekFree                                      - Instance: 0x0432EE50
Class: PersistentDebugData                                     - Instance: 0x0432F0C0
Class: Player                                                  - Instance: 0x0432F330
Class: LocalPlayer                                             - Instance: 0x0432F5A0
Class: NetConnection                                           - Instance: 0x0432F810
Class: ChildConnection                                         - Instance: 0x0432FA80
Class: Polys                                                   - Instance: 0x0432FCF0
Class: PostProcessChain                                        - Instance: 0x04330000
Class: PostProcessEffect                                       - Instance: 0x04330270
Class: AmbientOcclusionEffect                                  - Instance: 0x043304E0
Class: BlurEffect                                              - Instance: 0x04330750
Class: CopyHeightsToRGBEffect                                  - Instance: 0x043309C0
Class: DOFEffect                                               - Instance: 0x04330C30
Class: DOFAndBloomEffect                                       - Instance: 0x04330EA0
Class: DOFBloomMotionBlurEffect                                - Instance: 0x04331110
Class: RockAtmos                                               - Instance: 0x04331380
Class: RockOn                                                  - Instance: 0x043315F0
Class: UberPostProcessEffect                                   - Instance: 0x04331860
Class: DwTriovizImplEffect                                     - Instance: 0x04331AD0
Class: MaterialEffect                                          - Instance: 0x04331D40
Class: MetaSurfaceEffect                                       - Instance: 0x04331FB0
Class: MotionBlurEffect                                        - Instance: 0x04332220
Class: RockAO                                                  - Instance: 0x04332490
Class: PrimitiveComponentFactory                               - Instance: 0x04332700
Class: MeshComponentFactory                                    - Instance: 0x04332970
Class: StaticMeshComponentFactory                              - Instance: 0x04332BE0
Class: RAkAudible                                              - Instance: 0x04332E50
Class: RAkAudibleParameters                                    - Instance: 0x043330C0
Class: RAkAudiblePropagation                                   - Instance: 0x04333330
Class: ReachSpec                                               - Instance: 0x043335A0
Class: AdvancedReachSpec                                       - Instance: 0x04333810
Class: ForcedReachSpec                                         - Instance: 0x04333A80
Class: ProscribedReachSpec                                     - Instance: 0x04333CF0
Class: RObjectPool                                             - Instance: 0x04334000
Class: SavedMove                                               - Instance: 0x04334270
Class: SaveGameSummary                                         - Instance: 0x043344E0
Class: ScriptViewportClient                                    - Instance: 0x04334750
Class: GameViewportClient                                      - Instance: 0x043349C0
Class: Selection                                               - Instance: 0x04334C30
Class: ServerCommandlet                                        - Instance: 0x04334EA0
Class: Settings                                                - Instance: 0x04335110
Class: OnlineGameSearch                                        - Instance: 0x04335380
Class: OnlineGameSettings                                      - Instance: 0x043355F0
Class: ShaderCache                                             - Instance: 0x04335860
Class: ShadowMap1D                                             - Instance: 0x04335AD0
Class: ShadowMap2D                                             - Instance: 0x04335D40
Class: SmokeTestCommandlet                                     - Instance: 0x04335FB0
Class: SoundCue                                                - Instance: 0x04336220
Class: SpeechRecognition                                       - Instance: 0x04336490
Class: StaticMesh                                              - Instance: 0x04336700
Class: StaticMeshSocket                                        - Instance: 0x04336970
Class: Surface                                                 - Instance: 0x04336E50
Class: MaterialInterface                                       - Instance: 0x04336BE0
Class: RB_BodySetup                                            - Instance: 0x043370C0
Class: RLedgeSetup                                             - Instance: 0x04337330
Class: InstancedFoliageSettings                                - Instance: 0x0434C270
Class: FlexAsset                                               - Instance: 0x0434C4E0
Class: FracturedStaticMesh                                     - Instance: 0x0434C750
Class: ParticleSystem                                          - Instance: 0x0434C9C0
Class: Texture                                                 - Instance: 0x0434D110
Class: Texture2D                                               - Instance: 0x0434CEA0
Class: LightMapTexture2D                                       - Instance: 0x0434CC30
Class: ShadowMapTexture2D                                      - Instance: 0x0434D380
Class: TranslationContext                                      - Instance: 0x0434D5F0
Class: TranslatorTag                                           - Instance: 0x0434D860
Class: StringsTag                                              - Instance: 0x0434DAD0
Class: UIRoot                                                  - Instance: 0x0434E490
Class: Interaction                                             - Instance: 0x0434E220
Class: UIInteraction                                           - Instance: 0x0434DFB0
Class: UIManager                                               - Instance: 0x0434DD40
Class: UmbraData                                               - Instance: 0x0434E700
Class: UmbraReference                                          - Instance: 0x0434E970
Class: WaveFormBase                                            - Instance: 0x0434EBE0
Class: World                                                   - Instance: 0x0434EE50
Class: EnvironmentVolume                                       - Instance: 0x0434F0C0
Class: AIController                                            - Instance: 0x0434F330
Class: PathTargetPoint                                         - Instance: 0x0434F5A0
Class: NavMeshObstacle                                         - Instance: 0x0434F810
Class: PylonSeed                                               - Instance: 0x0434FA80
Class: PylonWall                                               - Instance: 0x0434FCF0
Class: MeshComponent                                           - Instance: 0x04337CF0
Class: StaticMeshComponent                                     - Instance: 0x04337810
Class: CoverMeshComponent                                      - Instance: 0x043375A0
Class: NavMeshRenderingComponent                               - Instance: 0x04364000
Class: PathRenderingComponent                                  - Instance: 0x04364270
Class: RouteRenderingComponent                                 - Instance: 0x043644E0
Class: AICommandBase                                           - Instance: 0x04364750
Class: AutoNavMeshPathObstacleUnregister                       - Instance: 0x043649C0
Class: Interface_NavMeshPathObject                             - Instance: 0x04364C30
Class: Interface_NavMeshPathSwitch                             - Instance: 0x04364EA0
Class: Interface_NavMeshPathObstacle                           - Instance: 0x04365110
Class: Interface_PylonGeometryProvider                         - Instance: 0x04365380
Class: Interface_RVO                                           - Instance: 0x043655F0
Class: NavigationHandle                                        - Instance: 0x04365860
Class: NavMeshGoal_Filter                                      - Instance: 0x04365AD0
Class: NavMeshGoalFilter_MinPathDistance                       - Instance: 0x04365D40
Class: NavMeshGoalFilter_NotNearOtherAI                        - Instance: 0x04365FB0
Class: NavMeshGoalFilter_OutOfViewFrom                         - Instance: 0x04366220
Class: NavMeshGoalFilter_OutSideOfDotProductWedge              - Instance: 0x04366490
Class: NavMeshGoalFilter_PolyEncompassesAI                     - Instance: 0x04366700
Class: NavMeshPathConstraint                                   - Instance: 0x04366970
Class: NavMeshPath_AlongLine                                   - Instance: 0x04366BE0
Class: NavMeshPath_EnforceTwoWayEdges                          - Instance: 0x04366E50
Class: NavMeshPath_MinDistBetweenSpecsOfType                   - Instance: 0x043670C0
Class: NavMeshPath_SameCoverLink                               - Instance: 0x04367330
Class: NavMeshPath_Toward                                      - Instance: 0x043675A0
Class: NavMeshPath_WithinDistanceEnvelope                      - Instance: 0x04367810
Class: NavMeshPath_WithinTraversalDist                         - Instance: 0x04367A80
Class: NavMeshPathGoalEvaluator                                - Instance: 0x04367CF0
Class: NavMeshGoal_At                                          - Instance: 0x04368000
Class: NavMeshGoal_ClosestActorInList                          - Instance: 0x04368270
Class: NavMeshGoal_GenericFilterContainer                      - Instance: 0x043684E0
Class: NavMeshGoal_Null                                        - Instance: 0x04368750
Class: NavMeshGoal_PolyEncompassesAI                           - Instance: 0x043689C0
Class: NavMeshGoal_Random                                      - Instance: 0x04368C30
Class: NavMeshGoal_WithinDistanceEnvelope                      - Instance: 0x04368EA0
Class: PathConstraint                                          - Instance: 0x04369110
Class: Path_AlongLine                                          - Instance: 0x04369380
Class: Path_AvoidInEscapableNodes                              - Instance: 0x043695F0
Class: Path_MinDistBetweenSpecsOfType                          - Instance: 0x04369860
Class: Path_TowardGoal                                         - Instance: 0x04369AD0
Class: Path_TowardPoint                                        - Instance: 0x04369D40
Class: Path_WithinDistanceEnvelope                             - Instance: 0x04369FB0
Class: Path_WithinTraversalDist                                - Instance: 0x0436A220
Class: PathGoalEvaluator                                       - Instance: 0x0436A490
Class: RNavigationQueryObject                                  - Instance: 0x0436A700
Class: SkeletalMeshActor                                       - Instance: 0x0436A970
Class: SkeletalMeshActorSpawnable                              - Instance: 0x0436ABE0
Class: SkeletalMeshCinematicActor                              - Instance: 0x0436AE50
Class: SkeletalMeshActorMAT                                    - Instance: 0x0436B0C0
Class: HeadTrackingComponent                                   - Instance: 0x0436B330
Class: AnimationCompressionAlgorithm                           - Instance: 0x0436B5A0
Class: AnimationCompressionAlgorithm_Automatic                 - Instance: 0x0436B810
Class: AnimationCompressionAlgorithm_BitwiseCompressOnly       - Instance: 0x0436BA80
Class: AnimationCompressionAlgorithm_LeastDestructive          - Instance: 0x0436BCF0
Class: AnimationCompressionAlgorithm_RemoveEverySecondKey      - Instance: 0x0436C000
Class: AnimationCompressionAlgorithm_RemoveLinearKeys          - Instance: 0x0436C270
Class: AnimationCompressionAlgorithm_PerTrackCompression       - Instance: 0x0436C4E0
Class: AnimationCompressionAlgorithm_RemoveTrivialKeys         - Instance: 0x0436C750
Class: AnimationCompressionAlgorithm_RevertToRaw               - Instance: 0x0436C9C0
Class: AnimMetaData                                            - Instance: 0x0436CC30
Class: AnimMetaData_SkelControl                                - Instance: 0x0436CEA0
Class: AnimMetaData_SkelControlKeyFrame                        - Instance: 0x0436D110
Class: AnimNotify                                              - Instance: 0x0436D380
Class: AnimNotify_CameraEffect                                 - Instance: 0x0436D5F0
Class: AnimNotify_ClothingMaxDistanceScale                     - Instance: 0x0436D860
Class: AnimNotify_Footstep                                     - Instance: 0x0436DAD0
Class: AnimNotify_ForceField                                   - Instance: 0x0436DD40
Class: AnimNotify_Kismet                                       - Instance: 0x0436DFB0
Class: AnimNotify_PlayParticleEffect                           - Instance: 0x0436E220
Class: AnimNotify_Rumble                                       - Instance: 0x0436E490
Class: AnimNotify_Script                                       - Instance: 0x0436E700
Class: AnimNotify_Scripted                                     - Instance: 0x0436E970
Class: AnimNotify_PawnMaterialParam                            - Instance: 0x0436EBE0
Class: AnimNotify_ViewShake                                    - Instance: 0x0436EE50
Class: AnimNotify_Trails                                       - Instance: 0x0436F0C0
Class: RAnimNotify_SoundBase                                   - Instance: 0x0436F330
Class: AnimNotify_Sound                                        - Instance: 0x0436F5A0
Class: RAnimNotify_SoundInterruptable                          - Instance: 0x0436F810
Class: AnimObject                                              - Instance: 0x0436FA80
Class: AnimNode                                                - Instance: 0x0436FCF0
Class: AnimNodeBlendBase                                       - Instance: 0x04370000
Class: AnimNodeAimOffset                                       - Instance: 0x04370270
Class: AnimNodeBlend                                           - Instance: 0x043704E0
Class: AnimNodeAdditiveBlending                                - Instance: 0x04370750
Class: AnimNodeBlendPerBone                                    - Instance: 0x043709C0
Class: AnimNodeCrossfader                                      - Instance: 0x04370C30
Class: AnimNodePlayCustomAnim                                  - Instance: 0x04370EA0
Class: AnimNodeBlendDirectional                                - Instance: 0x04371110
Class: AnimNodeBlendList                                       - Instance: 0x04371380
Class: AnimNodeBlendByBase                                     - Instance: 0x043715F0
Class: AnimNodeBlendByPhysics                                  - Instance: 0x04371860
Class: AnimNodeBlendByPosture                                  - Instance: 0x04371AD0
Class: AnimNodeBlendByProperty                                 - Instance: 0x04371D40
Class: AnimNodeBlendBySpeed                                    - Instance: 0x04371FB0
Class: AnimNodeRandom                                          - Instance: 0x04372220
Class: AnimNodeBlendMultiBone                                  - Instance: 0x04372490
Class: AnimNodeMirror                                          - Instance: 0x04372700
Class: AnimNodeScalePlayRate                                   - Instance: 0x04372970
Class: AnimNodeScaleRateBySpeed                                - Instance: 0x04372BE0
Class: AnimNodeSlot                                            - Instance: 0x04372E50
Class: AnimNodeSynch                                           - Instance: 0x043730C0
Class: AnimTree                                                - Instance: 0x04373330
Class: AnimNodeSequence                                        - Instance: 0x043735A0
Class: AnimNodeSequenceBlendBase                               - Instance: 0x04373810
Class: AnimNodeSequenceBlendByAim                              - Instance: 0x04373A80
Class: AnimNodeFrame                                           - Instance: 0x04373CF0
Class: MorphNodeBase                                           - Instance: 0x04374000
Class: MorphNodeMultiPose                                      - Instance: 0x04374270
Class: MorphNodePose                                           - Instance: 0x043744E0
Class: MorphNodeWeightBase                                     - Instance: 0x04374750
Class: MorphNodeWeight                                         - Instance: 0x043749C0
Class: MorphNodeWeightByBoneAngle                              - Instance: 0x04374C30
Class: MorphNodeWeightByBoneRotation                           - Instance: 0x04374EA0
Class: SkelControlBase                                         - Instance: 0x04375110
Class: SkelControl_CCD_IK                                      - Instance: 0x04375380
Class: SkelControl_Multiply                                    - Instance: 0x043755F0
Class: SkelControl_TwistBone                                   - Instance: 0x04375860
Class: SkelControlLimb                                         - Instance: 0x04375AD0
Class: SkelControlFootPlacement                                - Instance: 0x04375D40
Class: SkelControlLookAt                                       - Instance: 0x04375FB0
Class: SkelControlSingleBone                                   - Instance: 0x04376220
Class: SkelControlHandlebars                                   - Instance: 0x04376490
Class: SkelControlSpline                                       - Instance: 0x04376700
Class: SkelControlTrail                                        - Instance: 0x04376970
Class: SkelControlWheel                                        - Instance: 0x04376BE0
Class: AnimSequence                                            - Instance: 0x04376E50
Class: AnimSet                                                 - Instance: 0x043770C0
Class: MorphTarget                                             - Instance: 0x04377330
Class: MorphTargetSet                                          - Instance: 0x043775A0
Class: MorphWeightSequence                                     - Instance: 0x04377810
Class: RAimingConfig                                           - Instance: 0x04377A80
Class: RAnimNotifyToken_SoundInterruptable                     - Instance: 0x04377CF0
Class: RAnimSet_Skeleton                                       - Instance: 0x04378000
Class: RAnimZip_Settings                                       - Instance: 0x04378270
Class: RAutomaticTransitions                                   - Instance: 0x043784E0
Class: DecalActorBase                                          - Instance: 0x04378750
Class: DecalManager                                            - Instance: 0x043789C0
Class: RockDecal                                               - Instance: 0x04378C30
Class: RockDecalCollectionActor                                - Instance: 0x04378EA0
Class: DecalComponent                                          - Instance: 0x04379110
Class: DrawVolumeBox                                           - Instance: 0x04379380
Class: RockDecalComponent                                      - Instance: 0x04379860
Class: Material                                                - Instance: 0x04379D40
Class: DecalMaterial                                           - Instance: 0x04379AD0
Class: FogVolumeDensityInfo                                    - Instance: 0x04379FB0
Class: FogVolumeSphericalDensityInfo                           - Instance: 0x0437A220
Class: ExponentialHeightFogComponent                           - Instance: 0x0437A490
Class: FogVolumeDensityComponent                               - Instance: 0x0437A700
Class: FogVolumeSphericalDensityComponent                      - Instance: 0x0437A970
Class: ActorFactoryFogVolumeConstantDensityInfo                - Instance: 0x0437ABE0
Class: ActorFactoryFogVolumeSphericalDensityInfo               - Instance: 0x0437AE50
Class: FractureManager                                         - Instance: 0x0437B0C0
Class: ApexDestructibleActor                                   - Instance: 0x0437B330
Class: FracturedStaticMeshActor                                - Instance: 0x0437B5A0
Class: FracturedStaticMeshPart                                 - Instance: 0x0437B810
Class: ApexComponentBase                                       - Instance: 0x0437BA80
Class: ApexDynamicComponent                                    - Instance: 0x0437BCF0
Class: ApexStaticComponent                                     - Instance: 0x0437C000
Class: ApexStaticDestructibleComponent                         - Instance: 0x0437C270
Class: FlexComponent                                           - Instance: 0x0437C4E0
Class: FracturedBaseComponent                                  - Instance: 0x0437C750
Class: FracturedSkinnedMeshComponent                           - Instance: 0x0437C9C0
Class: FracturedStaticMeshComponent                            - Instance: 0x0437CC30
Class: InstancedStaticMeshComponent                            - Instance: 0x0437CEA0
Class: SplineMeshComponent                                     - Instance: 0x0437D110
Class: ApexAsset                                               - Instance: 0x0437D380
Class: ApexClothingAsset                                       - Instance: 0x0437D5F0
Class: ApexDestructibleAsset                                   - Instance: 0x0437D860
Class: ApexGenericAsset                                        - Instance: 0x0437DAD0
Class: InterpFilter                                            - Instance: 0x0437DD40
Class: InterpFilter_Classes                                    - Instance: 0x0437DFB0
Class: InterpFilter_Custom                                     - Instance: 0x0437E220
Class: InterpGroup                                             - Instance: 0x0437E490
Class: InterpGroupAI                                           - Instance: 0x0437E700
Class: InterpGroupCamera                                       - Instance: 0x0437E970
Class: InterpGroupDirector                                     - Instance: 0x0437EBE0
Class: InterpGroupInst                                         - Instance: 0x0437EE50
Class: InterpGroupInstAI                                       - Instance: 0x0437F0C0
Class: InterpGroupInstCamera                                   - Instance: 0x0437F330
Class: InterpGroupInstDirector                                 - Instance: 0x0437F5A0
Class: InterpTrackBoolProp                                     - Instance: 0x0437F810
Class: InterpTrackDirector                                     - Instance: 0x0437FA80
Class: InterpTrackEvent                                        - Instance: 0x0437FCF0
Class: InterpTrackFaceFX                                       - Instance: 0x04380000
Class: InterpTrackFloatBase                                    - Instance: 0x04380270
Class: InterpTrackAnimControl                                  - Instance: 0x043804E0
Class: InterpTrackFaceFXRegister                               - Instance: 0x04380750
Class: InterpTrackFade                                         - Instance: 0x043809C0
Class: InterpTrackFloatMaterialParam                           - Instance: 0x04380C30
Class: InterpTrackFloatParticleParam                           - Instance: 0x04380EA0
Class: InterpTrackFloatProp                                    - Instance: 0x04381110
Class: InterpTrackMorphWeight                                  - Instance: 0x04381380
Class: InterpTrackMoveAxis                                     - Instance: 0x043815F0
Class: InterpTrackSkelControlScale                             - Instance: 0x04381860
Class: InterpTrackSkelControlStrength                          - Instance: 0x04381AD0
Class: InterpTrackSlomo                                        - Instance: 0x04381D40
Class: InterpTrackStereoConvergence                            - Instance: 0x04381FB0
Class: RInterpTrackVehicleProp                                 - Instance: 0x04382220
Class: InterpTrackHeadTracking                                 - Instance: 0x04382490
Class: InterpTrackLinearColorBase                              - Instance: 0x04382700
Class: InterpTrackLinearColorProp                              - Instance: 0x04382970
Class: InterpTrackMove                                         - Instance: 0x04382BE0
Class: InterpTrackParticleReplay                               - Instance: 0x04382E50
Class: InterpTrackToggle                                       - Instance: 0x043830C0
Class: InterpTrackVectorBase                                   - Instance: 0x04383330
Class: InterpTrackAudioMaster                                  - Instance: 0x043835A0
Class: InterpTrackColorProp                                    - Instance: 0x04383810
Class: InterpTrackColorScale                                   - Instance: 0x04383A80
Class: InterpTrackSound                                        - Instance: 0x04383CF0
Class: InterpTrackVectorMaterialParam                          - Instance: 0x04388000
Class: InterpTrackVectorProp                                   - Instance: 0x04388270
Class: RInterpTrackDialogue                                    - Instance: 0x043884E0
Class: RInterpTrackVectorParticleParam                         - Instance: 0x04388750
Class: InterpTrackVisibility                                   - Instance: 0x043889C0
Class: RInterpTrackEvidenceKeypoint                            - Instance: 0x04388C30
Class: RInterpTrackRumble                                      - Instance: 0x04388EA0
Class: InterpTrackInst                                         - Instance: 0x04389110
Class: InterpTrackInstAnimControl                              - Instance: 0x04389380
Class: InterpTrackInstAudioMaster                              - Instance: 0x043895F0
Class: InterpTrackInstColorScale                               - Instance: 0x04389860
Class: InterpTrackInstDirector                                 - Instance: 0x04389AD0
Class: InterpTrackInstEvent                                    - Instance: 0x04389D40
Class: InterpTrackInstFaceFX                                   - Instance: 0x04389FB0
Class: InterpTrackInstFaceFXRegister                           - Instance: 0x0438A220
Class: InterpTrackInstFade                                     - Instance: 0x0438A490
Class: InterpTrackInstFloatMaterialParam                       - Instance: 0x0438A700
Class: InterpTrackInstFloatParticleParam                       - Instance: 0x0438A970
Class: InterpTrackInstHeadTracking                             - Instance: 0x0438ABE0
Class: InterpTrackInstMorphWeight                              - Instance: 0x0438AE50
Class: InterpTrackInstMove                                     - Instance: 0x0438B0C0
Class: InterpTrackInstParticleReplay                           - Instance: 0x0438B330
Class: InterpTrackInstProperty                                 - Instance: 0x0438B5A0
Class: InterpTrackInstBoolProp                                 - Instance: 0x0438B810
Class: InterpTrackInstColorProp                                - Instance: 0x0438BA80
Class: InterpTrackInstFloatProp                                - Instance: 0x0438BCF0
Class: InterpTrackInstLinearColorProp                          - Instance: 0x04390000
Class: InterpTrackInstVectorProp                               - Instance: 0x04390270
Class: RInterpTrackInstVehicleProp                             - Instance: 0x043904E0
Class: InterpTrackInstSkelControlScale                         - Instance: 0x04390750
Class: InterpTrackInstSkelControlStrength                      - Instance: 0x043909C0
Class: InterpTrackInstSlomo                                    - Instance: 0x04390C30
Class: InterpTrackInstSound                                    - Instance: 0x04390EA0
Class: InterpTrackInstStereoConvergence                        - Instance: 0x04391110
Class: InterpTrackInstToggle                                   - Instance: 0x04391380
Class: InterpTrackInstVectorMaterialParam                      - Instance: 0x043915F0
Class: InterpTrackInstVisibility                               - Instance: 0x04391860
Class: RInterpTrackInstDialogue                                - Instance: 0x04391AD0
Class: RInterpTrackInstEvidenceKeypoint                        - Instance: 0x04391D40
Class: RInterpTrackInstRumble                                  - Instance: 0x04391FB0
Class: RInterpTrackInstVectorParticleParam                     - Instance: 0x04392220
Class: MaterialExpressionAbs                                   - Instance: 0x04392490
Class: MaterialExpressionActorWorldPosition                    - Instance: 0x04392700
Class: MaterialExpressionAdd                                   - Instance: 0x04392970
Class: MaterialExpressionAddNormalMap                          - Instance: 0x04392BE0
Class: MaterialExpressionAlphaFader                            - Instance: 0x04392E50
Class: MaterialExpressionAppendVector                          - Instance: 0x043930C0
Class: MaterialExpressionBlendMode                             - Instance: 0x04393330
Class: MaterialExpressionBlurSceneTexture                      - Instance: 0x043935A0
Class: MaterialExpressionBlurTextureSample                     - Instance: 0x04393810
Class: MaterialExpressionBlurTextureSampleParameter            - Instance: 0x04393A80
Class: MaterialExpressionBlurTextureSampleParameter2D          - Instance: 0x04393CF0
Class: MaterialExpressionBumpOffset                            - Instance: 0x04394000
Class: MaterialExpressionCameraVector                          - Instance: 0x04394270
Class: MaterialExpressionCameraWorldPosition                   - Instance: 0x043944E0
Class: MaterialExpressionCeil                                  - Instance: 0x04394750
Class: MaterialExpressionClamp                                 - Instance: 0x043949C0
Class: MaterialExpressionComment                               - Instance: 0x04394C30
Class: MaterialExpressionComponentMask                         - Instance: 0x04394EA0
Class: MaterialExpressionConstant                              - Instance: 0x04395110
Class: MaterialExpressionConstant2Vector                       - Instance: 0x04395380
Class: MaterialExpressionConstant3Vector                       - Instance: 0x043955F0
Class: MaterialExpressionConstant4Vector                       - Instance: 0x04395860
Class: MaterialExpressionConstantBiasScale                     - Instance: 0x04395AD0
Class: MaterialExpressionConstantClamp                         - Instance: 0x04395D40
Class: MaterialExpressionContractExpand                        - Instance: 0x04395FB0
Class: MaterialExpressionCosine                                - Instance: 0x04396220
Class: MaterialExpressionCrossProduct                          - Instance: 0x04396490
Class: MaterialExpressionCustom                                - Instance: 0x04396700
Class: MaterialExpressionCustomTexture                         - Instance: 0x04396970
Class: MaterialExpressionDecalPosition                         - Instance: 0x04396BE0
Class: MaterialExpressionDecodeMask                            - Instance: 0x04396E50
Class: MaterialExpressionDecodeVertexMorph                     - Instance: 0x043970C0
Class: MaterialExpressionDepthBiasedAlpha                      - Instance: 0x04397330
Class: MaterialExpressionDepthBiasedBlend                      - Instance: 0x043975A0
Class: MaterialExpressionDepthOfFieldFunction                  - Instance: 0x04397810
Class: MaterialExpressionDeriveNormalZ                         - Instance: 0x04397A80
Class: MaterialExpressionDesaturation                          - Instance: 0x04397CF0
Class: MaterialExpressionDestColor                             - Instance: 0x04398000
Class: MaterialExpressionDestDepth                             - Instance: 0x04398270
Class: MaterialExpressionDirectionalBlurSceneTexture           - Instance: 0x043984E0
Class: MaterialExpressionDirtyDepth                            - Instance: 0x04398750
Class: MaterialExpressionDistance                              - Instance: 0x043989C0
Class: MaterialExpressionDivide                                - Instance: 0x04398C30
Class: MaterialExpressionDotProduct                            - Instance: 0x04398EA0
Class: MaterialExpressionDynamicParameter                      - Instance: 0x04399110
Class: MaterialExpressionMeshEmitterDynamicParameter           - Instance: 0x04399380
Class: MaterialExpressionExponent                              - Instance: 0x043995F0
Class: MaterialExpressionExponent2                             - Instance: 0x04399860
Class: MaterialExpressionFloor                                 - Instance: 0x04399AD0
Class: MaterialExpressionFluidNormal                           - Instance: 0x04399D40
Class: MaterialExpressionFmod                                  - Instance: 0x04399FB0
Class: MaterialExpressionFoliageImpulseDirection               - Instance: 0x0439A220
Class: MaterialExpressionFoliageNormalizedRotationAxisAndAngle - Instance: 0x0439A490
Class: MaterialExpressionFontSample                            - Instance: 0x0439A700
Class: MaterialExpressionFontSampleParameter                   - Instance: 0x0439A970
Class: MaterialExpressionFrac                                  - Instance: 0x0439ABE0
Class: MaterialExpressionFresnel                               - Instance: 0x0439AE50
Class: MaterialExpressionFunctionInput                         - Instance: 0x0439B0C0
Class: MaterialExpressionFunctionOutput                        - Instance: 0x0439B330
Class: MaterialExpressionIf                                    - Instance: 0x0439B5A0
Class: MaterialExpressionInteriorMapping                       - Instance: 0x0439B810
Class: MaterialExpressionLandscapeLayerBlend                   - Instance: 0x0439BA80
Class: MaterialExpressionLength                                - Instance: 0x0439BCF0
Class: MaterialExpressionLensFlareIntensity                    - Instance: 0x0439C000
Class: MaterialExpressionLensFlareOcclusion                    - Instance: 0x0439C270
Class: MaterialExpressionLensFlareRadialDistance               - Instance: 0x0439C4E0
Class: MaterialExpressionLensFlareRayDistance                  - Instance: 0x0439C750
Class: MaterialExpressionLensFlareSourceDistance               - Instance: 0x0439C9C0
Class: MaterialExpressionLightEffector                         - Instance: 0x0439CC30
Class: MaterialExpressionLightmapUVs                           - Instance: 0x0439CEA0
Class: MaterialExpressionLightmassReplace                      - Instance: 0x0439D110
Class: MaterialExpressionLightVector                           - Instance: 0x0439D380
Class: MaterialExpressionLinearInterpolate                     - Instance: 0x0439D5F0
Class: MaterialExpressionLODFade                               - Instance: 0x0439D860
Class: MaterialExpressionLogarithm                             - Instance: 0x0439DAD0
Class: MaterialExpressionLogarithm10                           - Instance: 0x0439DD40
Class: MaterialExpressionLogarithm2                            - Instance: 0x0439DFB0
Class: MaterialExpressionLPVAtWorldPos                         - Instance: 0x0439E220
Class: MaterialExpressionMagicUVs                              - Instance: 0x0439E490
Class: MaterialExpressionMaterialFunctionCall                  - Instance: 0x0439E700
Class: MaterialExpressionMax                                   - Instance: 0x0439E970
Class: MaterialExpressionMeshEmitterVertexColor                - Instance: 0x0439EBE0
Class: MaterialExpressionMin                                   - Instance: 0x0439EE50
Class: MaterialExpressionMultiply                              - Instance: 0x0439F0C0
Class: MaterialExpressionNegative                              - Instance: 0x0439F330
Class: MaterialExpressionNoise                                 - Instance: 0x0439F5A0
Class: MaterialExpressionNormal                                - Instance: 0x0439F810
Class: MaterialExpressionNormalCombine                         - Instance: 0x0439FA80
Class: MaterialExpressionNormalize                             - Instance: 0x0439FCF0
Class: MaterialExpressionObjectOrientation                     - Instance: 0x043A0000
Class: MaterialExpressionObjectRadius                          - Instance: 0x043A0270
Class: MaterialExpressionObjectWorldPosition                   - Instance: 0x043A04E0
Class: MaterialExpressionOcclusionPercentage                   - Instance: 0x043A0750
Class: MaterialExpressionOneMinus                              - Instance: 0x043A09C0
Class: MaterialExpressionPanner                                - Instance: 0x043A0C30
Class: MaterialExpressionParameter                             - Instance: 0x043A0EA0
Class: MaterialExpressionScalarParameter                       - Instance: 0x043A1110
Class: MaterialExpressionStaticBoolParameter                   - Instance: 0x043A1380
Class: MaterialExpressionStaticSwitchParameter                 - Instance: 0x043A15F0
Class: MaterialExpressionStaticComponentMaskParameter          - Instance: 0x043A1860
Class: MaterialExpressionVectorParameter                       - Instance: 0x043A1AD0
Class: MaterialExpressionParticleMacroUV                       - Instance: 0x043A1D40
Class: MaterialExpressionPerInstanceRandom                     - Instance: 0x043A1FB0
Class: MaterialExpressionPixelDepth                            - Instance: 0x043A2220
Class: MaterialExpressionPlatformConstant                      - Instance: 0x043A2490
Class: MaterialExpressionPower                                 - Instance: 0x043A2700
Class: MaterialExpressionQualitySwitch                         - Instance: 0x043A2970
Class: MaterialExpressionRainBuffer                            - Instance: 0x043A2BE0
Class: MaterialExpressionRainBufferNormal                      - Instance: 0x043A2E50
Class: MaterialExpressionRainOcclusionAtWorldPos               - Instance: 0x043A30C0
Class: MaterialExpressionReflect                               - Instance: 0x043A3330
Class: MaterialExpressionReflectionUV                          - Instance: 0x043A35A0
Class: MaterialExpressionReflectionVector                      - Instance: 0x043A3810
Class: MaterialExpressionRefract                               - Instance: 0x043A3A80
Class: MaterialExpressionReliefMapping                         - Instance: 0x043A3CF0
Class: MaterialExpressionRotateAboutAxis                       - Instance: 0x043A4000
Class: MaterialExpressionRotator                               - Instance: 0x043A4270
Class: MaterialExpressionRound                                 - Instance: 0x043A44E0
Class: MaterialExpressionSaturate                              - Instance: 0x043A4750
Class: MaterialExpressionSceneDepth                            - Instance: 0x043A49C0
Class: MaterialExpressionSceneTexture                          - Instance: 0x043A4C30
Class: MaterialExpressionSceneWorldPos                         - Instance: 0x043A4EA0
Class: MaterialExpressionScreenPosition                        - Instance: 0x043A5110
Class: MaterialExpressionScreenSize                            - Instance: 0x043A5380
Class: MaterialExpressionSign                                  - Instance: 0x043A55F0
Class: MaterialExpressionSine                                  - Instance: 0x043A5860
Class: MaterialExpressionSmoothStep                            - Instance: 0x043A5AD0
Class: MaterialExpressionSphereMask                            - Instance: 0x043A5D40
Class: MaterialExpressionSphericalMapping                      - Instance: 0x043A5FB0
Class: MaterialExpressionSquare                                - Instance: 0x043A6220
Class: MaterialExpressionSquareRoot                            - Instance: 0x043A6490
Class: MaterialExpressionStaticBool                            - Instance: 0x043A6700
Class: MaterialExpressionStaticSwitch                          - Instance: 0x043A6970
Class: MaterialExpressionStep                                  - Instance: 0x043A6BE0
Class: MaterialExpressionSubtract                              - Instance: 0x043A6E50
Class: MaterialExpressionTangent                               - Instance: 0x043A70C0
Class: MaterialExpressionTerrainLayerCoords                    - Instance: 0x043A7330
Class: MaterialExpressionTerrainLayerSwitch                    - Instance: 0x043A75A0
Class: MaterialExpressionTerrainLayerWeight                    - Instance: 0x043A7810
Class: MaterialExpressionTexelSize                             - Instance: 0x043A7A80
Class: MaterialExpressionTextureCoordinate                     - Instance: 0x043A7CF0
Class: MaterialExpressionTextureObject                         - Instance: 0x043A8000
Class: MaterialExpressionTextureSample                         - Instance: 0x043A8270
Class: MaterialExpressionDepthBiasBlend                        - Instance: 0x043A84E0
Class: MaterialExpressionDisplacementSampleLerp                - Instance: 0x043A8750
Class: MaterialExpressionFlipBookSample                        - Instance: 0x043A89C0
Class: MaterialExpressionMeshSubUV                             - Instance: 0x043A8C30
Class: MaterialExpressionMeshSubUVBlend                        - Instance: 0x043A8EA0
Class: MaterialExpressionParticleSubUV                         - Instance: 0x043A9110
Class: MaterialExpressionTextureSampleParameter                - Instance: 0x043A9380
Class: MaterialExpressionInteriorMappingParameter              - Instance: 0x043A95F0
Class: MaterialExpressionReliefMappingParameter                - Instance: 0x043A9860
Class: MaterialExpressionTextureObjectParameter                - Instance: 0x043A9AD0
Class: MaterialExpressionTextureSampleParameter2D              - Instance: 0x043A9D40
Class: MaterialExpressionAntialiasedTextureMask                - Instance: 0x043A9FB0
Class: MaterialExpressionTextureSampleParameterFlipbook        - Instance: 0x043AA220
Class: MaterialExpressionTextureSampleParameterMeshSubUV       - Instance: 0x043AA490
Class: MaterialExpressionTextureSampleParameterMeshSubUVBlend  - Instance: 0x043AA700
Class: MaterialExpressionTextureSampleParameterSubUV           - Instance: 0x043AA970
Class: MaterialExpressionTextureSampleParameterCube            - Instance: 0x043AABE0
Class: MaterialExpressionTextureSampleParameterMovie           - Instance: 0x043AAE50
Class: MaterialExpressionTextureSampleParameterNormal          - Instance: 0x043AB0C0
Class: MaterialExpressionTime                                  - Instance: 0x043AB330
Class: MaterialExpressionTransform                             - Instance: 0x043AB5A0
Class: MaterialExpressionTransformPosition                     - Instance: 0x043AB810
Class: MaterialExpressionTwoSidedSign                          - Instance: 0x043ABA80
Class: MaterialExpressionVertexColor                           - Instance: 0x043ABCF0
Class: MaterialExpressionVertexGBufferColours                  - Instance: 0x043AC000
Class: MaterialExpressionWindDirectionAndSpeed                 - Instance: 0x043AC270
Class: MaterialExpressionWireAAMesh                            - Instance: 0x043AC4E0
Class: MaterialExpressionWorldNormal                           - Instance: 0x043AC750
Class: MaterialExpressionWorldPosition                         - Instance: 0x043AC9C0
Class: MaterialExpressionXrayColFade                           - Instance: 0x043ACC30
Class: MaterialFunction                                        - Instance: 0x043ACEA0
Class: MaterialInstance                                        - Instance: 0x043AD110
Class: MaterialInstanceConstant                                - Instance: 0x043AD380
Class: LandscapeMaterialInstanceConstant                       - Instance: 0x043AD5F0
Class: MaterialInstanceTimeVarying                             - Instance: 0x043AD860
Class: EmitterCameraLensEffectBase                             - Instance: 0x043ADAD0
Class: ParticleEventManager                                    - Instance: 0x043ADD40
Class: ParticleSystemComponent                                 - Instance: 0x043ADFB0
Class: RParticleAttractorComponent                             - Instance: 0x043AE220
Class: DistributionFloatParticleParameter                      - Instance: 0x043AE490
Class: DistributionFloatRain                                   - Instance: 0x043AE700
Class: DistributionVectorParticleParameter                     - Instance: 0x043AE970
Class: DistributionVectorRain                                  - Instance: 0x043AEBE0
Class: ParticleEmitter                                         - Instance: 0x043AEE50
Class: ParticleSpriteEmitter                                   - Instance: 0x043AF0C0
Class: ParticleLODLevel                                        - Instance: 0x043AF330
Class: ParticleModule                                          - Instance: 0x043AF5A0
Class: ParticleModuleAccelerationBase                          - Instance: 0x043AF810
Class: ParticleModuleAcceleration                              - Instance: 0x043AFA80
Class: ParticleModuleAccelerationOverLifetime                  - Instance: 0x043AFCF0
Class: ParticleModuleApexEmitterBase                           - Instance: 0x043B4000
Class: ParticleModuleApexEmitterExplicitGeom                   - Instance: 0x043B4270
Class: ParticleModuleApexEmitterShareVolume                    - Instance: 0x043B44E0
Class: ParticleModuleAttractorBase                             - Instance: 0x043B4750
Class: ParticleModuleAttractorBoneSocket                       - Instance: 0x043B49C0
Class: ParticleModuleAttractorLine                             - Instance: 0x043B4C30
Class: ParticleModuleAttractorParticle                         - Instance: 0x043B4EA0
Class: ParticleModuleAttractorPoint                            - Instance: 0x043B5110
Class: ParticleModuleAttractorSkelVertSurface                  - Instance: 0x043B5380
Class: RParticleModuleAttractorComponent                       - Instance: 0x043B55F0
Class: ParticleModuleBeamBase                                  - Instance: 0x043B5860
Class: ParticleModuleBeamModifier                              - Instance: 0x043B5AD0
Class: ParticleModuleBeamNoise                                 - Instance: 0x043B5D40
Class: ParticleModuleBeamSource                                - Instance: 0x043B5FB0
Class: ParticleModuleBeamTarget                                - Instance: 0x043B6220
Class: ParticleModuleCameraBase                                - Instance: 0x043B6490
Class: ParticleModuleCameraOffset                              - Instance: 0x043B6700
Class: ParticleModuleCollisionBase                             - Instance: 0x043B6970
Class: ParticleModuleCollision                                 - Instance: 0x043B6BE0
Class: ParticleModuleCollisionActor                            - Instance: 0x043B6E50
Class: ParticleModuleColorBase                                 - Instance: 0x043B70C0
Class: ParticleModuleColor                                     - Instance: 0x043B7330
Class: ParticleModuleColor_Seeded                              - Instance: 0x043B75A0
Class: ParticleModuleColorByParameter                          - Instance: 0x043B7810
Class: ParticleModuleColorOverLife                             - Instance: 0x043B7A80
Class: ParticleModuleColorScaleOverDensity                     - Instance: 0x043B7CF0
Class: ParticleModuleColorScaleOverLife                        - Instance: 0x043BC000
Class: RParticleModuleColorByVelocity                          - Instance: 0x043BC270
Class: RParticleModuleLighting                                 - Instance: 0x043BC4E0
Class: ParticleModuleEventBase                                 - Instance: 0x043BC750
Class: ParticleModuleEventGenerator                            - Instance: 0x043BC9C0
Class: ParticleModuleEventReceiverBase                         - Instance: 0x043BCC30
Class: ParticleModuleEventReceiverKillParticles                - Instance: 0x043BCEA0
Class: ParticleModuleEventReceiverSpawn                        - Instance: 0x043BD110
Class: ParticleModuleFieldSamplerBase                          - Instance: 0x043BD380
Class: ParticleModuleKillBase                                  - Instance: 0x043BD5F0
Class: ParticleModuleKillBox                                   - Instance: 0x043BD860
Class: ParticleModuleKillHeight                                - Instance: 0x043BDAD0
Class: ParticleModuleLifetimeBase                              - Instance: 0x043BDD40
Class: ParticleModuleLifetime                                  - Instance: 0x043BDFB0
Class: ParticleModuleLifetime_Seeded                           - Instance: 0x043BE220
Class: ParticleModuleLocationBase                              - Instance: 0x043BE490
Class: ParticleModuleLocation                                  - Instance: 0x043BE700
Class: ParticleModuleLocation_Seeded                           - Instance: 0x043BE970
Class: ParticleModuleLocationWorldOffset                       - Instance: 0x043BEBE0
Class: ParticleModuleLocationWorldOffset_Seeded                - Instance: 0x043BEE50
Class: ParticleModuleLocationBoneSocket                        - Instance: 0x043BF0C0
Class: ParticleModuleLocationDirect                            - Instance: 0x043BF330
Class: ParticleModuleLocationEmitter                           - Instance: 0x043BF5A0
Class: ParticleModuleLocationEmitterDirect                     - Instance: 0x043BF810
Class: ParticleModuleLocationPrimitiveBase                     - Instance: 0x043BFA80
Class: ParticleModuleLocationPrimitiveCylinder                 - Instance: 0x043BFCF0
Class: ParticleModuleLocationPrimitiveCylinder_Seeded          - Instance: 0x043C0000
Class: ParticleModuleLocationPrimitiveSphere                   - Instance: 0x043C0270
Class: ParticleModuleLocationPrimitiveSphere_Seeded            - Instance: 0x043C04E0
Class: ParticleModuleLocationSkelVertSurface                   - Instance: 0x043C0750
Class: ParticleModuleLocationStaticVertSurface                 - Instance: 0x043C09C0
Class: ParticleModuleSourceMovement                            - Instance: 0x043C0C30
Class: RParticleModuleLocationSphereSection                    - Instance: 0x043C0EA0
Class: ParticleModuleMaterialBase                              - Instance: 0x043C1110
Class: ParticleModuleMaterialByParameter                       - Instance: 0x043C1380
Class: ParticleModuleMeshMaterial                              - Instance: 0x043C15F0
Class: ParticleModuleOrbitBase                                 - Instance: 0x043C1860
Class: ParticleModuleOrbit                                     - Instance: 0x043C1AD0
Class: ParticleModuleOrientationBase                           - Instance: 0x043C1D40
Class: ParticleModuleOrientationAxisLock                       - Instance: 0x043C1FB0
Class: ParticleModuleParameterBase                             - Instance: 0x043C2220
Class: ParticleModuleParameterDynamic                          - Instance: 0x043C2490
Class: ParticleModuleParameterDynamic_Seeded                   - Instance: 0x043C2700
Class: ParticleModuleRequired                                  - Instance: 0x043C2970
Class: ParticleModuleRotationBase                              - Instance: 0x043C2BE0
Class: ParticleModuleMeshRotation                              - Instance: 0x043C2E50
Class: ParticleModuleMeshRotation_Seeded                       - Instance: 0x043C30C0
Class: ParticleModuleRotation                                  - Instance: 0x043C3330
Class: ParticleModuleRotation_Seeded                           - Instance: 0x043C35A0
Class: ParticleModuleRotationOverLifetime                      - Instance: 0x043C3810
Class: ParticleModuleRotationRateBase                          - Instance: 0x043C3A80
Class: ParticleModuleMeshRotationRate                          - Instance: 0x043C3CF0
Class: ParticleModuleMeshRotationRate_Seeded                   - Instance: 0x043C4000
Class: ParticleModuleMeshRotationRateMultiplyLife              - Instance: 0x043C4270
Class: ParticleModuleMeshRotationRateOverLife                  - Instance: 0x043C44E0
Class: ParticleModuleRotationRate                              - Instance: 0x043C4750
Class: ParticleModuleRotationRate_Seeded                       - Instance: 0x043C49C0
Class: ParticleModuleRotationRateMultiplyLife                  - Instance: 0x043C4C30
Class: ParticleModuleSizeBase                                  - Instance: 0x043C4EA0
Class: ParticleModuleSize                                      - Instance: 0x043C5110
Class: ParticleModuleSize_Seeded                               - Instance: 0x043C5380
Class: ParticleModuleSizeMultiplyLife                          - Instance: 0x043C55F0
Class: ParticleModuleSizeMultiplyVelocity                      - Instance: 0x043C5860
Class: ParticleModuleSizeScale                                 - Instance: 0x043C5AD0
Class: ParticleModuleSizeScaleByTime                           - Instance: 0x043C5D40
Class: ParticleModuleSizeScaleOverDensity                      - Instance: 0x043C5FB0
Class: RParticleModuleSizeByVelocity                           - Instance: 0x043C6220
Class: ParticleModuleSpawnBase                                 - Instance: 0x043C6490
Class: ParticleModuleSpawn                                     - Instance: 0x043C6700
Class: ParticleModuleSpawnPerUnit                              - Instance: 0x043C6970
Class: RParticleModuleGPURecycleSpawn                          - Instance: 0x043C6BE0
Class: RParticleModuleGPUSpawn                                 - Instance: 0x043C6E50
Class: ParticleModuleStoreSpawnTimeBase                        - Instance: 0x043C70C0
Class: ParticleModuleStoreSpawnTime                            - Instance: 0x043C7330
Class: ParticleModuleSubUVBase                                 - Instance: 0x043C75A0
Class: ParticleModuleSubUV                                     - Instance: 0x043C7810
Class: ParticleModuleSubUVMovie                                - Instance: 0x043C7A80
Class: ParticleModuleSubUVDirect                               - Instance: 0x043C7CF0
Class: ParticleModuleSubUVSelect                               - Instance: 0x043C8000
Class: ParticleModuleTrailBase                                 - Instance: 0x043C8270
Class: ParticleModuleTrailSource                               - Instance: 0x043C84E0
Class: ParticleModuleTrailSpawn                                - Instance: 0x043C8750
Class: ParticleModuleTrailTaper                                - Instance: 0x043C89C0
Class: ParticleModuleTypeDataBase                              - Instance: 0x043C8C30
Class: ParticleModuleTypeDataAnimTrail                         - Instance: 0x043C8EA0
Class: ParticleModuleTypeDataApex                              - Instance: 0x043C9110
Class: ParticleModuleTypeDataApexSprite                        - Instance: 0x043C9380
Class: ParticleModuleTypeDataBeam                              - Instance: 0x043C95F0
Class: ParticleModuleTypeDataBeam2                             - Instance: 0x043C9860
Class: ParticleModuleTypeDataMesh                              - Instance: 0x043C9AD0
Class: ParticleModuleTypeDataMeshPhysX                         - Instance: 0x043C9D40
Class: ParticleModuleTypeDataPhysX                             - Instance: 0x043C9FB0
Class: ParticleModuleTypeDataRibbon                            - Instance: 0x043CA220
Class: ParticleModuleTypeDataTrail                             - Instance: 0x043CA490
Class: ParticleModuleTypeDataTrail2                            - Instance: 0x043CA700
Class: RParticleModuleTypeDataDecal                            - Instance: 0x043CA970
Class: RParticleModuleTypeDataGPU                              - Instance: 0x043CABE0
Class: RParticleModuleTypeDataLight                            - Instance: 0x043CAE50
Class: ParticleModuleUberBase                                  - Instance: 0x043CB0C0
Class: ParticleModuleUberLTISIVCL                              - Instance: 0x043CB330
Class: ParticleModuleUberLTISIVCLIL                            - Instance: 0x043CB5A0
Class: ParticleModuleUberLTISIVCLILIRSSBLIRR                   - Instance: 0x043CB810
Class: ParticleModuleVelocityBase                              - Instance: 0x043CBCF0
Class: ParticleModuleVelocity                                  - Instance: 0x043CC000
Class: ParticleModuleVelocity_Seeded                           - Instance: 0x043CC270
Class: ParticleModuleVelocityCone                              - Instance: 0x043CC4E0
Class: ParticleModuleVelocityInheritParent                     - Instance: 0x043CC750
Class: ParticleModuleVelocityOverLifetime                      - Instance: 0x043CC9C0
Class: RParticleModuleVelocityDrag                             - Instance: 0x043CCC30
Class: RParticleModuleWorldWind                                - Instance: 0x043CCEA0
Class: ParticleModuleWorldForcesBase                           - Instance: 0x043CD110
Class: ParticleModulePhysicsVolumes                            - Instance: 0x043CD380
Class: ParticleModuleWorldAttractor                            - Instance: 0x043CD5F0
Class: ParticleModuleEventSendToGame                           - Instance: 0x043CD860
Class: ParticleSystemReplay                                    - Instance: 0x043CDAD0
Class: PhysXParticleSystem                                     - Instance: 0x043CDD40
Class: RParticleSystemEconomicalReplay                         - Instance: 0x043CDFB0
Class: KAsset                                                  - Instance: 0x043CE220
Class: Pawn                                                    - Instance: 0x043CE970
Class: Vehicle                                                 - Instance: 0x043CE700
Class: SVehicle                                                - Instance: 0x043CE490
Class: AkVehicle                                               - Instance: 0x043CEBE0
Class: RFakeVehicle                                            - Instance: 0x043CEE50
Class: RB_ConstraintActor                                      - Instance: 0x043CF0C0
Class: RB_LineImpulseActor                                     - Instance: 0x043CF330
Class: RB_RadialImpulseActor                                   - Instance: 0x043CF5A0
Class: RB_Thruster                                             - Instance: 0x043CF810
Class: KActor                                                  - Instance: 0x043CFA80
Class: KActorFromStatic                                        - Instance: 0x043CFCF0
Class: KActorSpawnable                                         - Instance: 0x043D4000
Class: WorldAttractor                                          - Instance: 0x043D4270
Class: RB_ConstraintDrawComponent                              - Instance: 0x043D44E0
Class: RB_RadialImpulseComponent                               - Instance: 0x043D4750
Class: RB_Handle                                               - Instance: 0x043D4C30
Class: RB_Spring                                               - Instance: 0x043D4EA0
Class: SVehicleSimBase                                         - Instance: 0x043D5110
Class: SVehicleSimCar                                          - Instance: 0x043D5380
Class: SVehicleSimTank                                         - Instance: 0x043D55F0
Class: ActorFactoryApexClothing                                - Instance: 0x043D5860
Class: ApexDestructibleDamageParameters                        - Instance: 0x043D5AD0
Class: ClothingMaterial                                        - Instance: 0x043D5D40
Class: FlexContainer                                           - Instance: 0x043D5FB0
Class: FractureMaterial                                        - Instance: 0x043D6220
Class: PhysicalMaterial                                        - Instance: 0x043D6490
Class: PhysicalMaterialPropertyBase                            - Instance: 0x043D6700
Class: RPhysicalMaterialProperty                               - Instance: 0x043D6970
Class: PhysicsAsset                                            - Instance: 0x043D6BE0
Class: PhysicsAssetInstance                                    - Instance: 0x043D6E50
Class: PhysicsLODVerticalEmitter                               - Instance: 0x043D70C0
Class: RAsyncPhysXSceneInterface                               - Instance: 0x043D7330
Class: RB_BodyInstance                                         - Instance: 0x043D75A0
Class: RB_ConstraintInstance                                   - Instance: 0x043D7810
Class: RB_ConstraintSetup                                      - Instance: 0x043D7A80
Class: RB_BSJointSetup                                         - Instance: 0x043D7CF0
Class: RB_FixedJointSetup                                      - Instance: 0x043DC000
Class: RB_DistanceJointSetup                                   - Instance: 0x043DC270
Class: RB_HingeSetup                                           - Instance: 0x043DC4E0
Class: RB_PrismaticSetup                                       - Instance: 0x043DC750
Class: RB_PulleyJointSetup                                     - Instance: 0x043DC9C0
Class: RB_SkelJointSetup                                       - Instance: 0x043DCC30
Class: RB_StayUprightSetup                                     - Instance: 0x043DCEA0
Class: RBodyInstancePool                                       - Instance: 0x043DD110
Class: RPhysOnContactHandler                                   - Instance: 0x043DD380
Class: RSkeletalMeshPhysSceneInterface                         - Instance: 0x043DD5F0
Class: SVehicleWheel                                           - Instance: 0x043DD860
Class: NxGenericForceFieldBrush                                - Instance: 0x043DDAD0
Class: RB_ForceFieldExcludeVolume                              - Instance: 0x043DDD40
Class: NxForceField                                            - Instance: 0x043DDFB0
Class: NxCylindricalForceField                                 - Instance: 0x043DE220
Class: NxCylindricalForceFieldCapsule                          - Instance: 0x043DE490
Class: NxForceFieldGeneric                                     - Instance: 0x043DE700
Class: NxForceFieldRadial                                      - Instance: 0x043DE970
Class: NxForceFieldTornado                                     - Instance: 0x043DEBE0
Class: NxGenericForceField                                     - Instance: 0x043DEE50
Class: NxGenericForceFieldBox                                  - Instance: 0x043DF0C0
Class: NxGenericForceFieldCapsule                              - Instance: 0x043DF330
Class: NxRadialForceField                                      - Instance: 0x043DF5A0
Class: NxRadialCustomForceField                                - Instance: 0x043DF810
Class: NxTornadoAngularForceField                              - Instance: 0x043DFA80
Class: NxTornadoAngularForceFieldCapsule                       - Instance: 0x043DFCF0
Class: NxTornadoForceField                                     - Instance: 0x04280000
Class: NxTornadoForceFieldCapsule                              - Instance: 0x04280270
Class: NxForceFieldSpawnable                                   - Instance: 0x042804E0
Class: RB_CylindricalForceActor                                - Instance: 0x04280750
Class: RB_RadialForceActor                                     - Instance: 0x042809C0
Class: NxForceFieldComponent                                   - Instance: 0x04280C30
Class: NxForceFieldCylindricalComponent                        - Instance: 0x04280EA0
Class: NxForceFieldGenericComponent                            - Instance: 0x04281110
Class: NxForceFieldRadialComponent                             - Instance: 0x04281380
Class: NxForceFieldTornadoComponent                            - Instance: 0x042815F0
Class: RB_ForceComponent                                       - Instance: 0x04281860
Class: RB_ForceComponentCylindrical                            - Instance: 0x04281D40
Class: RB_ForceComponentRadial                                 - Instance: 0x04281FB0
Class: ForceFieldShape                                         - Instance: 0x04282490
Class: ForceFieldShapeBox                                      - Instance: 0x04282700
Class: ForceFieldShapeCapsule                                  - Instance: 0x04282970
Class: ForceFieldShapeSphere                                   - Instance: 0x04282BE0
Class: RFlaps_BodySetup                                        - Instance: 0x04282E50
Class: RFlaps_ConstraintSetup                                  - Instance: 0x042830C0
Class: RFlaps_ConstraintSetupAnim                              - Instance: 0x04283330
Class: RFlaps_ConstraintSetupAnimBlend                         - Instance: 0x042835A0
Class: RFlaps_ConstraintSetupCollision                         - Instance: 0x04283810
Class: RFlaps_ConstraintSetupCone                              - Instance: 0x04283A80
Class: RFlaps_ConstraintSetupDistance                          - Instance: 0x04283CF0
Class: RFlaps_ConstraintSetupPlane                             - Instance: 0x04284000
Class: RFlaps_ConstraintSetupSpring                            - Instance: 0x04284270
Class: RFlapsAsset                                             - Instance: 0x042844E0
Class: RFlapsAssetInstance                                     - Instance: 0x04284750
Class: GameStateObject                                         - Instance: 0x042849C0
Class: GameStatsAggregator                                     - Instance: 0x04284C30
Class: PrefabInstance                                          - Instance: 0x04284EA0
Class: Prefab                                                  - Instance: 0x04285110
Class: SequenceObject                                          - Instance: 0x04285380
Class: SequenceFrame                                           - Instance: 0x042855F0
Class: SequenceFrameWrapped                                    - Instance: 0x04285860
Class: SequenceOp                                              - Instance: 0x04285AD0
Class: Sequence                                                - Instance: 0x04285D40
Class: PrefabSequence                                          - Instance: 0x04285FB0
Class: PrefabSequenceContainer                                 - Instance: 0x04286220
Class: SequenceAction                                          - Instance: 0x04286490
Class: RSeqAct_SetMaterialInstance                             - Instance: 0x04286700
Class: SeqAct_ActivateRemoteEvent                              - Instance: 0x04286970
Class: SeqAct_AttachToEvent                                    - Instance: 0x04286BE0
Class: SeqAct_CameraShake                                      - Instance: 0x04286E50
Class: SeqAct_ChangeCollision                                  - Instance: 0x042870C0
Class: SeqAct_ConvertToString                                  - Instance: 0x04287330
Class: SeqAct_DrawText                                         - Instance: 0x042875A0
Class: SeqAct_FinishSequence                                   - Instance: 0x04287810
Class: SeqAct_Gate                                             - Instance: 0x04287A80
Class: SeqAct_GetDistance                                      - Instance: 0x04287CF0
Class: SeqAct_GetLocationAndRotation                           - Instance: 0x04274000
Class: SeqAct_GetMatInstScalarParam                            - Instance: 0x04274270
Class: SeqAct_GetMatInstVectorParam                            - Instance: 0x042744E0
Class: SeqAct_GetProperty                                      - Instance: 0x04274750
Class: SeqAct_GetVectorComponents                              - Instance: 0x042749C0
Class: SeqAct_GetVelocity                                      - Instance: 0x04274C30
Class: SeqAct_GiveInventory                                    - Instance: 0x04274EA0
Class: SeqAct_HeadTrackingControl                              - Instance: 0x04275110
Class: SeqAct_IsInObjectList                                   - Instance: 0x04275380
Class: SeqAct_Latent                                           - Instance: 0x042755F0
Class: SeqAct_ActorFactory                                     - Instance: 0x04275860
Class: SeqAct_ActorFactoryEx                                   - Instance: 0x04275AD0
Class: SeqAct_Delay                                            - Instance: 0x04275D40
Class: SeqAct_ForceGarbageCollection                           - Instance: 0x04275FB0
Class: SeqAct_Interp                                           - Instance: 0x04276220
Class: SeqAct_InterpolateColour                                - Instance: 0x04276490
Class: SeqAct_InterpolateFloat                                 - Instance: 0x04276700
Class: SeqAct_LevelStreamingBase                               - Instance: 0x04276970
Class: SeqAct_LevelStreaming                                   - Instance: 0x04276BE0
Class: SeqAct_MultiLevelStreaming                              - Instance: 0x04276E50
Class: SeqAct_LevelVisibility                                  - Instance: 0x042770C0
Class: SeqAct_PlaySound                                        - Instance: 0x04277330
Class: SeqAct_StreamInTextures                                 - Instance: 0x042775A0
Class: SeqAct_WaitForLevelsVisible                             - Instance: 0x04277810
Class: SeqAct_Log                                              - Instance: 0x04277A80
Class: SeqAct_FeatureTest                                      - Instance: 0x04277CF0
Class: SeqAct_ModifyHealth                                     - Instance: 0x0426C000
Class: SeqAct_ParticleEventGenerator                           - Instance: 0x0426C270
Class: SeqAct_PhysXSwitch                                      - Instance: 0x0426C4E0
Class: SeqAct_PlayCameraAnim                                   - Instance: 0x0426C750
Class: SeqAct_PlayFaceFXAnim                                   - Instance: 0x0426C9C0
Class: SeqAct_Possess                                          - Instance: 0x0426CC30
Class: SeqAct_SetApexClothingParam                             - Instance: 0x0426CEA0
Class: SeqAct_SetBlockRigidBody                                - Instance: 0x0426D110
Class: SeqAct_SetCameraTarget                                  - Instance: 0x0426D380
Class: SeqAct_SetMaterial                                      - Instance: 0x0426D5F0
Class: SeqAct_SetMatInstScalarParam                            - Instance: 0x0426D860
Class: SeqAct_SetMatInstVectorParam                            - Instance: 0x0426DAD0
Class: SeqAct_SetMesh                                          - Instance: 0x0426DD40
Class: SeqAct_SetPhysics                                       - Instance: 0x0426DFB0
Class: SeqAct_SetRigidBodyIgnoreVehicles                       - Instance: 0x0426E220
Class: SeqAct_SetSequenceVariable                              - Instance: 0x0426E490
Class: SeqAct_AccessObjectList                                 - Instance: 0x0426E700
Class: SeqAct_AddFloat                                         - Instance: 0x0426E970
Class: SeqAct_AddInt                                           - Instance: 0x0426EBE0
Class: SeqAct_CastToFloat                                      - Instance: 0x0426EE50
Class: SeqAct_CastToInt                                        - Instance: 0x0426F0C0
Class: SeqAct_DivideFloat                                      - Instance: 0x0426F330
Class: SeqAct_DivideInt                                        - Instance: 0x0426F5A0
Class: SeqAct_ModifyObjectList                                 - Instance: 0x0426F810
Class: SeqAct_MultiplyFloat                                    - Instance: 0x0426FA80
Class: SeqAct_MultiplyInt                                      - Instance: 0x0426FCF0
Class: SeqAct_SetBool                                          - Instance: 0x04258000
Class: SeqAct_SetFloat                                         - Instance: 0x04258270
Class: SeqAct_SetInt                                           - Instance: 0x042584E0
Class: SeqAct_SetLocation                                      - Instance: 0x04258750
Class: SeqAct_SetObject                                        - Instance: 0x042589C0
Class: SeqAct_SetString                                        - Instance: 0x04258C30
Class: SeqAct_SubtractFloat                                    - Instance: 0x04258EA0
Class: SeqAct_SubtractInt                                      - Instance: 0x04259110
Class: SeqAct_SetVectorComponents                              - Instance: 0x04259380
Class: SeqAct_SetWorldAttractorParam                           - Instance: 0x042595F0
Class: SeqAct_Switch                                           - Instance: 0x04259860
Class: SeqAct_RandomSwitch                                     - Instance: 0x04259AD0
Class: SeqAct_Timer                                            - Instance: 0x04259D40
Class: SeqAct_Toggle                                           - Instance: 0x04259FB0
Class: SeqAct_Trace                                            - Instance: 0x0425A220
Class: SequenceCondition                                       - Instance: 0x0425A490
Class: SeqCond_CompareBool                                     - Instance: 0x0425A700
Class: SeqCond_CompareFloat                                    - Instance: 0x0425A970
Class: SeqCond_CompareInt                                      - Instance: 0x0425ABE0
Class: SeqCond_CompareObject                                   - Instance: 0x0425AE50
Class: SeqCond_Increment                                       - Instance: 0x0425B0C0
Class: SeqCond_IncrementFloat                                  - Instance: 0x0425B330
Class: SeqCond_IsAlive                                         - Instance: 0x0425B5A0
Class: SeqCond_IsBenchmarking                                  - Instance: 0x0425B810
Class: SeqCond_IsConsole                                       - Instance: 0x0425BA80
Class: SeqCond_IsInCombat                                      - Instance: 0x0425BCF0
Class: SeqCond_IsPIE                                           - Instance: 0x0424C000
Class: SeqCond_SwitchBase                                      - Instance: 0x0424C270
Class: SeqCond_SwitchClass                                     - Instance: 0x0424C4E0
Class: SeqCond_SwitchObject                                    - Instance: 0x0424C750
Class: SeqCond_SwitchPlatform                                  - Instance: 0x0424C9C0
Class: SequenceEvent                                           - Instance: 0x0424CC30
Class: SeqEvent_AnalogInput                                    - Instance: 0x0424CEA0
Class: SeqEvent_AnimNotify                                     - Instance: 0x0424D110
Class: SeqEvent_Console                                        - Instance: 0x0424D380
Class: SeqEvent_ConstraintBroken                               - Instance: 0x0424D5F0
Class: SeqEvent_Destroyed                                      - Instance: 0x0424D860
Class: SeqEvent_Input                                          - Instance: 0x0424DAD0
Class: SeqEvent_LevelLoaded                                    - Instance: 0x0424DD40
Class: SeqEvent_Mover                                          - Instance: 0x0424DFB0
Class: SeqEvent_ParticleEvent                                  - Instance: 0x0424E220
Class: SeqEvent_RemoteEvent                                    - Instance: 0x0424E490
Class: SeqEvent_RigidBodyCollision                             - Instance: 0x0424E700
Class: SeqEvent_SequenceActivated                              - Instance: 0x0424E970
Class: SeqEvent_TakeDamage                                     - Instance: 0x0424EBE0
Class: SeqEvent_Touch                                          - Instance: 0x0424EE50
Class: SeqEvent_TouchInput                                     - Instance: 0x0424F0C0
Class: SeqEvent_Used                                           - Instance: 0x0424F330
Class: SequenceVariable                                        - Instance: 0x0424F5A0
Class: InterpData                                              - Instance: 0x0424F810
Class: SeqVar_Bool                                             - Instance: 0x0424FA80
Class: SeqVar_Colour                                           - Instance: 0x0424FCF0
Class: SeqVar_External                                         - Instance: 0x04250000
Class: SeqVar_Float                                            - Instance: 0x04250270
Class: SeqVar_RandomFloat                                      - Instance: 0x042504E0
Class: SeqVar_Int                                              - Instance: 0x04250750
Class: SeqVar_RandomInt                                        - Instance: 0x042509C0
Class: SeqVar_Named                                            - Instance: 0x04250C30
Class: SeqVar_Object                                           - Instance: 0x04250EA0
Class: SeqVar_Character                                        - Instance: 0x04251110
Class: SeqVar_ObjectList                                       - Instance: 0x04251380
Class: SeqVar_ObjectVolume                                     - Instance: 0x042515F0
Class: SeqVar_Player                                           - Instance: 0x04251860
Class: SeqVar_String                                           - Instance: 0x04251AD0
Class: SeqVar_Vector                                           - Instance: 0x04251D40
Class: SoundNode                                               - Instance: 0x04251FB0
Class: SoundNodeWave                                           - Instance: 0x04252220
Class: LandscapeProxy                                          - Instance: 0x04252490
Class: Landscape                                               - Instance: 0x04252700
Class: Terrain                                                 - Instance: 0x04252970
Class: LandscapeGizmoActor                                     - Instance: 0x04252BE0
Class: LandscapeGizmoActiveActor                               - Instance: 0x04252E50
Class: LandscapeComponent                                      - Instance: 0x042530C0
Class: LandscapeGizmoRenderComponent                           - Instance: 0x04253330
Class: LandscapeHeightfieldCollisionComponent                  - Instance: 0x042535A0
Class: TerrainComponent                                        - Instance: 0x04253810
Class: LandscapeInfo                                           - Instance: 0x04253A80
Class: LandscapeLayerInfoObject                                - Instance: 0x04253CF0
Class: TerrainWeightMapTexture                                 - Instance: 0x04248000
Class: TerrainLayerSetup                                       - Instance: 0x04248270
Class: TerrainMaterial                                         - Instance: 0x042484E0
Class: DataStoreClient                                         - Instance: 0x04248750
Class: Console                                                 - Instance: 0x042489C0
Class: Input                                                   - Instance: 0x04248EA0
Class: PlayerInput                                             - Instance: 0x04249110
Class: PlayerManagerInteraction                                - Instance: 0x04249380
Class: UISceneClient                                           - Instance: 0x042495F0
Class: UISoundTheme                                            - Instance: 0x04249860
Class: UIDataStoreSubscriber                                   - Instance: 0x04249AD0
Class: UIDataStorePublisher                                    - Instance: 0x04249D40
Class: UIDataProvider                                          - Instance: 0x04249FB0
Class: UIDataProvider_OnlinePlayerDataBase                     - Instance: 0x0424A220
Class: UIDataProvider_OnlineFriends                            - Instance: 0x0424A490
Class: UIDataProvider_OnlinePlayerStorage                      - Instance: 0x0424A700
Class: UIDataProvider_OnlineProfileSettings                    - Instance: 0x0424A970
Class: UIDataProvider_PlayerAchievements                       - Instance: 0x0424ABE0
Class: UIDataProvider_OnlinePlayerStorageArray                 - Instance: 0x0424AE50
Class: UIDataStore                                             - Instance: 0x0424B0C0
Class: UIDataStore_GameState                                   - Instance: 0x0424B330
Class: UIDataStore_Remote                                      - Instance: 0x0424B5A0
Class: UIDataStore_OnlinePlayerData                            - Instance: 0x0424B810
Class: UIDataStore_Settings                                    - Instance: 0x0424BA80
Class: UIDataStore_StringBase                                  - Instance: 0x0424BCF0
Class: UIDataStore_InputAlias                                  - Instance: 0x04244000
Class: UIPropertyDataProvider                                  - Instance: 0x04244270
Class: GameUISceneClient                                       - Instance: 0x042444E0
Class: Scene                                                   - Instance: 0x04244750
Class: InstancedFoliageActor                                   - Instance: 0x042449C0
Class: InteractiveFoliageActor                                 - Instance: 0x04244C30
Class: InteractiveFoliageComponent                             - Instance: 0x04244EA0
Class: ActorFactoryInteractiveFoliage                          - Instance: 0x04245110
Class: FluidInfluenceActor                                     - Instance: 0x04245380
Class: FluidSurfaceActor                                       - Instance: 0x042455F0
Class: FluidSurfaceActorMovable                                - Instance: 0x04245860
Class: FluidInfluenceComponent                                 - Instance: 0x04245AD0
Class: FluidSurfaceComponent                                   - Instance: 0x04245D40
Class: SpeedTreeActor                                          - Instance: 0x04245FB0
Class: SpeedTreeComponent                                      - Instance: 0x04246220
Class: SpeedTreeActorFactory                                   - Instance: 0x04246490
Class: SpeedTreeComponentFactory                               - Instance: 0x04246700
Class: SpeedTree                                               - Instance: 0x04246970
Class: LensFlareSource                                         - Instance: 0x04246BE0
Class: RSprite                                                 - Instance: 0x04246E50
Class: LensFlareComponent                                      - Instance: 0x042470C0
Class: LensFlare                                               - Instance: 0x04247330
Class: TextureFlipBook                                         - Instance: 0x042475A0
Class: Texture2DComposite                                      - Instance: 0x04247A80
Class: Texture2DDynamic                                        - Instance: 0x04247CF0
Class: TextureCube                                             - Instance: 0x04160000
Class: TextureMovie                                            - Instance: 0x04160270
Class: TextureRenderTarget                                     - Instance: 0x041604E0
Class: TextureRenderTarget2D                                   - Instance: 0x04160750
Class: ScriptedTexture                                         - Instance: 0x041609C0
Class: TextureRenderTargetCube                                 - Instance: 0x04160C30
Class: AudioDevice                                             - Instance: 0x04160EA0
Class: SoundClass                                              - Instance: 0x04161110
Class: SoundMode                                               - Instance: 0x04161380
Class: DebugCameraController                                   - Instance: 0x041615F0
Class: MatineePawn                                             - Instance: 0x04161860
Class: Scout                                                   - Instance: 0x04161AD0
Class: RReflectionVolume                                       - Instance: 0x04161D40
Class: Light                                                   - Instance: 0x04161FB0
Class: DirectionalLight                                        - Instance: 0x04162220
Class: DirectionalLightToggleable                              - Instance: 0x04162490
Class: DominantDirectionalLight                                - Instance: 0x04162700
Class: DominantDirectionalLightMovable                         - Instance: 0x04162970
Class: PointLight                                              - Instance: 0x04162BE0
Class: PointLightMovable                                       - Instance: 0x04162E50
Class: PointLightToggleable                                    - Instance: 0x041630C0
Class: SkyLight                                                - Instance: 0x04163330
Class: SkyLightToggleable                                      - Instance: 0x041635A0
Class: SpotLight                                               - Instance: 0x04163810
Class: SpotLightMovable                                        - Instance: 0x04163A80
Class: SpotLightToggleable                                     - Instance: 0x04163CF0
Class: StaticLightCollectionActor                              - Instance: 0x04154000
Class: ROceanHeightBlockingVolume                              - Instance: 0x04154270
Class: RockMapHighlight                                        - Instance: 0x041544E0
Class: RockReflectionVolume                                    - Instance: 0x04154750
Class: RRainBlockingVolume                                     - Instance: 0x041549C0
Class: LightComponent                                          - Instance: 0x04154C30
Class: AmbientPlus3DirectionalLightComponent                   - Instance: 0x04155110
Class: DirectionalLightComponent                               - Instance: 0x04155380
Class: DominantDirectionalLightComponent                       - Instance: 0x041555F0
Class: PointLightComponent                                     - Instance: 0x04155860
Class: SpotLightComponent                                      - Instance: 0x04155AD0
Class: SkyLightComponent                                       - Instance: 0x04155D40
Class: LightEnvironmentComponent                               - Instance: 0x04156220
Class: DynamicLightEnvironmentComponent                        - Instance: 0x04156490
Class: ParticleLightEnvironmentComponent                       - Instance: 0x04156700
Class: DrawLightConeComponent                                  - Instance: 0x04156970
Class: DrawLightRadiusComponent                                - Instance: 0x04156BE0
Class: RLightShaftVolumeComponent                              - Instance: 0x041570C0
Class: LightFunction                                           - Instance: 0x041575A0
Class: SkeletalMeshComponent                                   - Instance: 0x04157810
Class: RSkeletalMeshComponent_Export                           - Instance: 0x04157A80
Class: RSkeletalMeshDrivenMaterialParameterConfig              - Instance: 0x04157CF0
Class: RSkeletalMeshDrivenMaterialParameterInstance            - Instance: 0x040AC000
Class: SkeletalMesh                                            - Instance: 0x040AC270
Class: SkeletalMeshSocket                                      - Instance: 0x040AC4E0
Class: SplineActor                                             - Instance: 0x040AC750
Class: SplineLoftActor                                         - Instance: 0x040AC9C0
Class: SplineLoftActorMovable                                  - Instance: 0x040ACC30
Class: SplineComponent                                         - Instance: 0x040ACEA0
Class: ProcBuilding                                            - Instance: 0x040AD380
Class: PBRuleNodeBase                                          - Instance: 0x040AD5F0
Class: ProcBuildingRuleset                                     - Instance: 0x040AD860
Class: ReplicationInfo                                         - Instance: 0x040ADAD0
Class: GameReplicationInfo                                     - Instance: 0x040ADD40
Class: PlayerReplicationInfo                                   - Instance: 0x040ADFB0
Class: TeamInfo                                                - Instance: 0x040AE220
Class: Camera                                                  - Instance: 0x040AE490
Class: CameraActor                                             - Instance: 0x040AE700
Class: DynamicCameraActor                                      - Instance: 0x040AE970
Class: CameraAnim                                              - Instance: 0x040AEBE0
Class: CameraAnimInst                                          - Instance: 0x040AEE50
Class: CameraModifier                                          - Instance: 0x040AF0C0
Class: CameraModifier_CameraShake                              - Instance: 0x040AF330
Class: CameraShake                                             - Instance: 0x040AF5A0
Class: CloudStorageUpgradeHelper                               - Instance: 0x040AF810
Class: PlatformInterfaceBase                                   - Instance: 0x040AFA80
Class: AnalyticEventsBase                                      - Instance: 0x040AFCF0
Class: MultiProviderAnalytics                                  - Instance: 0x03FF8000
Class: AppNotificationsBase                                    - Instance: 0x03FF8270
Class: CloudStorageBase                                        - Instance: 0x03FF84E0
Class: FacebookIntegration                                     - Instance: 0x03FF8750
Class: InAppMessageBase                                        - Instance: 0x03FF89C0
Class: InGameAdManager                                         - Instance: 0x03FF8C30
Class: MicroTransactionBase                                    - Instance: 0x03FF8EA0
Class: TwitterIntegrationBase                                  - Instance: 0x03FF9110
Class: PlatformInterfaceWebResponse                            - Instance: 0x03FF9380
Class: RInteractionComponent                                   - Instance: 0x03FF95F0
Class: RInteractionClass                                       - Instance: 0x03FF9860
Class: RInteractionManager                                     - Instance: 0x03FF9AD0
Class: AkVehicleSoundInfo                                      - Instance: 0x03FF9D40
Class: AkPlayerVehicleSoundInfo                                - Instance: 0x03FF9FB0
Class: AkVehicleSoundVar                                       - Instance: 0x03FFA220
Class: ApexFieldSamplerActor                                   - Instance: 0x03FFA490
Class: ApexAttractorActor                                      - Instance: 0x03FFA700
Class: ApexDynamicGridActor                                    - Instance: 0x03FFA970
Class: ApexForceFieldGenericActor                              - Instance: 0x03FFABE0
Class: ApexForceFieldRadialActor                               - Instance: 0x03FFAE50
Class: ApexGridActor                                           - Instance: 0x03FFB0C0
Class: ApexJetActor                                            - Instance: 0x03FFB330
Class: ApexNoiseActor                                          - Instance: 0x03FFB5A0
Class: ApexTurbulenceHeatSourceActor                           - Instance: 0x03FFB810
Class: ApexVelocitySourceActor                                 - Instance: 0x03FFBA80
Class: ApexVortexActor                                         - Instance: 0x03FFBCF0
Class: ApexFieldSamplerComponent                               - Instance: 0x04104000
Class: ApexAttractorComponent                                  - Instance: 0x041044E0
Class: ApexDynamicGridComponent                                - Instance: 0x041049C0
Class: ApexForceFieldComponent                                 - Instance: 0x04104C30
Class: ApexForceFieldGenericComponent                          - Instance: 0x04105110
Class: ApexForceFieldRadialComponent                           - Instance: 0x04105380
Class: ApexGridComponent                                       - Instance: 0x04105860
Class: ApexJetComponent                                        - Instance: 0x04105AD0
Class: ApexNoiseComponent                                      - Instance: 0x04105D40
Class: ApexTurbulenceHeatSourceComponent                       - Instance: 0x04105FB0
Class: ApexVelocitySourceComponent                             - Instance: 0x04106220
Class: ApexVortexComponent                                     - Instance: 0x04106490
Class: ApexVortexForForceFieldComponent                        - Instance: 0x04106700
Class: ActorFactoryApexAttractor                               - Instance: 0x04106970
Class: ActorFactoryApexDynamicGrid                             - Instance: 0x04106BE0
Class: ActorFactoryApexGrid                                    - Instance: 0x04106E50
Class: ActorFactoryApexJet                                     - Instance: 0x041070C0
Class: ActorFactoryApexTurbulenceHeatSource                    - Instance: 0x04107330
Class: ActorFactoryApexVelocitySource                          - Instance: 0x041075A0
Class: ActorFactoryApexVortex                                  - Instance: 0x04107810
Class: ApexShape                                               - Instance: 0x04107A80
Class: ApexShapeBox                                            - Instance: 0x04107CF0
Class: ApexShapeCapsule                                        - Instance: 0x04054000
Class: ApexShapeSphere                                         - Instance: 0x04054270
Class: SeqEvent_HitWall                                        - Instance: 0x0444ED78
Class: SeqAct_Destroy                                          - Instance: 0x04466C48
Class: SeqAct_Teleport                                         - Instance: 0x04468398
Class: SeqAct_SetVelocity                                      - Instance: 0x044689C8
Class: SeqAct_ToggleHidden                                     - Instance: 0x04469F7C
Class: SeqAct_AttachToActor                                    - Instance: 0x0446A8B4
Class: OnlinePlayerInterface                                   - Instance: 0x04488D40
Class: SharedCloudFileInterface                                - Instance: 0x0448A0D4
Class: UserCloudFileInterface                                  - Instance: 0x0448A5AC
Class: OnlineSocialInterface                                   - Instance: 0x0448AD18
Class: OnlineTitleFileCacheInterface                           - Instance: 0x0448B1F0
Class: OnlineTitleFileInterface                                - Instance: 0x0448B6C8
Class: OnlinePartyChatInterface                                - Instance: 0x0448BBA0
Class: ROnlineCustomContentCacheInterface                      - Instance: 0x0448C078
Class: OnlineCustomContentInterface                            - Instance: 0x0448C550
Class: OnlineNewsInterface                                     - Instance: 0x0448CA28
Class: OnlineStatsInterface                                    - Instance: 0x0448CF00
Class: OnlineWebInterface                                      - Instance: 0x0448D3D8
Class: OnlineVoiceInterface                                    - Instance: 0x0448D8B0
Class: OnlineContentInterface                                  - Instance: 0x0448DD88
Class: OnlineGameInterface                                     - Instance: 0x0448E260
Class: OnlineSystemInterface                                   - Instance: 0x0448E738
Class: OnlinePlayerInterfaceEx                                 - Instance: 0x0448EC10
Class: OnlineAccountInterface                                  - Instance: 0x0448F2E0
Class: AccessControl                                           - Instance: 0x04496F54
Class: Admin                                                   - Instance: 0x0449820C
Class: ApexDestructibleActorSpawnable                          - Instance: 0x044B77C0
Class: EmitterSpawnable                                        - Instance: 0x044C4764
Class: KAssetSpawnable                                         - Instance: 0x044C5350
Class: ActorFactoryPointLightMovable                           - Instance: 0x044C5594
Class: ActorFactoryPointLightToggleable                        - Instance: 0x044C5870
Class: ActorFactorySpotLightMovable                            - Instance: 0x044C61E0
Class: ActorFactorySpotLightToggleable                         - Instance: 0x044C64BC
Class: SeqEvent_Death                                          - Instance: 0x044CC9BC
Class: SeqAct_ToggleGodMode                                    - Instance: 0x044D8AF8
Class: SeqAct_ControlMovieTexture                              - Instance: 0x044F1AA8
Class: LocalMessage                                            - Instance: 0x044FA8B0
Class: GameMessage                                             - Instance: 0x044FA66C
Class: DmgType_Suicided                                        - Instance: 0x0450337C
Class: SeqAct_ToggleInput                                      - Instance: 0x0452C2D0
Class: SeqAct_ToggleHUD                                        - Instance: 0x0452FFC4
Class: SeqAct_ForceFeedback                                    - Instance: 0x04531BA8
Class: SeqAct_ToggleCinematicMode                              - Instance: 0x04532A68
Class: SeqAct_ConsoleCommand                                   - Instance: 0x04533FB0
Class: DmgType_Fell                                            - Instance: 0x045B45E0
Class: DmgType_Telefragged                                     - Instance: 0x045B4EFC
Class: DmgType_Crushed                                         - Instance: 0x045B5780
Class: SeqAct_AssignController                                 - Instance: 0x045B62C0
Class: AkVehicleSound                                          - Instance: 0x0460BC58
Class: AnimNotify_PlayFaceFxAnim                               - Instance: 0x0463D61C
Class: HttpFactory                                             - Instance: 0x0468C2C8
Class: DebugCameraHUD                                          - Instance: 0x046AB340
Class: DebugCameraInput                                        - Instance: 0x046ACC80
Class: RDesignerWarning                                        - Instance: 0x046AF540
Class: SeqAct_SetDamageInstigator                              - Instance: 0x046CD2EC
Class: DynamicSMActor_Spawnable                                - Instance: 0x046DF91C
Class: DynamicTriggerVolume                                    - Instance: 0x046E0758
Class: SeqAct_SetParticleSysParam                              - Instance: 0x046F24AC
Class: ExponentialHeightFog                                    - Instance: 0x04709F04
Class: FracturedSMActorSpawnable                               - Instance: 0x0473F324
Class: FracturedStaticMeshActor_Spawnable                      - Instance: 0x04740024
Class: SeqEvent_PlayerSpawned                                  - Instance: 0x047552E4
Class: HeightFog                                               - Instance: 0x04790ECC
Class: Interface_AudioImpact                                   - Instance: 0x0479D1D0
Class: InterpActor_ForCinematic                                - Instance: 0x0479DB88
Class: MaterialInstanceTimeVaryingActor                        - Instance: 0x047F270C
Class: NavMeshBoundsVolume                                     - Instance: 0x04805A80
Class: OnlineCommunityContentInterface                         - Instance: 0x04821480
Class: OnlineEventsInterface                                   - Instance: 0x04831144
Class: OnlineRecentPlayersList                                 - Instance: 0x0485B7C4
Class: OnlineSuppliedUIInterface                               - Instance: 0x04867C14
Class: ParticleModuleFieldSamplerAttractor                     - Instance: 0x0487DFB0
Class: ParticleModuleFieldSamplerDynamicGrid                   - Instance: 0x0487E4CC
Class: ParticleModuleFieldSamplerGrid                          - Instance: 0x0487EAEC
Class: ParticleModuleFieldSamplerHeatSource                    - Instance: 0x0487F0BC
Class: ParticleModuleFieldSamplerJet                           - Instance: 0x0487F5F0
Class: ParticleModuleFieldSamplerNoise                         - Instance: 0x0487FB4C
Class: ParticleModuleFieldSamplerVortex                        - Instance: 0x04880098
Class: PathNode_Dynamic                                        - Instance: 0x04898390
Class: SeqEvent_PickupStatusChange                             - Instance: 0x048A8CA0
Class: RadialBlurActor                                         - Instance: 0x048C47F0
Class: SeqAct_ToggleConstraintDrive                            - Instance: 0x048D2EAC
Class: RB_BSJointActor                                         - Instance: 0x048D3660
Class: RB_ConstraintActorSpawnable                             - Instance: 0x048D3FB0
Class: RB_FixedJointActor                                      - Instance: 0x048D5610
Class: RB_HingeActor                                           - Instance: 0x048D960C
Class: RB_PrismaticActor                                       - Instance: 0x048DA820
Class: RB_PulleyJointActor                                     - Instance: 0x048DB170
Class: RDeferred_LightEffector                                 - Instance: 0x048DEFA8
Class: RHeightmapOverrideActor                                 - Instance: 0x048EEFEC
Class: RInterpTrackConversation                                - Instance: 0x048F0534
Class: RInterpTrackInstConversation                            - Instance: 0x048F1324
Class: RockInteriorMappingProbe                                - Instance: 0x0490714C
Class: RockReflectionVolumeMovable                             - Instance: 0x049090D0
Class: RParticleAttractor                                      - Instance: 0x0490BBC4
Class: RStaticMeshActorDamageable                              - Instance: 0x04914144
Class: RPhysicalMaterialRefCounter                             - Instance: 0x04916034
Class: SeqAct_MITV_Activate                                    - Instance: 0x0493810C
Class: SeqAct_SetSkelControlTarget                             - Instance: 0x0493D488
Class: SeqAct_SetVector                                        - Instance: 0x0493DC90
Class: SeqAct_UpdatePhysBonesFromAnim                          - Instance: 0x04943994
Class: SeqEvent_AIReachedRouteActor                            - Instance: 0x04946F1C
Class: SeqEvent_LOS                                            - Instance: 0x04947D0C
Class: SkeletalMeshActorMATWalkable                            - Instance: 0x04969588
Class: SphericalHarmonicLightComponent                         - Instance: 0x04975C50
Class: SplineComponentSimplified                               - Instance: 0x049798FC
Class: Trigger_Dynamic                                         - Instance: 0x0498DAA0
Class: Trigger_LOS                                             - Instance: 0x0498E410
Class: TriggeredPath                                           - Instance: 0x04990130
Class: TriggerStreamingLevel                                   - Instance: 0x04991090
Class: UIDataStore_OnlineStats                                 - Instance: 0x0499F7F8
Class: UIResourceDataProvider                                  - Instance: 0x049A0AA8
Class: UIGameInfoSummary                                       - Instance: 0x049A0D58
Class: WaterVolume                                             - Instance: 0x049AB4C0
Class: WindDirectionalSource                                   - Instance: 0x049B8350

Processing Package: AkAudio

ScriptStruct: SwitchModifierPair                               - Instance: 0x06CF2DF4
ScriptStruct: ParameterModifierPair                            - Instance: 0x06CF312C
ScriptStruct: TouchingActorInfo                                - Instance: 0x06CF3464
ScriptStruct: OverlappingVolumeInfo                            - Instance: 0x06CF3664
ScriptStruct: AkAxisParameter                                  - Instance: 0x06CF3B58
ScriptStruct: AkManagedEmitterItem                             - Instance: 0x06CF96AC
ScriptStruct: APME                                             - Instance: 0x06CFA420
ScriptStruct: Variables                                        - Instance: 0x06CFF5E4
ScriptStruct: NodeEditorData                                   - Instance: 0x06D03F18
ScriptStruct: WhooshBy                                         - Instance: 0x06D05ED4
ScriptStruct: AkEventTrackKey                                  - Instance: 0x06D07430
ScriptStruct: AkEditorOnlyWavKey                               - Instance: 0x06D07C14
ScriptStruct: AkEditorOnlyWav                                  - Instance: 0x06D07EA8
ScriptStruct: AkWavData                                        - Instance: 0x06D083A8
ScriptStruct: SeqAct_AkAudioParameterInterpolationInfo         - Instance: 0x06D09D10
Const: CONST_EEntityType_Ignore                                - Instance: 0x06D003A4
Const: CONST_EEntityType_Numeric                               - Instance: 0x06D00410
Const: CONST_EEntityType_Volume                                - Instance: 0x06D0047C
Const: CONST_EEntityType_Parameter                             - Instance: 0x06D004E8
Const: CONST_EEntityType_GameVariable                          - Instance: 0x06D00554
Const: CONST_EEntityType_Symbol                                - Instance: 0x06D005C0
Const: CONST_EEntityType_Buss                                  - Instance: 0x06D0062C
Const: CONST_EEntityType_Object                                - Instance: 0x06D00698
Const: CONST_EEntityType_Floats                                - Instance: 0x06D00704
Const: CONST_EEntityType_SymbolOrFact                          - Instance: 0x06D00770
Enum: EOverlapSetting                                          - Instance: 0x06CF2D88
Enum: EAkDialogueTapeState                                     - Instance: 0x06CF6BB0
Enum: EMultipointEmitterType                                   - Instance: 0x06CFAFA8
Enum: EAkComponentSettingsBool                                 - Instance: 0x06D0A78C
Enum: EAkComponentSettingsObsOcc                               - Instance: 0x06D0A7F8
Enum: EMusicSyncOutputs                                        - Instance: 0x06D1025C
Enum: EAkRainIntensitySetting                                  - Instance: 0x06D1077C
Class: AkAudioSpline                                           - Instance: 0x040544E0
Class: AkAudioSystem                                           - Instance: 0x04054750
Class: AkAudioVolume                                           - Instance: 0x040549C0
Class: AkDialogueTape                                          - Instance: 0x04054C30
Class: AkEmitter                                               - Instance: 0x04054EA0
Class: AkLightEmitter                                          - Instance: 0x04055110
Class: AkMultipointEmitter                                     - Instance: 0x04055380
Class: AkRattleEmitter                                         - Instance: 0x040555F0
Class: AkManagedEmitter                                        - Instance: 0x04055860
Class: AkMultipointEmitterLineComponent                        - Instance: 0x04055AD0
Class: AkProximityTracker                                      - Instance: 0x04055D40
Class: AkRandomVolume                                          - Instance: 0x04055FB0
Class: AkSDNode                                                - Instance: 0x04056220
Class: AkSDEntity                                              - Instance: 0x04056490
Class: AkSDEntitySymbol                                        - Instance: 0x04056700
Class: AkSDEntityAggLocation                                   - Instance: 0x04056970
Class: AkSDEntityChallengeID                                   - Instance: 0x04056BE0
Class: AkSDEntityGameState                                     - Instance: 0x04056E50
Class: AkSDEntityLevel                                         - Instance: 0x040570C0
Class: AkSDEntityMusicState                                    - Instance: 0x04057330
Class: AkSDEntitySideStory                                     - Instance: 0x040575A0
Class: AkSDEntityValue                                         - Instance: 0x04057810
Class: AkSDEntityAkParameter                                   - Instance: 0x04057A80
Class: AkSDEntityChapter                                       - Instance: 0x04057CF0
Class: AkSDEntityConst                                         - Instance: 0x04004000
Class: AkSDEntityCountPawnsInVolume                            - Instance: 0x04004270
Class: AkSDEntityCountEnemyPawnsInVolume                       - Instance: 0x040044E0
Class: AkSDEntityCountFriendlyPawnsInVolume                    - Instance: 0x04004750
Class: AkSDEntityFact                                          - Instance: 0x040049C0
Class: AkSDEntityFalse                                         - Instance: 0x04004C30
Class: AkSDEntityGlobalFlag                                    - Instance: 0x04004EA0
Class: AkSDEntityGlobalFlagFromKismet                          - Instance: 0x04005110
Class: AkSDEntityMeter                                         - Instance: 0x04005380
Class: AkSDEntityMusicCombatRandom                             - Instance: 0x040055F0
Class: AkSDEntityMusicPlaying                                  - Instance: 0x04005860
Class: AkSDEntityPawns                                         - Instance: 0x04005AD0
Class: AkSDEntityPawnsEnemy                                    - Instance: 0x04005D40
Class: AkSDEntityPawnsEnemyFiring                              - Instance: 0x04005FB0
Class: AkSDEntityPawnsEnemySpottedPlayer                       - Instance: 0x04006220
Class: AkSDEntityPlayerBase                                    - Instance: 0x04006490
Class: AkSDEntityPlayerDetectiveMode                           - Instance: 0x04006700
Class: AkSDEntityPlayerHealth                                  - Instance: 0x04006970
Class: AkSDEntityPlayersAverageHealth                          - Instance: 0x04006BE0
Class: AkSDEntityPlayerVehicleSpeed                            - Instance: 0x04006E50
Class: AkSDEntityPlayerInCurrentBaseMap                        - Instance: 0x040070C0
Class: AkSDEntityPlayerInPredatorVolume                        - Instance: 0x04007330
Class: AkSDEntityTimeDilation                                  - Instance: 0x040075A0
Class: AkSDEntityTrue                                          - Instance: 0x04007810
Class: AkSDRelationship                                        - Instance: 0x04007A80
Class: AkSDRelationshipAlways                                  - Instance: 0x04007CF0
Class: AkSDRelationshipEqual                                   - Instance: 0x040B8000
Class: AkSDRelationshipEvery                                   - Instance: 0x040B8270
Class: AkSDRelationshipGreaterThan                             - Instance: 0x040B84E0
Class: AkSDRelationshipGreaterThanEqual                        - Instance: 0x040B8750
Class: AkSDRelationshipHasChanged                              - Instance: 0x040B89C0
Class: AkSDRelationshipIn                                      - Instance: 0x040B8C30
Class: AkSDRelationshipIsFalse                                 - Instance: 0x040B8EA0
Class: AkSDRelationshipIsTrue                                  - Instance: 0x040B9110
Class: AkSDRelationshipLessThan                                - Instance: 0x040B9380
Class: AkSDRelationshipLessThanEqual                           - Instance: 0x040B95F0
Class: AkSDRelationshipNotEqual                                - Instance: 0x040B9860
Class: AkSDRelationshipOnce                                    - Instance: 0x040B9AD0
Class: AkSDRelationshipSymbolEqual                             - Instance: 0x040B9D40
Class: AkSDRelationshipSymbolNotEqual                          - Instance: 0x040B9FB0
Class: AkSDRelationshipSymbolValid                             - Instance: 0x040BA220
Class: AkSDTrigger                                             - Instance: 0x040BA490
Class: AkSDNodeDrawInfo                                        - Instance: 0x040BA700
Class: AkSDRelationshipDiagram                                 - Instance: 0x040BA970
Class: AkWhoosh                                                - Instance: 0x040BABE0
Class: AkWhooshAnchor                                          - Instance: 0x040BAE50
Class: AkWhooshVolume                                          - Instance: 0x040BB0C0
Class: InterpTrackAkEditorOnlyWav                              - Instance: 0x040BB330
Class: InterpTrackAkEvent                                      - Instance: 0x040BB5A0
Class: InterpTrackAkAutoEvent                                  - Instance: 0x040BB810
Class: InterpTrackSoundMasterSync                              - Instance: 0x040BBA80
Class: InterpTrackAkParameter                                  - Instance: 0x040BBCF0
Class: InterpTrackInstAkEditorOnlyWav                          - Instance: 0x040FC000
Class: InterpTrackInstAkEvent                                  - Instance: 0x040FC270
Class: InterpTrackInstSoundMasterSync                          - Instance: 0x040FC4E0
Class: InterpTrackInstAkParameter                              - Instance: 0x040FC750
Class: SeqAct_AkAudioEvent                                     - Instance: 0x040FC9C0
Class: SeqAct_AkAudioEventLoop                                 - Instance: 0x040FCC30
Class: SeqAct_AkAudioParameter                                 - Instance: 0x040FCEA0
Class: SeqAct_AkAudioParameterReset                            - Instance: 0x040FD110
Class: SeqAct_AkAudioReset                                     - Instance: 0x040FD380
Class: SeqAct_AkAudioSwitch                                    - Instance: 0x040FD5F0
Class: SeqAct_AkBankLoader                                     - Instance: 0x040FD860
Class: SeqAct_AkBase                                           - Instance: 0x040FDAD0
Class: SeqAct_AkBaseSimple                                     - Instance: 0x040FDD40
Class: SeqAct_AkAnimOnlyDialogue                               - Instance: 0x040FDFB0
Class: SeqAct_AkAudioState                                     - Instance: 0x040FE220
Class: SeqAct_AkAudioStateReset                                - Instance: 0x040FE490
Class: SeqAct_AkDialogueGetSpeechDuration                      - Instance: 0x040FE700
Class: SeqAct_AkDialogueIsSpeaking                             - Instance: 0x040FE970
Class: SeqAct_AkDialogueLockType                               - Instance: 0x040FEBE0
Class: SeqAct_AkDialogueLockVoice                              - Instance: 0x040FEE50
Class: SeqAct_AkDialoguePlayTape                               - Instance: 0x040FF0C0
Class: SeqAct_AkDialogueResetDucking                           - Instance: 0x040FF330
Class: SeqAct_AkDialogueResetSpeechLimit                       - Instance: 0x040FF5A0
Class: SeqAct_AkDialogueResetTypePriority                      - Instance: 0x040FF810
Class: SeqAct_AkDialogueSetDucking                             - Instance: 0x040FFA80
Class: SeqAct_AkDialogueSetSpeechLimit                         - Instance: 0x040FFCF0
Class: SeqAct_AkDialogueSetTypePriority                        - Instance: 0x040F8000
Class: SeqAct_AkDialogueSetVoice                               - Instance: 0x040F8270
Class: SeqAct_AkDialogueSetVoiceSubtitle                       - Instance: 0x040F84E0
Class: SeqAct_AkDialogueStartSpeech                            - Instance: 0x040F8750
Class: SeqAct_AkDialogueStopSpeech                             - Instance: 0x040F89C0
Class: SeqAct_AkDialogueSurveillance                           - Instance: 0x040F8C30
Class: SeqAct_AkRainIntensity                                  - Instance: 0x040F8EA0
Class: SeqAct_AkCreateMultipoint                               - Instance: 0x040F9110
Class: SeqAct_AkPlayMultipoint                                 - Instance: 0x040F9380
Class: SeqAct_AkComponentSettings                              - Instance: 0x040F95F0
Class: SeqAct_AkGetFact                                        - Instance: 0x040F9860
Class: SeqAct_AkMixTemplate                                    - Instance: 0x040F9AD0
Class: SeqAct_AkMusicReplace                                   - Instance: 0x040F9D40
Class: SeqAct_AkMusicSync                                      - Instance: 0x040F9FB0
Class: SeqAct_AkMusicTrigger                                   - Instance: 0x040FA220
Class: SeqAct_AkResetSoundDirector                             - Instance: 0x040FA490
Class: SeqAct_AkSetFact                                        - Instance: 0x040FA700
Class: SeqAct_AkSoundDiagram                                   - Instance: 0x040FA970
Class: AkAudioVolumeDisabled                                   - Instance: 0x06CF6240
Class: AkSDEntityFactARChallenge                               - Instance: 0x06D00E80
Class: AkSDEntityFactConversation                              - Instance: 0x06D011D4
Class: AkSDEntityFactCrawlSpace                                - Instance: 0x06D01528
Class: AkSDEntityFactDemo                                      - Instance: 0x06D0187C
Class: AkSDEntityFactDrivingChallenge                          - Instance: 0x06D01BD0
Class: AkSDEntityFactInGame                                    - Instance: 0x06D01F24
Class: AkSDEntityFactOverworld                                 - Instance: 0x06D02278
Class: AkSDEntityFactPlayerInCombat                            - Instance: 0x06D025CC
Class: AkSDEntityFactPlayerInVehicle                           - Instance: 0x06D02920
Class: AkSDEntityFactPlayerInVehicleCombat                     - Instance: 0x06D02C74
Class: AkSDEntityFactPlayerVehicleJumping                      - Instance: 0x06D02FC8
Class: AkSDEntityFactQuickDeath                                - Instance: 0x06D0331C
Class: SeqAct_AkAudioHDR                                       - Instance: 0x06D09834
Class: SeqAct_AkMusicParameter                                 - Instance: 0x06D0EC70
Class: SeqAct_AkMusicParameterReset                            - Instance: 0x06D0F014
Class: SeqAct_AkMusicResumeAutoStates                          - Instance: 0x06D0F770
Class: SeqAct_AkMusicState                                     - Instance: 0x06D0FB14
Class: SeqAct_AkMusicSuspendAutoStates                         - Instance: 0x06D0FEB8
Class: SeqAct_AkStartMusic                                     - Instance: 0x06D10D6C
Class: SeqAct_AkStopMusic                                      - Instance: 0x06D11110
Class: SeqAct_AkTargetedLoopingEvent                           - Instance: 0x06D114B4

Processing Package: IpDrv

ScriptStruct: IpAddr                                           - Instance: 0x04A26D74
ScriptStruct: EventUploadConfig                                - Instance: 0x04A3277C
ScriptStruct: OnlineImageDownload                              - Instance: 0x04A3F06C
ScriptStruct: Steam_PriceInfo                                  - Instance: 0x04A413E8
ScriptStruct: RegistryEntry                                    - Instance: 0x04A43240
ScriptStruct: RegistryFolder                                   - Instance: 0x04A4355C
ScriptStruct: CacheActivityEntry                               - Instance: 0x04A43E9C
Enum: ELinkMode                                                - Instance: 0x04A26F64
Enum: EReceiveMode                                             - Instance: 0x04A27368
Enum: ELineMode                                                - Instance: 0x04A273D4
Enum: EEventUploadType                                         - Instance: 0x04A325D8
Enum: EOnlineImageDownloadState                                - Instance: 0x04A3EEC8
Enum: ECacheActivityType                                       - Instance: 0x04A43090
Enum: ECacheActivityStatus                                     - Instance: 0x04A430FC
Enum: ECacheFileStatus                                         - Instance: 0x04A43168
Enum: EQueuePriorityState                                      - Instance: 0x04A431D4
Enum: ETitleFileFileOp                                         - Instance: 0x04A49F58
Class: ClientBeaconAddressResolver                             - Instance: 0x040FABE0
Class: InternetLink                                            - Instance: 0x040FAE50
Class: McpServiceBase                                          - Instance: 0x040FB0C0
Class: MCPBase                                                 - Instance: 0x040FB330
Class: OnlineEventsInterfaceMcp                                - Instance: 0x040FB5A0
Class: TitleFileDownloadCache                                  - Instance: 0x040FB810
Class: OnlineSubsystemCommonImpl                               - Instance: 0x040FBCF0
Class: OnlineAuthInterfaceImpl                                 - Instance: 0x040FBA80
Class: OnlineGameInterfaceImpl                                 - Instance: 0x040F4000
Class: ROnlineCustomContentCacheManager                        - Instance: 0x040F44E0
Class: TcpipConnection                                         - Instance: 0x040F4750
Class: TcpNetDriver                                            - Instance: 0x040F49C0
Class: TitleFileCacheEntry                                     - Instance: 0x040F4C30
Class: McpServiceConfig                                        - Instance: 0x04A28700
Class: OnlineImageDownloaderWeb                                - Instance: 0x04A3EC84

Processing Package: GFxUI

ScriptStruct: SoundThemeBinding                                - Instance: 0x04A0C0D8
ScriptStruct: ASValue                                          - Instance: 0x04A0E744
ScriptStruct: GFxWidgetBinding                                 - Instance: 0x04A0E9AC
ScriptStruct: ExternalTexture                                  - Instance: 0x04A164D0
ScriptStruct: GCReference                                      - Instance: 0x04A1A040
ScriptStruct: ASDisplayInfo                                    - Instance: 0x04A1B7CC
ScriptStruct: ASColorTransform                                 - Instance: 0x04A1C57C
Const: CONST_Version                                           - Instance: 0x04A198EC
Enum: EFlashTextureRescale                                     - Instance: 0x04A0A594
Enum: EPackedTextureResize                                     - Instance: 0x04A0A600
Enum: EASType                                                  - Instance: 0x04A0E80C
Enum: EGFxAlign                                                - Instance: 0x04A1437C
Enum: EGFxScaleMode                                            - Instance: 0x04A143E8
Enum: EGFxTimingMode                                           - Instance: 0x04A15170
Enum: EGFxDPGBias                                              - Instance: 0x04A151DC
Enum: EGFxRenderTextureMode                                    - Instance: 0x04A1632C
Class: GFxEngine                                               - Instance: 0x040F4EA0
Class: GFxFSCmdHandler                                         - Instance: 0x040F5110
Class: GFxInteraction                                          - Instance: 0x040F5380
Class: GFxMoviePlayer                                          - Instance: 0x040F55F0
Class: GFxObject                                               - Instance: 0x040F5AD0
Class: GFxRawData                                              - Instance: 0x040F5D40
Class: SwfMovie                                                - Instance: 0x040F5FB0
Class: FlashMovie                                              - Instance: 0x040F6220
Class: GFxAction_CloseMovie                                    - Instance: 0x040F6490
Class: GFxAction_GetVariable                                   - Instance: 0x040F6700
Class: GFxAction_Invoke                                        - Instance: 0x040F6970
Class: GFxAction_OpenMovie                                     - Instance: 0x040F6BE0
Class: GFxAction_SetCaptureKeys                                - Instance: 0x040F6E50
Class: GFxAction_SetVariable                                   - Instance: 0x040F70C0
Class: GFxEvent_FSCommand                                      - Instance: 0x040F7330
Class: GFxFSCmdHandler_Kismet                                  - Instance: 0x040F75A0

Processing Package: WinDrv

Class: FacebookWindows                                         - Instance: 0x040F7810
Class: HttpRequestWindows                                      - Instance: 0x040F7A80
Class: HttpResponseWindows                                     - Instance: 0x040F7CF0
Class: WindowsClient                                           - Instance: 0x040F0000
Class: XnaForceFeedbackManager                                 - Instance: 0x040F04E0
Class: HttpRequestWindowsMcp                                   - Instance: 0x04A52978

Processing Package: OnlineSubsystemSteamworks

ScriptStruct: ServerQueryToPingResponseMapping                 - Instance: 0x06D13F50
ScriptStruct: ServerQueryToRulesResponseMapping                - Instance: 0x06D14018
ScriptStruct: FilterKeyToSteamKeyMapping                       - Instance: 0x06D14A84
ScriptStruct: ClientFilterORClause                             - Instance: 0x06D14B4C
ScriptStruct: MatchmakingQueryState                            - Instance: 0x06D14CB0
ScriptStruct: ContentListCache                                 - Instance: 0x06D18084
ScriptStruct: OnlineStatusMapping                              - Instance: 0x06D1ABA4
ScriptStruct: AchievementMappingInfo                           - Instance: 0x06D1B0E0
ScriptStruct: AchievementProgressStat                          - Instance: 0x06D1B8EC
ScriptStruct: QueuedAvatarRequest                              - Instance: 0x06D1BAEC
ScriptStruct: PlayerStat                                       - Instance: 0x06D25D68
ScriptStruct: PendingPlayerStats                               - Instance: 0x06D1C2F8
ScriptStruct: LeaderboardHandle                                - Instance: 0x06D26420
ScriptStruct: LeaderboardTemplate                              - Instance: 0x06D1C4F8
ScriptStruct: DeferredLeaderboardRead                          - Instance: 0x06D1C6F8
ScriptStruct: DeferredLeaderboardWrite                         - Instance: 0x06D1C8F8
ScriptStruct: SteamUserCloud                                   - Instance: 0x06D1E530
ScriptStruct: SteamUserCloudMetadata                           - Instance: 0x06D1E730
ScriptStruct: LocalTalkerSteam                                 - Instance: 0x06D22BB4
Info: Extra padding detected!
Info: Property size 0x5
Info: Min alignment 0x4
Info: Extra padding 0x3
ScriptStruct: DeviceIdCache                                    - Instance: 0x06D22EDC
ScriptStruct: ControllerConnectionState                        - Instance: 0x06D231FC
ScriptStruct: ProfileSettingsCache                             - Instance: 0x06D23E00
ScriptStruct: SteamPlayerClanData                              - Instance: 0x06D25034
ScriptStruct: LeaderboardEntry                                 - Instance: 0x06D27034
Enum: ESteamMatchmakingType                                    - Instance: 0x06D13EE4
Enum: ELeaderboardSortType                                     - Instance: 0x06D17ED4
Enum: ELeaderboardRequestType                                  - Instance: 0x06D17F40
Enum: ELeaderboardFormat                                       - Instance: 0x06D17FAC
Enum: EMuteType                                                - Instance: 0x06D18018
Enum: ELeaderboardUpdateType                                   - Instance: 0x06D1814C
Class: DownloadableContentEnumeratorSteamworks                 - Instance: 0x040F0750
Class: OnlineAuthInterfaceSteamworks                           - Instance: 0x040F09C0
Class: OnlineGameInterfaceSteamworks                           - Instance: 0x040F0C30
Class: OnlineLobbyInterfaceSteamworks                          - Instance: 0x040F0EA0
Class: OnlineSubsystemSteamworks                               - Instance: 0x040F1110
Class: IpNetDriverSteamworks                                   - Instance: 0x040F1380
Class: IpNetConnectionSteamworks                               - Instance: 0x040F15F0

Processing Package: BmGame

ScriptStruct: PossibleSpot                                     - Instance: 0x04A5B968
ScriptStruct: PossibleSpotIndexAndNavHandle                    - Instance: 0x04A5BF68
ScriptStruct: PathfindingController                            - Instance: 0x04A5BB68
ScriptStruct: AttractedThugData                                - Instance: 0x04A5BD68
ScriptStruct: BarkFlag                                         - Instance: 0x04A69D94
ScriptStruct: WatcherSearch                                    - Instance: 0x04A6C37C
ScriptStruct: ExitPointPair                                    - Instance: 0x04A6F14C
ScriptStruct: FullyCustomAdditiveAnimConfig                    - Instance: 0x04A843B8
ScriptStruct: CustomAdditiveAnimConfig                         - Instance: 0x04A84480
ScriptStruct: Weight                                           - Instance: 0x04A850A8
ScriptStruct: AdditiveAnimConfig                               - Instance: 0x04A8488C
ScriptStruct: CustomAnimConfig                                 - Instance: 0x04A84CE8
ScriptStruct: AnimConfig                                       - Instance: 0x04A85204
ScriptStruct: Transition                                       - Instance: 0x04A85F34
ScriptStruct: OverlayDescription                               - Instance: 0x04A87C88
ScriptStruct: MovementAnim                                     - Instance: 0x04A88224
ScriptStruct: StrafeMovementAnim                               - Instance: 0x04A887C0
ScriptStruct: Movement                                         - Instance: 0x04A87D50
ScriptStruct: AdditiveDescription                              - Instance: 0x04A88FC8
ScriptStruct: RandomIdleOverlays                               - Instance: 0x04A89254
ScriptStruct: ChaserConfig                                     - Instance: 0x04A89618
ScriptStruct: AimingTransitionTiming                           - Instance: 0x04A89B38
ScriptStruct: FloorMovementCorrectionConfig                    - Instance: 0x04A8A054
ScriptStruct: FloorCorrectionConfig                            - Instance: 0x04A89F8C
ScriptStruct: Pose                                             - Instance: 0x04A86FC4
ScriptStruct: AimingTransitionTimingOverride                   - Instance: 0x04A879EC
ScriptStruct: TurnConfig                                       - Instance: 0x04A896E0
ScriptStruct: VisibilityResult                                 - Instance: 0x04A8A254
ScriptStruct: PoseEditorFrame                                  - Instance: 0x04A8AAB8
ScriptStruct: ActionFacingState                                - Instance: 0x04A8C49C
ScriptStruct: YawPitch                                         - Instance: 0x04A9D1B0
ScriptStruct: AimAtTransition                                  - Instance: 0x04A8EA70
ScriptStruct: AimAtSample                                      - Instance: 0x04A9CC8C
ScriptStruct: AimAtState                                       - Instance: 0x04A8E314
ScriptStruct: TransitionId                                     - Instance: 0x04A91974
ScriptStruct: IdleSlavedToDescription                          - Instance: 0x04A92AB8
ScriptStruct: AnimSetToAnimSet                                 - Instance: 0x04A92E1C
ScriptStruct: BeginEverythingSlavedToDescription               - Instance: 0x04A92D54
ScriptStruct: EndEverythingSlavedToDescription                 - Instance: 0x04A9248C
ScriptStruct: StanceChangePoseInput                            - Instance: 0x04A923C4
ScriptStruct: ResolvedAnimConfig                               - Instance: 0x04A93F94
ScriptStruct: ResolvedMovementAnim                             - Instance: 0x04A93CCC
ScriptStruct: ResolvedMovementAnimSpeed                        - Instance: 0x04A93A30
ScriptStruct: ResolvedMovementAnims                            - Instance: 0x04A93968
ScriptStruct: IdleAnim                                         - Instance: 0x04A921C4
ScriptStruct: ResolvedAdditiveAnimConfig                       - Instance: 0x04A94F60
ScriptStruct: StanceChangePose                                 - Instance: 0x04A920FC
ScriptStruct: StanceChangePreviousPoseInput                    - Instance: 0x04A955C0
ScriptStruct: StanceChangePreviousPose                         - Instance: 0x04A953C0
ScriptStruct: SlavedToTransitionDescription                    - Instance: 0x04A95E14
ScriptStruct: AutomaticTransitionInstance                      - Instance: 0x04A91A3C
Info: Extra padding detected!
Info: Property size 0x31
Info: Min alignment 0x4
Info: Extra padding 0x3
ScriptStruct: StanceChangeTransitionInput                      - Instance: 0x04A95D4C
ScriptStruct: MeetingPoints                                    - Instance: 0x04A98120
ScriptStruct: StanceChangeTransition                           - Instance: 0x04A95B4C
ScriptStruct: NormalizedTimeSpan                               - Instance: 0x04A99240
ScriptStruct: RelativeTarget                                   - Instance: 0x04A981E8
Info: Extra padding detected!
Info: Property size 0x29
Info: Min alignment 0x4
Info: Extra padding 0x3
ScriptStruct: DirectionalAnimState                             - Instance: 0x04A99944
ScriptStruct: AdditiveState                                    - Instance: 0x04A99DD8
ScriptStruct: AdditiveStates                                   - Instance: 0x04A94CC8
ScriptStruct: IdleState                                        - Instance: 0x04A9A2D0
ScriptStruct: AdditiveIdleState                                - Instance: 0x04A9A958
ScriptStruct: RandomOverlayAnimState                           - Instance: 0x04A9ACFC
ScriptStruct: RandomOverlayAnim                                - Instance: 0x04A9AE60
ScriptStruct: RandomOverlayState                               - Instance: 0x04A9A398
ScriptStruct: StanceChangeMatineeAnim                          - Instance: 0x04A9B3E0
ScriptStruct: StanceChangeMatinee                              - Instance: 0x04A91EFC
ScriptStruct: StanceChange                                     - Instance: 0x04A91E34
ScriptStruct: AnimTarget                                       - Instance: 0x04A8E714
ScriptStruct: MoveToRequest                                    - Instance: 0x04A9BC88
Info: Extra padding detected!
Info: Property size 0x35
Info: Min alignment 0x4
Info: Extra padding 0x3
ScriptStruct: FaceAtRequest                                    - Instance: 0x04A9C494
ScriptStruct: AimAtRequest                                     - Instance: 0x04A8E870
ScriptStruct: LookAtRequest                                    - Instance: 0x04A9C55C
ScriptStruct: MoveToTransition                                 - Instance: 0x04A9DD44
ScriptStruct: MoveToState                                      - Instance: 0x04A93D94
ScriptStruct: StanceChangeQueue                                - Instance: 0x04A9ED74
ScriptStruct: PosePlayer                                       - Instance: 0x04A8E478
Info: Extra padding detected!
Info: Property size 0x19E
Info: Min alignment 0x4
Info: Extra padding 0x2
ScriptStruct: PendingQueuedTransitionCallback                  - Instance: 0x04A91B98
ScriptStruct: AngleRange                                       - Instance: 0x04A94B64
ScriptStruct: CyclePhase                                       - Instance: 0x04B86D08
ScriptStruct: CycleTime                                        - Instance: 0x04A99AA8
ScriptStruct: ProportionalMotion                               - Instance: 0x04A9A6C4
ScriptStruct: AimAtChange                                      - Instance: 0x04A9CE8C
ScriptStruct: NotifyAnim                                       - Instance: 0x04A9D278
ScriptStruct: MoveToChange                                     - Instance: 0x04A9DE0C
ScriptStruct: PoseDescription                                  - Instance: 0x04AA31C0
ScriptStruct: PersistentThought                                - Instance: 0x04AAA6BC
ScriptStruct: RegisteredThoughtActor                           - Instance: 0x04AA968C
ScriptStruct: PendingPersistentThought                         - Instance: 0x04AA988C
ScriptStruct: DeferredSetTickIsDisabled                        - Instance: 0x04AA9A8C
ScriptStruct: ContentBeacon                                    - Instance: 0x04AAEE50
ScriptStruct: PositionBeaconData                               - Instance: 0x04AAF134
ScriptStruct: ShowcaseItem                                     - Instance: 0x04AAF4F0
ScriptStruct: LevelTransitionOffset                            - Instance: 0x04AAF624
ScriptStruct: StoryDLCItem                                     - Instance: 0x04AAF89C
ScriptStruct: VehicleInitInfo                                  - Instance: 0x04AAFC58
ScriptStruct: WBPlayRewardInfo                                 - Instance: 0x04AAFD8C
ScriptStruct: BoneToHide                                       - Instance: 0x04AB0064
ScriptStruct: VisualDamageEffect                               - Instance: 0x04AB0264
ScriptStruct: LocationHistoryInfo                              - Instance: 0x04AB4FA0
ScriptStruct: RoadNetworkSpan                                  - Instance: 0x04AB533C
ScriptStruct: RacingLineSeg                                    - Instance: 0x04AB553C
Info: Extra padding detected!
Info: Property size 0xE
Info: Min alignment 0x4
Info: Extra padding 0x2
ScriptStruct: RoadNetworkTightArea                             - Instance: 0x04AB5B60
ScriptStruct: BreadCrumb                                       - Instance: 0x04AB6064
ScriptStruct: VehicleLight                                     - Instance: 0x04AB84E4
ScriptStruct: RoadObstacleTypes                                - Instance: 0x04AB9994
ScriptStruct: OneWayLink                                       - Instance: 0x04AC013C
ScriptStruct: CostScaleSphere                                  - Instance: 0x04ABF074
ScriptStruct: RoadRouteRestriction                             - Instance: 0x04ABEFAC
Info: Extra padding detected!
Info: Property size 0xA5
Info: Min alignment 0x4
Info: Extra padding 0x3
ScriptStruct: RoadNetworkJunction                              - Instance: 0x04AC3228
ScriptStruct: RoadNetworkPoint                                 - Instance: 0x04ACC708
ScriptStruct: LaneInfo                                         - Instance: 0x04ACD608
ScriptStruct: RoadNetworkLane                                  - Instance: 0x04ACD184
ScriptStruct: RoadNetworkLink                                  - Instance: 0x04ACD384
ScriptStruct: FloatingDamageNumber                             - Instance: 0x04AD9894
ScriptStruct: TutorialInfo                                     - Instance: 0x04ADCB84
ScriptStruct: TutorialInfoNew                                  - Instance: 0x04ADCD84
ScriptStruct: EvidenceTrail                                    - Instance: 0x04ADDD7C
ScriptStruct: MostWanted_IconData                              - Instance: 0x04AE6FF0
ScriptStruct: MostWanted_Data                                  - Instance: 0x04ADDF7C
ScriptStruct: SideStoryMapIconEntry                            - Instance: 0x04ADE2AC
Info: Extra padding detected!
Info: Property size 0x1A
Info: Min alignment 0x4
Info: Extra padding 0x2
ScriptStruct: VehicleScenarioInfo                              - Instance: 0x04AE8D68
Info: Extra padding detected!
Info: Property size 0x1F
Info: Min alignment 0x4
Info: Extra padding 0x1
ScriptStruct: OverrideThreatLevelInfo                          - Instance: 0x04AE8938
ScriptStruct: RandomPopulationDefine                           - Instance: 0x04ADE4AC
ScriptStruct: APCSideStoryInfo                                 - Instance: 0x04ADEC54
ScriptStruct: BatmobilePassengerSave                           - Instance: 0x04ADF840
Info: Extra padding detected!
Info: Property size 0x51
Info: Min alignment 0x4
Info: Extra padding 0x3
ScriptStruct: BatmobileDriveTutorialSection                    - Instance: 0x04AE1618
ScriptStruct: MapElementsItem                                  - Instance: 0x04AFA090
Info: Extra padding detected!
Info: Property size 0x63
Info: Min alignment 0x4
Info: Extra padding 0x1
ScriptStruct: EnvironmentSpecialMoveLocator                    - Instance: 0x04AFAC98
ScriptStruct: PlayerEdgeColl                                   - Instance: 0x04AFB108
ScriptStruct: CoverDescriptor                                  - Instance: 0x04AFB948
ScriptStruct: EnvironmentSpecialMoveTypesContainer             - Instance: 0x04AFD2A0
ScriptStruct: TauntPosition                                    - Instance: 0x04AFF130
ScriptStruct: GuardVolAssignmentTracker                        - Instance: 0x04AFF4EC
ScriptStruct: DLCAdditionalLevel                               - Instance: 0x04AFFA88
ScriptStruct: StreamingTransitionInfo                          - Instance: 0x04B05CD0
ScriptStruct: StreamingLevelInfo                               - Instance: 0x04B00290
ScriptStruct: StreamingPMapInfo                                - Instance: 0x04B005C8
ScriptStruct: LoadedPlayerCharacter                            - Instance: 0x04B019DC
ScriptStruct: LoadedPlayerBatmobile                            - Instance: 0x04B02088
ScriptStruct: StreamingLOD2Info                                - Instance: 0x04B032D8
ScriptStruct: SoundSurface                                     - Instance: 0x04B054E0
ScriptStruct: BorderInfo                                       - Instance: 0x04B05AD0
ScriptStruct: DebugSaveDescription                             - Instance: 0x04B07C14
ScriptStruct: TauntContextInfo                                 - Instance: 0x04B08940
ScriptStruct: TauntAnimInfo                                    - Instance: 0x04B09094
ScriptStruct: TauntBatmobileInfo                               - Instance: 0x04B095F4
ScriptStruct: LevelVolumeDesc                                  - Instance: 0x04B1C438
Info: Extra padding detected!
Info: Property size 0x61
Info: Min alignment 0x10
Info: Extra padding 0xF
ScriptStruct: ChallengeMatch                                   - Instance: 0x04B41054
ScriptStruct: LeaderboardCached                                - Instance: 0x04B41254
ScriptStruct: BeatenMsg                                        - Instance: 0x04B41454
ScriptStruct: CountsByCharacter                                - Instance: 0x04B416C0
ScriptStruct: GargToPoints                                     - Instance: 0x04B456FC
ScriptStruct: TakedownGroup                                    - Instance: 0x04B47A38
ScriptStruct: PredatorXPInfo                                   - Instance: 0x04B4AE50
ScriptStruct: LocationToAvoidMining                            - Instance: 0x04B4F17C
Info: Extra padding detected!
Info: Property size 0x11
Info: Min alignment 0x4
Info: Extra padding 0x3
ScriptStruct: AIAwarenessState                                 - Instance: 0x04B57340
ScriptStruct: ControllerInfo                                   - Instance: 0x04B6A864
ScriptStruct: CombatXPInfo                                     - Instance: 0x04B74A78
ScriptStruct: BodyPartMadObj                                   - Instance: 0x04B78D98
Info: Extra padding detected!
Info: Property size 0x9
Info: Min alignment 0x4
Info: Extra padding 0x3
ScriptStruct: HistoryInfo                                      - Instance: 0x04B790D0
ScriptStruct: SeqActFaceFXRegister                             - Instance: 0x04B80954
ScriptStruct: RagdollParts                                     - Instance: 0x04B849EC
ScriptStruct: RagdollIndices                                   - Instance: 0x04B851D4
ScriptStruct: RotationTranslation                              - Instance: 0x04B860DC
Info: Extra padding detected!
Info: Property size 0x1C
Info: Min alignment 0x10
Info: Extra padding 0x4
ScriptStruct: Chaser                                           - Instance: 0x04B867B4
ScriptStruct: SoundTracking                                    - Instance: 0x04B87354
ScriptStruct: CustomIdleConfig                                 - Instance: 0x04B875E0
ScriptStruct: OneShotMovementCycle                             - Instance: 0x04B87714
ScriptStruct: MovementPlayer                                   - Instance: 0x04B87ED4
ScriptStruct: AnimAccumulatorInputAnim                         - Instance: 0x04B88A8C
Info: Extra padding detected!
Info: Property size 0x74
Info: Min alignment 0x10
Info: Extra padding 0xC
ScriptStruct: AnimAccumulatorInputAdditiveAnim                 - Instance: 0x04B8956C
Info: Extra padding detected!
Info: Property size 0x5C
Info: Min alignment 0x10
Info: Extra padding 0x4
ScriptStruct: AnimAccumulatorInputPartialAnim                  - Instance: 0x04B8875C
Info: Extra padding detected!
Info: Property size 0x26
Info: Min alignment 0x4
Info: Extra padding 0x2
ScriptStruct: AnimAccumulatorInputLayer                        - Instance: 0x04B88694
ScriptStruct: AnimAccumulatorInputLayerStack                   - Instance: 0x04B8A714
ScriptStruct: AnimAccumulatorInputPose                         - Instance: 0x04B8A64C
ScriptStruct: AnimAccumulatorInputSlavedPoses                  - Instance: 0x04B88494
ScriptStruct: AnimAccumulatorInput                             - Instance: 0x04B883CC
ScriptStruct: BodyWeight                                       - Instance: 0x04B8B3E4
ScriptStruct: AnimAccumulatorWeightedAnim                      - Instance: 0x04B8B31C
ScriptStruct: AnimAccumulatorWeightedUpperBodyAnim             - Instance: 0x04B8B854
ScriptStruct: AnimAccumulatorWeightedAdditiveAnim              - Instance: 0x04B8B080
ScriptStruct: AnimAccumulatorIntermediate                      - Instance: 0x04B8AFB8
ScriptStruct: AnimAccumulatorMotionAnim                        - Instance: 0x04B8BE20
Info: Extra padding detected!
Info: Property size 0x54
Info: Min alignment 0x10
Info: Extra padding 0xC
ScriptStruct: AnimAccumulatorMotion                            - Instance: 0x04B8BD58
ScriptStruct: AnimAccumulatorOutputNotifyAnims                 - Instance: 0x04B8C020
ScriptStruct: AnimAccumulatorSkeleton                          - Instance: 0x04B8CBBC
ScriptStruct: IntArray                                         - Instance: 0x04B8D058
ScriptStruct: AnimAccumulatorSkeletonConstants                 - Instance: 0x04B8CC84
ScriptStruct: AimingBoneConstants                              - Instance: 0x04B8E16C
ScriptStruct: AimingGroupBone                                  - Instance: 0x04B8E864
ScriptStruct: AimingGroupConstants                             - Instance: 0x04B8DED0
ScriptStruct: AimingReferenceBoneIndexChains                   - Instance: 0x04B8E234
ScriptStruct: AimingOutput                                     - Instance: 0x04B8DE08
ScriptStruct: AnimAccumulatorCachedOutput                      - Instance: 0x04B8F360
ScriptStruct: AnimAccumulatorOutput                            - Instance: 0x04B8F428
ScriptStruct: RagdollConstants                                 - Instance: 0x04B950D0
ScriptStruct: CustomTransitionConfig                           - Instance: 0x04B98188
ScriptStruct: ProceduralMovement                               - Instance: 0x04B9A514
ScriptStruct: MovementOutput                                   - Instance: 0x04B9AB34
Info: Extra padding detected!
Info: Property size 0x78
Info: Min alignment 0x10
Info: Extra padding 0x8
ScriptStruct: PlayingOverlayState                              - Instance: 0x04B9B28C
ScriptStruct: OverlayId                                        - Instance: 0x04B9B51C
ScriptStruct: PlayingOverlay                                   - Instance: 0x04B9B5E4
ScriptStruct: OverlayPlayer                                    - Instance: 0x04B9B9A8
Info: Extra padding detected!
Info: Property size 0x19
Info: Min alignment 0x4
Info: Extra padding 0x3
ScriptStruct: PlayingAdditiveOverlay                           - Instance: 0x04B9BD6C
ScriptStruct: AdditiveOverlayPlayer                            - Instance: 0x04B9C09C
ScriptStruct: PlayingGlobalAdditiveOverlay                     - Instance: 0x04B9C3C4
ScriptStruct: GlobalAdditiveOverlayPlayer                      - Instance: 0x04B9C658
ScriptStruct: AnimAccumulator                                  - Instance: 0x04B9C980
Info: Extra padding detected!
Info: Property size 0x58
Info: Min alignment 0x10
Info: Extra padding 0x8
ScriptStruct: GlobalAdditiveAnimState                          - Instance: 0x04B9CF28
ScriptStruct: GlobalGundummyAnimState                          - Instance: 0x04B9D324
ScriptStruct: BreathingState                                   - Instance: 0x04B9D5B8
ScriptStruct: CurveFloat                                       - Instance: 0x04B9FC3C
ScriptStruct: CurveFloatState                                  - Instance: 0x04B9DBFC
ScriptStruct: EditorNonsense                                   - Instance: 0x04B9E378
ScriptStruct: PreviousPoseDescription                          - Instance: 0x04B9F6B0
ScriptStruct: RagdollNavMeshCollisionTrackingInfo              - Instance: 0x04BA1578
ScriptStruct: TweakFaceFXRegister                              - Instance: 0x04BA1778
ScriptStruct: WrithePhaseDesc                                  - Instance: 0x04BBE148
ScriptStruct: WritheDescription                                - Instance: 0x04BBE46C
ScriptStruct: DamageInfo                                       - Instance: 0x04BBECA8
ScriptStruct: MatOverrides                                     - Instance: 0x04BDD780
ScriptStruct: MainMeshArray                                    - Instance: 0x04BD8B7C
ScriptStruct: PerMeshMatOverride                               - Instance: 0x04BD8D7C
ScriptStruct: MultiStaticProp                                  - Instance: 0x04BDC4D8
ScriptStruct: CharacterStaticPropsDef                          - Instance: 0x04BD8F7C
ScriptStruct: MultiSkeletonProp                                - Instance: 0x04BDBFC4
ScriptStruct: CharacterSkeletalPropsDef                        - Instance: 0x04BD917C
ScriptStruct: AlwaysOnParticlesDef                             - Instance: 0x04BD94AC
ScriptStruct: BoneTrackingCharDefine                           - Instance: 0x04BD9C54
ScriptStruct: CharacterStaticProps                             - Instance: 0x04BE0B78
ScriptStruct: CharacterSkeletalProps                           - Instance: 0x04BE0D78
ScriptStruct: GameActionToAAITakedownMapping                   - Instance: 0x04BF51A4
Info: Extra padding detected!
Info: Property size 0x11
Info: Min alignment 0x4
Info: Extra padding 0x3
ScriptStruct: CombatAndSpOptions                               - Instance: 0x04C00D10
ScriptStruct: HighlightedMesh                                  - Instance: 0x04C097EC
ScriptStruct: GlideGadgetTargetContainer                       - Instance: 0x04C09C5C
ScriptStruct: BatmobileWeaponWarning                           - Instance: 0x04C482C0
ScriptStruct: BatmobileWeaponWarningContainer                  - Instance: 0x04C2E85C
ScriptStruct: BMAdvancedScreenShakeStruct                      - Instance: 0x04C2EB94
ScriptStruct: BMScreenShakeStruct                              - Instance: 0x04C2F108
ScriptStruct: BatmobilePassengerNoise                          - Instance: 0x04C300C4
ScriptStruct: BatmobileOnFireInfo                              - Instance: 0x04C30524
ScriptStruct: BatmobilePassenger                               - Instance: 0x04C337B8
ScriptStruct: QueuedVehicleImpactDamage                        - Instance: 0x04C35238
ScriptStruct: OffScreenThreat                                  - Instance: 0x04C38738
ScriptStruct: SpawnedVehicleInstance                           - Instance: 0x04C576A4
ScriptStruct: RWindState                                       - Instance: 0x04C6B668
ScriptStruct: CarCustomisationMaterialParam                    - Instance: 0x04C77614
ScriptStruct: CarCustomisationObject                           - Instance: 0x04C7754C
ScriptStruct: SpawnedVehicleEnemyDesc                          - Instance: 0x04C78AF8
ScriptStruct: WalkerWeaponContainer                            - Instance: 0x04C79558
ScriptStruct: VehicleVisionCone                                - Instance: 0x04C880E4
ScriptStruct: VehicleVisionSet                                 - Instance: 0x04C7A568
ScriptStruct: VehiclePassengerIdleInfo                         - Instance: 0x04C85F30
ScriptStruct: EnterVehicleAnimInfo                             - Instance: 0x04C8661C
ScriptStruct: ExitVehicleAnimationInfo                         - Instance: 0x04C87638
ScriptStruct: ExitVehicleSlotInfo                              - Instance: 0x04C864B8
ScriptStruct: VehiclePassenger                                 - Instance: 0x04C7A934
ScriptStruct: DroneBarkTimer                                   - Instance: 0x04CB4008
ScriptStruct: VehicleEnemyAttacksContainer                     - Instance: 0x04CB4208
ScriptStruct: VehicleEnemyContainer                            - Instance: 0x04CB4844
ScriptStruct: AttackSector                                     - Instance: 0x04CB98C0
ScriptStruct: TempEnemyContainer                               - Instance: 0x04CB93D4
ScriptStruct: AttackTarget                                     - Instance: 0x04CB4A44
ScriptStruct: TankStrafeBehaviourContainer                     - Instance: 0x04CB4D7C
ScriptStruct: RagdollState                                     - Instance: 0x04CCE360
ScriptStruct: RagdollTransition                                - Instance: 0x0527A0C0
ScriptStruct: RagdollStack                                     - Instance: 0x04CCE4BC
ScriptStruct: CachedAnimset                                    - Instance: 0x04CD5608
ScriptStruct: WeaponConfigRef                                  - Instance: 0x04CD573C
ScriptStruct: DynamicallyLoadedAnimsetDef                      - Instance: 0x04CDF5FC
Info: Extra padding detected!
Info: Property size 0x19
Info: Min alignment 0x4
Info: Extra padding 0x3
ScriptStruct: PairedAnimsetPackageDef                          - Instance: 0x04CD75CC
ScriptStruct: DifficultyProgressionDefine                      - Instance: 0x04CD7904
ScriptStruct: CachedTauntAnims                                 - Instance: 0x04CD7EA4
ScriptStruct: CachedStepAnims                                  - Instance: 0x04CD80A4
ScriptStruct: CachedIdleStances                                - Instance: 0x04CD82A4
ScriptStruct: CombatantInfo                                    - Instance: 0x04CD84A4
ScriptStruct: AffectPlayerVolumeInfo                           - Instance: 0x04CF0BFC
ScriptStruct: HelpLine                                         - Instance: 0x04D0BAC0
ScriptStruct: SoftPawnInfo                                     - Instance: 0x04D0F1DC
ScriptStruct: InitCharacterDescription                         - Instance: 0x04D0FB88
ScriptStruct: AlwaysOnParticles                                - Instance: 0x04D10094
ScriptStruct: PathFailItem                                     - Instance: 0x04D103C4
ScriptStruct: grateVisInfo                                     - Instance: 0x04D105C4
ScriptStruct: ValidNavMeshPoly                                 - Instance: 0x04D1195C
ScriptStruct: BodyLocationDirtState                            - Instance: 0x04D176A4
ScriptStruct: BodyDirtState                                    - Instance: 0x04D175DC
ScriptStruct: StartStateDebugInfo                              - Instance: 0x04D333AC
ScriptStruct: HallucinationAppearanceHistory                   - Instance: 0x04D55458
ScriptStruct: KeyMap                                           - Instance: 0x04D58270
ScriptStruct: LevelStartDefinition                             - Instance: 0x04D586E0
ScriptStruct: HelicopterPointOfInterest                        - Instance: 0x04D59008
Info: Extra padding detected!
Info: Property size 0x9
Info: Min alignment 0x4
Info: Extra padding 0x3
ScriptStruct: ConceptItem                                      - Instance: 0x04D59E38
ScriptStruct: ShowcaseCamera                                   - Instance: 0x04D5A038
ScriptStruct: UpgradeHeader                                    - Instance: 0x04D5A370
ScriptStruct: UpgradeItem                                      - Instance: 0x04D5A570
ScriptStruct: RiddlerPuzzlePrize                               - Instance: 0x04D6AE70
ScriptStruct: RiddlerPuzzlePiece                               - Instance: 0x04D6B068
ScriptStruct: RiddlerPuzzle                                    - Instance: 0x04D5AB10
Info: Extra padding detected!
Info: Property size 0x29
Info: Min alignment 0x4
Info: Extra padding 0x3
ScriptStruct: FilteredVehicleExclusionVolume                   - Instance: 0x04D5B6D0
ScriptStruct: VehiclePassengerSpawnInfo                        - Instance: 0x04D5CAC0
ScriptStruct: VehicleScenarioSpawnInfo                         - Instance: 0x04D5CCC0
ScriptStruct: ChallengeDesc                                    - Instance: 0x04D5D4D8
Info: Extra padding detected!
Info: Property size 0x71
Info: Min alignment 0x4
Info: Extra padding 0x3
ScriptStruct: MostWantedSetup                                  - Instance: 0x04D5D6D8
ScriptStruct: LevelVolumeBsp                                   - Instance: 0x04D5D974
Info: Extra padding detected!
Info: Property size 0x18
Info: Min alignment 0x10
Info: Extra padding 0x8
ScriptStruct: LevelTransitionDesc                              - Instance: 0x04D5DB74
ScriptStruct: MapHackOWLoc                                     - Instance: 0x04D5DD74
ScriptStruct: MapElements                                      - Instance: 0x04D5DF74
ScriptStruct: ConversationActivationTime                       - Instance: 0x04D5EBC0
ScriptStruct: ChallengeCharacterId                             - Instance: 0x04D5F630
ScriptStruct: RequiredChaptersByChallengeId                    - Instance: 0x04D5F830
ScriptStruct: RWindConfig                                      - Instance: 0x04D6214C
ScriptStruct: ResolutionOption                                 - Instance: 0x04D67758
ScriptStruct: MovementControllerHistory                        - Instance: 0x04D6CAC0
ScriptStruct: RBasicWindConfig                                 - Instance: 0x04D6CD4C
ScriptStruct: MapCampaignEntry                                 - Instance: 0x04D6E4C8
ScriptStruct: IndexDistItem                                    - Instance: 0x04D70EFC
ScriptStruct: VillainAttackInfo                                - Instance: 0x04D71B74
ScriptStruct: DofStruct                                        - Instance: 0x04D72228
ScriptStruct: BarkSetName                                      - Instance: 0x052B3584
ScriptStruct: DynamicSetContainer                              - Instance: 0x04D83094
ScriptStruct: RiddlerGridCategory                              - Instance: 0x04D94500
ScriptStruct: RiddlerGridPuzzle                                - Instance: 0x04D94D44
ScriptStruct: SpawnedScenario                                  - Instance: 0x04DA3838
ScriptStruct: ScenarioPassengerDesc                            - Instance: 0x04DA3EE4
ScriptStruct: ScenarioVehicleDesc                              - Instance: 0x04DA4048
ScriptStruct: AllowedMovementTypes                             - Instance: 0x04DBF2F0
ScriptStruct: ThrowInfo                                        - Instance: 0x04DC2E30
ScriptStruct: SimultaneousCounterInfo                          - Instance: 0x04DC303C
ScriptStruct: StrikeTargetInfo                                 - Instance: 0x04DC3320
ScriptStruct: InterrogationAnimations                          - Instance: 0x04DC4170
ScriptStruct: BM2IdleSet                                       - Instance: 0x04DC4B08
ScriptStruct: RandomAnimation                                  - Instance: 0x04DC52A8
ScriptStruct: RandomAnimationData                              - Instance: 0x04DC55C8
ScriptStruct: DialogueAnimationSets                            - Instance: 0x04DC4908
ScriptStruct: EventAnimationData                               - Instance: 0x04DC4EF0
ScriptStruct: StartledAnimationData                            - Instance: 0x04DC58F0
ScriptStruct: AnimationSets                                    - Instance: 0x04DC4C6C
ScriptStruct: StrikeInfo                                       - Instance: 0x04DC6788
ScriptStruct: CounterInfo                                      - Instance: 0x04DC6B5C
ScriptStruct: TakedownInfo                                     - Instance: 0x04DC6E94
ScriptStruct: WeaponDestroyInfo                                - Instance: 0x04DC71CC
ScriptStruct: WeaponSnatchInfo                                 - Instance: 0x04DC73CC
Info: Extra padding detected!
Info: Property size 0x21
Info: Min alignment 0x4
Info: Extra padding 0x3
ScriptStruct: DualStrikeType                                   - Instance: 0x04DC75CC
ScriptStruct: DualStrikeInfo                                   - Instance: 0x04DC77CC
ScriptStruct: BeatdownInfo                                     - Instance: 0x04DDF910
ScriptStruct: LookAtDirection                                  - Instance: 0x04E20A60
ScriptStruct: FakeWall                                         - Instance: 0x04E22D60
ScriptStruct: GrapplePointOctreeObject                         - Instance: 0x04E2532C
ScriptStruct: GrapplePointInfo                                 - Instance: 0x04E25908
ScriptStruct: CeilingClimbPoint                                - Instance: 0x04E29690
ScriptStruct: CapeStateChangeData                              - Instance: 0x04E299E0
ScriptStruct: WireBounceUpdater                                - Instance: 0x04E37D60
ScriptStruct: RailingInfo                                      - Instance: 0x04E3A0B0
Info: Extra padding detected!
Info: Property size 0x19
Info: Min alignment 0x4
Info: Extra padding 0x3
ScriptStruct: HairAndCowlState                                 - Instance: 0x04E3A178
ScriptStruct: PlayerTakedownInfo                               - Instance: 0x04E3A888
ScriptStruct: EnemyPosition                                    - Instance: 0x04E8ED78
ScriptStruct: RegisteredPairedAnimsetInfo                      - Instance: 0x04E8F14C
ScriptStruct: PotentialLookAtPoint                             - Instance: 0x04E9B3D8
ScriptStruct: VoicePawnRef                                     - Instance: 0x04EDC478
ScriptStruct: VoiceUsage                                       - Instance: 0x04EDE240
ScriptStruct: VoiceWeightingInfo                               - Instance: 0x04EDC5D8
ScriptStruct: GBFSNode                                         - Instance: 0x04EDD0E4
ScriptStruct: VoiceCountData                                   - Instance: 0x04EDD380
ScriptStruct: WeightedSpeaker                                  - Instance: 0x04EDD614
ScriptStruct: LiveAssignRawState                               - Instance: 0x04EDD80C
ScriptStruct: LiveAssignEndState                               - Instance: 0x04EDDBE0
ScriptStruct: BarkAssignmentSearchNode                         - Instance: 0x04EDDDE0
ScriptStruct: AttackAndCounterInfo                             - Instance: 0x04EFDF54
ScriptStruct: VillainInfo                                      - Instance: 0x04F32364
ScriptStruct: UnlockedChallengePerCharacter                    - Instance: 0x04F57D2C
ScriptStruct: UnlockedChallenge                                - Instance: 0x04F56C18
ScriptStruct: DeathMovieRecord                                 - Instance: 0x04F56E18
ScriptStruct: ActivePlayerSkin                                 - Instance: 0x04F57148
ScriptStruct: StoredKeyMap                                     - Instance: 0x04F59874
Info: Extra padding detected!
Info: Property size 0x26
Info: Min alignment 0x4
Info: Extra padding 0x2
ScriptStruct: MenuState                                        - Instance: 0x04F71DD0
ScriptStruct: PlayableCharacterItem                            - Instance: 0x04F7AA60
ScriptStruct: NetworkStatus_Data                               - Instance: 0x04F87B74
Info: Extra padding detected!
Info: Property size 0x61
Info: Min alignment 0x4
Info: Extra padding 0x3
ScriptStruct: EmailForm_PreData                                - Instance: 0x04F87CD8
ScriptStruct: GenericOverlay_Data                              - Instance: 0x04F87E3C
ScriptStruct: SubroutineDefinition                             - Instance: 0x04F8ADB8
ScriptStruct: BatgirlSecondaryTargetData                       - Instance: 0x04F9601C
ScriptStruct: InfoEntry                                        - Instance: 0x04F99938
ScriptStruct: CantJumpOffArc                                   - Instance: 0x04F9F56C
ScriptStruct: HideLink                                         - Instance: 0x04FA02E4
ScriptStruct: GrapplePointContainer                            - Instance: 0x04FAC6BC
ScriptStruct: GrappleDodgeAnim                                 - Instance: 0x04FAC8BC
ScriptStruct: HidePointInfo                                    - Instance: 0x04FB4034
ScriptStruct: AvailableVantagePoints                           - Instance: 0x04FAEE40
ScriptStruct: GrappleConeDefinition                            - Instance: 0x04FB4A84
ScriptStruct: BatarangThrowDirection                           - Instance: 0x04FD59B4
ScriptStruct: BatarangThrowDirectionsContainer                 - Instance: 0x04FD2E54
ScriptStruct: CapeChangeData                                   - Instance: 0x04FF3AB0
ScriptStruct: WhipTrailData                                    - Instance: 0x0500CFCC
ScriptStruct: WallLandPoint                                    - Instance: 0x057FBC50
ScriptStruct: WallClimbPath                                    - Instance: 0x05011130
ScriptStruct: SwingParameters                                  - Instance: 0x057FD554
ScriptStruct: WallClimbInfo                                    - Instance: 0x05011290
ScriptStruct: RhStickBouncePoint                               - Instance: 0x05026374
ScriptStruct: ComboMoveInfo                                    - Instance: 0x05052D50
ScriptStruct: UserData                                         - Instance: 0x0508B0EC
ScriptStruct: CameraOverlayLayer                               - Instance: 0x0508E670
Info: Extra padding detected!
Info: Property size 0xA8
Info: Min alignment 0x10
Info: Extra padding 0x8
ScriptStruct: CameraLookAtSpeedDescriptor                      - Instance: 0x050939C4
ScriptStruct: FreeCameraConfig                                 - Instance: 0x05093D04
ScriptStruct: CameraSmoother                                   - Instance: 0x05099210
ScriptStruct: Vector3WithTime                                  - Instance: 0x0509A054
ScriptStruct: RailingOffsetSettings                            - Instance: 0x0509A1B8
ScriptStruct: CameraWanderSettings                             - Instance: 0x0509D974
ScriptStruct: FloorCorrectionResult                            - Instance: 0x050DFA38
ScriptStruct: BlurStruct                                       - Instance: 0x050ED364
ScriptStruct: MolotovTimeParam                                 - Instance: 0x050F6978
ScriptStruct: BatmobileMaterialOverride                        - Instance: 0x0510AF9C
ScriptStruct: AddContentCharacterSelect_AttachMesh             - Instance: 0x0510BBEC
ScriptStruct: BoneTrackingPlayer                               - Instance: 0x0510DD6C
ScriptStruct: EdgePoint                                        - Instance: 0x0512768C
ScriptStruct: AttackPoint                                      - Instance: 0x0512E9A4
ScriptStruct: MultiDestPathFindInfo                            - Instance: 0x0513080C
ScriptStruct: PreSearchDestIndex                               - Instance: 0x05130E1C
ScriptStruct: PreSearchList                                    - Instance: 0x051310A8
ScriptStruct: PerGoalInfo                                      - Instance: 0x051331D4
ScriptStruct: AnnouncementInfo                                 - Instance: 0x05163208
ScriptStruct: reviveAnimNames                                  - Instance: 0x0516C2DC
ScriptStruct: StandPoint                                       - Instance: 0x0517226C
ScriptStruct: GunSource                                        - Instance: 0x051897CC
ScriptStruct: MultiDestPathFindInfo                            - Instance: 0x051ABD80
ScriptStruct: SearchTarget                                     - Instance: 0x051B3518
ScriptStruct: MultiDestPathFindInfo                            - Instance: 0x051B35E0
ScriptStruct: PointDist                                        - Instance: 0x051C322C
ScriptStruct: ThugPointDist                                    - Instance: 0x051C341C
ScriptStruct: ConDist                                          - Instance: 0x051CE4C8
ScriptStruct: GroupingHistoryEntry                             - Instance: 0x051D41C4
ScriptStruct: SideBranchStruct                                 - Instance: 0x051E05BC
ScriptStruct: cornerAnimNames                                  - Instance: 0x051E3678
ScriptStruct: DirectionAccessInfo                              - Instance: 0x05203F24
ScriptStruct: GargLocSearchItem                                - Instance: 0x052132AC
ScriptStruct: GargSearchItem                                   - Instance: 0x052134AC
ScriptStruct: GenSearchItem                                    - Instance: 0x05217D5C
ScriptStruct: LedgeSegment                                     - Instance: 0x052267A8
ScriptStruct: AimingBoneValues                                 - Instance: 0x0526E8A4
ScriptStruct: OverlayAnimNames                                 - Instance: 0x05270314
ScriptStruct: AdditiveOverlayAnimNames                         - Instance: 0x05270514
ScriptStruct: MovementAnimNames                                - Instance: 0x05270678
ScriptStruct: BlendBoneData                                    - Instance: 0x0527468C
Info: Extra padding detected!
Info: Property size 0x48
Info: Min alignment 0x10
Info: Extra padding 0x8
ScriptStruct: LookupChainEntry                                 - Instance: 0x052752EC
ScriptStruct: LookupCapePos                                    - Instance: 0x052754EC
ScriptStruct: FilterChildBones                                 - Instance: 0x05278FC0
ScriptStruct: ConstraintLimit                                  - Instance: 0x052792BC
ScriptStruct: RagdollForce                                     - Instance: 0x052797B0
ScriptStruct: RagdollCachedChannelsAndCallbacks                - Instance: 0x0527B924
ScriptStruct: MeetingPointTranslationComponents                - Instance: 0x0528FC5C
ScriptStruct: MeetingPointRotationComponents                   - Instance: 0x0528FDC0
ScriptStruct: AdvDropSettings                                  - Instance: 0x05290A90
ScriptStruct: NotifyStrikeInfo                                 - Instance: 0x052928CC
ScriptStruct: NotifyCapeInfo                                   - Instance: 0x0529363C
ScriptStruct: NotifyStrikeFlags                                - Instance: 0x052937A0
ScriptStruct: NotifyDamageInfo                                 - Instance: 0x05293904
Info: Extra padding detected!
Info: Property size 0x39
Info: Min alignment 0x4
Info: Extra padding 0x3
ScriptStruct: NotifyCameraInfo                                 - Instance: 0x05293A68
ScriptStruct: BlinkState                                       - Instance: 0x05295720
ScriptStruct: ResolvedAABB                                     - Instance: 0x05295C84
ScriptStruct: FloorCorrectionTransition                        - Instance: 0x05295FAC
ScriptStruct: FloorCorrectionBoneIndices                       - Instance: 0x05296074
ScriptStruct: StepUpState                                      - Instance: 0x05296548
ScriptStruct: FloorCorrectionResolvedConfig                    - Instance: 0x05297018
ScriptStruct: FloorCorrectionTempDisable                       - Instance: 0x05297348
ScriptStruct: GridSample                                       - Instance: 0x05297978
ScriptStruct: GridSlope                                        - Instance: 0x05297B70
ScriptStruct: GridVector                                       - Instance: 0x05297DFC
ScriptStruct: GridParameters                                   - Instance: 0x05298080
ScriptStruct: GridFeather                                      - Instance: 0x052983A4
ScriptStruct: GridConstants                                    - Instance: 0x05298750
ScriptStruct: GridState                                        - Instance: 0x052990D4
ScriptStruct: ShimmyArm                                        - Instance: 0x05299E50
ScriptStruct: ShimmyDebugArm                                   - Instance: 0x0529A704
ScriptStruct: ShimmyDebug                                      - Instance: 0x0529A50C
Info: Extra padding detected!
Info: Property size 0x158
Info: Min alignment 0x10
Info: Extra padding 0x8
ScriptStruct: TargetActorContainer                             - Instance: 0x0529BF90
ScriptStruct: DynamicBarkRoot                                  - Instance: 0x052B31C0
ScriptStruct: BCA_Output                                       - Instance: 0x052B4140
ScriptStruct: FlagLineEntry                                    - Instance: 0x052C16B0
ScriptStruct: FlagValAndFileName                               - Instance: 0x052C75F0
ScriptStruct: RuntimePillar                                    - Instance: 0x052C7328
ScriptStruct: PillarBarkPair                                   - Instance: 0x052C7ADC
ScriptStruct: PillarBarkInfo                                   - Instance: 0x052C7528
ScriptStruct: MapProxyForSaving                                - Instance: 0x052C8300
ScriptStruct: ScannedVehicleMesh                               - Instance: 0x05354374
ScriptStruct: WinchInvalidTarget                               - Instance: 0x05364120
Info: Extra padding detected!
Info: Property size 0x15
Info: Min alignment 0x4
Info: Extra padding 0x3
ScriptStruct: MoveToRandomAnimation                            - Instance: 0x053905C4
ScriptStruct: MoveToStartledAnimationData                      - Instance: 0x053907B8
ScriptStruct: StartleOptions                                   - Instance: 0x053903C4
ScriptStruct: MoveToData                                       - Instance: 0x05391FCC
ScriptStruct: ProximityAndSight                                - Instance: 0x05393278
ScriptStruct: NotifyIdentifier                                 - Instance: 0x05393B60
ScriptStruct: LootingAnimInfo                                  - Instance: 0x053D7928
ScriptStruct: sCachedAnimData                                  - Instance: 0x053DB7A8
ScriptStruct: ApproachOption                                   - Instance: 0x053E433C
ScriptStruct: VantagePointInfo                                 - Instance: 0x053EE150
ScriptStruct: ReactionAnimations                               - Instance: 0x05446F70
ScriptStruct: PredatorDifficultyLevelDefine                    - Instance: 0x05448138
ScriptStruct: PawnSpawnerTimeout                               - Instance: 0x05448504
ScriptStruct: NavMeshObstacleOperation                         - Instance: 0x0544883C
ScriptStruct: StoredNavMeshObstacle                            - Instance: 0x05448FB8
ScriptStruct: StasisPawnDestroyInfo                            - Instance: 0x054491B8
ScriptStruct: StasisPawnTeleportInfo                           - Instance: 0x054493B8
ScriptStruct: CoverageTestBucket                               - Instance: 0x0545D868
ScriptStruct: AvoidActor                                       - Instance: 0x0546A49C
ScriptStruct: StoredLink                                       - Instance: 0x0546A69C
ScriptStruct: InvalidLink                                      - Instance: 0x0546A9D4
ScriptStruct: ValidLink                                        - Instance: 0x0546ABD4
ScriptStruct: HelicopterDifficultyParameters                   - Instance: 0x05481298
ScriptStruct: HelicopterPassengerInfo                          - Instance: 0x054816FC
ScriptStruct: HelicopterAbseilSlotInfo                         - Instance: 0x054818FC
ScriptStruct: WanderingGroup                                   - Instance: 0x05499C60
ScriptStruct: TeleportLocationScore                            - Instance: 0x054D191C
ScriptStruct: ProximityAndSightPatrol                          - Instance: 0x055067EC
ScriptStruct: JokerTauntAnims                                  - Instance: 0x05513014
ScriptStruct: WanderOverlays                                   - Instance: 0x05550410
ScriptStruct: WeaponAnimOverrides                              - Instance: 0x05550610
ScriptStruct: ConnectToDatas                                   - Instance: 0x0555C3BC
ScriptStruct: StringUpBoneConfig                               - Instance: 0x0555C5BC
ScriptStruct: RopeExtraAttachConnection                        - Instance: 0x0555DB18
ScriptStruct: JumperAssignment                                 - Instance: 0x055A8628
ScriptStruct: PawnSpawnerDesc                                  - Instance: 0x055B8774
ScriptStruct: GunInfo                                          - Instance: 0x055D4464
ScriptStruct: GunShotEntry                                     - Instance: 0x055D48CC
ScriptStruct: RocketEntry                                      - Instance: 0x055D4ACC
ScriptStruct: GunShotFiringActor                               - Instance: 0x055D4CCC
ScriptStruct: TrackedVehicle                                   - Instance: 0x055D5004
ScriptStruct: Reflection                                       - Instance: 0x055D533C
ScriptStruct: GunFireRayJob                                    - Instance: 0x055D667C
ScriptStruct: LinkedCameraPathNode                             - Instance: 0x055FFEC4
ScriptStruct: CapeSkinningBoneData                             - Instance: 0x05601680
Info: Extra padding detected!
Info: Property size 0xD
Info: Min alignment 0x4
Info: Extra padding 0x3
ScriptStruct: CapeStateDataIndicator                           - Instance: 0x056015B8
ScriptStruct: CapeBoneData                                     - Instance: 0x05602724
ScriptStruct: CapeShapeData                                    - Instance: 0x05603028
ScriptStruct: CapeStateData                                    - Instance: 0x05602924
ScriptStruct: CapeBoneFakeSkinningData                         - Instance: 0x056032C4
Info: Extra padding detected!
Info: Property size 0x9
Info: Min alignment 0x4
Info: Extra padding 0x3
ScriptStruct: CapeBoneFakeSkinningDatas                        - Instance: 0x05603550
ScriptStruct: CapeStateBoneData                                - Instance: 0x05603750
ScriptStruct: CapeBoneStateData                                - Instance: 0x05602C54
ScriptStruct: SkinningLocalToWorlds                            - Instance: 0x0560465C
ScriptStruct: CapeWindAudioProperties                          - Instance: 0x05609394
ScriptStruct: CapeFloatArrayType                               - Instance: 0x0560CF24
ScriptStruct: CapeIntArrayType                                 - Instance: 0x0560D124
ScriptStruct: CapeSupportConnectorIndexPair                    - Instance: 0x0560D594
ScriptStruct: MinLengthSpringConfig                            - Instance: 0x0560D794
ScriptStruct: CapeBoolArrayType                                - Instance: 0x0560D994
ScriptStruct: CapeMaterialPropertySetting                      - Instance: 0x05611924
ScriptStruct: BarkVoiceDef                                     - Instance: 0x056304E4
ScriptStruct: CharacterCustomConstraintConfig                  - Instance: 0x05631BF0
ScriptStruct: SkeletalMeshSettings                             - Instance: 0x056345C0
ScriptStruct: CharacterSelectPlayer                            - Instance: 0x056406D8
ScriptStruct: VisitedEdge                                      - Instance: 0x05643DF0
ScriptStruct: BatmobileHandlingTweak                           - Instance: 0x0564D804
ScriptStruct: PerCharacterTypeAnimDebug                        - Instance: 0x0564F540
ScriptStruct: ProxyAttachment                                  - Instance: 0x0567141C
ScriptStruct: CinematicCharacterMeshComponentChange            - Instance: 0x05691E68
ScriptStruct: MoveSequence                                     - Instance: 0x056A2B54
ScriptStruct: AerialTargetInfo                                 - Instance: 0x056A5848
ScriptStruct: DodgerInfo                                       - Instance: 0x056E0B58
ScriptStruct: CasualtyInfo                                     - Instance: 0x0576DCF0
ScriptStruct: ClashInfo                                        - Instance: 0x057817F4
ScriptStruct: IndexDistArray                                   - Instance: 0x057B06B4
ScriptStruct: CommandBeaconMaterialSet                         - Instance: 0x057D3C48
ScriptStruct: ClimbLedges                                      - Instance: 0x05800870
ScriptStruct: ShowEntry                                        - Instance: 0x0582EFD0
ScriptStruct: DebugPageInfo                                    - Instance: 0x0582F1D0
ScriptStruct: VehicleAnimDebug                                 - Instance: 0x05845374
ScriptStruct: CinematicAnimDebug                               - Instance: 0x05845764
ScriptStruct: MostWantedDebugMenuData                          - Instance: 0x05857414
ScriptStruct: BackscreenDebugData                              - Instance: 0x05858E14
ScriptStruct: DestructibleAppearance                           - Instance: 0x05866EC0
ScriptStruct: DestructStage                                    - Instance: 0x05860A90
ScriptStruct: DestructWhooshBy                                 - Instance: 0x05860C90
ScriptStruct: DestructiblePropDamage                           - Instance: 0x05862024
ScriptStruct: ConversationCameraLocation                       - Instance: 0x05880394
ScriptStruct: DisruptedEquipmentRecord                         - Instance: 0x0589936C
ScriptStruct: QueuedBarkInfo                                   - Instance: 0x058C16C4
ScriptStruct: CheckpointRecord                                 - Instance: 0x058D04E8
ScriptStruct: IndependentFadeState                             - Instance: 0x058EFB2C
ScriptStruct: MainFadeState                                    - Instance: 0x058EFBF4
ScriptStruct: RiddlerHintEntry                                 - Instance: 0x05908F98
ScriptStruct: SideStoryVisualDiscoveryActor                    - Instance: 0x0590A474
ScriptStruct: SideStoryActorGroup                              - Instance: 0x05909198
ScriptStruct: SideStoryVisibleEntry                            - Instance: 0x05909398
ScriptStruct: DiscoveryHudTarget                               - Instance: 0x05909598
ScriptStruct: MissionDialogue                                  - Instance: 0x05909798
ScriptStruct: ScreenInfoItem                                   - Instance: 0x05923EAC
ScriptStruct: RBCollisionBreakType                             - Instance: 0x0593780C
ScriptStruct: RFractureWallExplosionTriggerData                - Instance: 0x05937B44
ScriptStruct: RArraySubtitleCue                                - Instance: 0x059618E4
ScriptStruct: RLocalizedSubtitles                              - Instance: 0x05961BAC
ScriptStruct: RArrayLocalizedSubtitles                         - Instance: 0x05961AE4
ScriptStruct: WeaponAnimsets                                   - Instance: 0x0596ED0C
ScriptStruct: ArrowContainer                                   - Instance: 0x05974864
ScriptStruct: TransInLocs                                      - Instance: 0x05974A64
ScriptStruct: MultiStageAnim                                   - Instance: 0x05974D2C
ScriptStruct: CarAnimationDetails                              - Instance: 0x05974C64
ScriptStruct: GargLocSearchItem                                - Instance: 0x0597B77C
ScriptStruct: PromptRecord                                     - Instance: 0x0598E948
ScriptStruct: Mission_Data                                     - Instance: 0x059982D4
ScriptStruct: ScreenDef                                        - Instance: 0x059D66E0
ScriptStruct: SkinChar                                         - Instance: 0x059F0E8C
ScriptStruct: BaseChar                                         - Instance: 0x059F0760
ScriptStruct: MMO_Record                                       - Instance: 0x05A0090C
ScriptStruct: ThreeDeeTarget                                   - Instance: 0x05A00CD0
ScriptStruct: GunFireLocator                                   - Instance: 0x05A0A7A0
ScriptStruct: MultiDestPathFindInfo                            - Instance: 0x05A1E1C4
ScriptStruct: RSmashablePropDecalData                          - Instance: 0x05A2FD48
ScriptStruct: BatclawAnchorPoints                              - Instance: 0x05A30B04
ScriptStruct: SearchLightData                                  - Instance: 0x05A52990
ScriptStruct: TargetData                                       - Instance: 0x05A532CC
ScriptStruct: SearchLightSourceLocationInfo                    - Instance: 0x05A5355C
ScriptStruct: RopeRenderPoint                                  - Instance: 0x05A6FA38
ScriptStruct: ConnectionAttachCalculatedData                   - Instance: 0x05A6FFF8
ScriptStruct: EndInitData                                      - Instance: 0x05A71C30
ScriptStruct: RRope2CapsuleInitData                            - Instance: 0x05A724BC
ScriptStruct: Rope2CapsuleChainPhysicsUpdaterInitData          - Instance: 0x05A72888
ScriptStruct: RopeConnectData                                  - Instance: 0x05A73528
ScriptStruct: RopeEndAttachData                                - Instance: 0x05A73E40
ScriptStruct: RRope2SimplePhyiscsNodeInitData                  - Instance: 0x05A7A2E8
ScriptStruct: RRope2SimplePhysicsUpdaterInitData               - Instance: 0x05A7A57C
ScriptStruct: DetailObject                                     - Instance: 0x05AAC92C
ScriptStruct: QueuedObjectives                                 - Instance: 0x05AB3818
ScriptStruct: CompassItemThreeDee                              - Instance: 0x05AC29D0
ScriptStruct: CapeTrackKey                                     - Instance: 0x05AD68F4
ScriptStruct: GadgetDirection                                  - Instance: 0x05AD7BDC
ScriptStruct: RLedgeInfoIntermediate                           - Instance: 0x05AF4D28
ScriptStruct: PrePlacedLedgeInfo                               - Instance: 0x05AF4FC4
ScriptStruct: LevelDef                                         - Instance: 0x05AF7A40
ScriptStruct: MenusDef                                         - Instance: 0x05AF6900
ScriptStruct: RSaveGameSummaryInfo                             - Instance: 0x05AF6FE0
ScriptStruct: LocationIDRemap                                  - Instance: 0x05AFC3A4
ScriptStruct: VisibleLevelInfo                                 - Instance: 0x05B206B0
ScriptStruct: OWStreamingLevelInfo                             - Instance: 0x05B25D98
ScriptStruct: BeamInfo                                         - Instance: 0x05B4A450
ScriptStruct: MagneticMatineeMovementProperties                - Instance: 0x05B5DB24
ScriptStruct: MagMatObjEmitterData                             - Instance: 0x05B5DD24
ScriptStruct: MagMatObjCalculatedVelocity                      - Instance: 0x05B5E054
ScriptStruct: ManbatAppearanceHistory                          - Instance: 0x05B6BAD0
ScriptStruct: MirrorAction                                     - Instance: 0x05B710C8
ScriptStruct: NamedMirror                                      - Instance: 0x05B71000
ScriptStruct: MultiCharacterCinematicActorMaterialSwap         - Instance: 0x05B7380C
ScriptStruct: MultiCharacterCinematicActorSetup                - Instance: 0x05B7360C
ScriptStruct: IndexedNavHandle                                 - Instance: 0x05B751C4
ScriptStruct: PathShortenInstance                              - Instance: 0x05B791E8
ScriptStruct: EdgeReachedInstance                              - Instance: 0x05B793E8
ScriptStruct: NavHandleHistoryInfo                             - Instance: 0x05B79AC8
ScriptStruct: ComputedPathPoint                                - Instance: 0x05B79CC0
ScriptStruct: RebuildObstacleMeshkDOPInfo                      - Instance: 0x05B840D4
ScriptStruct: DeletePawnStruct                                 - Instance: 0x05B9ED10
ScriptStruct: JokerCustomConstraintConfig                      - Instance: 0x05BD0BD0
ScriptStruct: NwStickBouncePoint                               - Instance: 0x05BD6DA8
ScriptStruct: PxShapeAndActorPair                              - Instance: 0x05C3AC34
ScriptStruct: CamSplineSegment                                 - Instance: 0x05C55A58
ScriptStruct: QuickGrappleSwingContainer                       - Instance: 0x05C5A170
ScriptStruct: IntItems                                         - Instance: 0x05C5A2A4
ScriptStruct: MoveNameString                                   - Instance: 0x05C5A444
ScriptStruct: BatmobileChallengeKillString                     - Instance: 0x05C5A63C
ScriptStruct: CheatCode                                        - Instance: 0x05C5A834
Info: Extra padding detected!
Info: Property size 0x15
Info: Min alignment 0x4
Info: Extra padding 0x3
ScriptStruct: FearTakedownHightlightInfo                       - Instance: 0x05C5AB6C
ScriptStruct: BattleModeWeaponButton                           - Instance: 0x05C5AE04
ScriptStruct: ChildStateCacheElement                           - Instance: 0x05C5B004
ScriptStruct: RemapStringAtoB                                  - Instance: 0x05D2FCC8
ScriptStruct: RiddleData                                       - Instance: 0x05D35E20
ScriptStruct: HudComboData                                     - Instance: 0x05D43D84
ScriptStruct: UnlockableDefinition                             - Instance: 0x05D63D74
ScriptStruct: ChallengeCombatData                              - Instance: 0x05D6B510
ScriptStruct: StruckInfo                                       - Instance: 0x05DA8528
ScriptStruct: ControllerSpinContainer                          - Instance: 0x05DD5700
ScriptStruct: TempDeactivatedPopVolumes                        - Instance: 0x05DDF84C
ScriptStruct: ScenarioUsageInformation                         - Instance: 0x05DDFC20
ScriptStruct: APCSpawnPointsList                               - Instance: 0x05DE01C8
ScriptStruct: ThreatLevelCache                                 - Instance: 0x05DE08A8
ScriptStruct: WeaponConfigInfo                                 - Instance: 0x05DE1338
ScriptStruct: DestroyPawnInfo                                  - Instance: 0x05DE1538
ScriptStruct: ScenarioID                                       - Instance: 0x05DE293C
ScriptStruct: WanderingData                                    - Instance: 0x05DF7B68
ScriptStruct: AnimList                                         - Instance: 0x05E2C4A8
ScriptStruct: TakeDownStageAnimSet                             - Instance: 0x05E2BF70
ScriptStruct: VictimStruct                                     - Instance: 0x05E2C2A8
ScriptStruct: TunnelPathPoint                                  - Instance: 0x05E406D8
ScriptStruct: RAM_AnimTime                                     - Instance: 0x05E52FC0
ScriptStruct: SecondaryTargetData                              - Instance: 0x05E59150
ScriptStruct: RoadAreaPoint                                    - Instance: 0x05E728DC
ScriptStruct: RoadAreaLink                                     - Instance: 0x05E72ADC
ScriptStruct: Lane                                             - Instance: 0x05E747BC
ScriptStruct: RRope2SimpleSphereChainPhyiscsNodeInitData       - Instance: 0x05E9B074
ScriptStruct: RRope2SimpleSphereChainPhysicsUpdaterInitData    - Instance: 0x05E9B39C
ScriptStruct: HangingFearRopeSetupParams                       - Instance: 0x05E9FF14
ScriptStruct: RejectedLedgeInfo                                - Instance: 0x05EA5D3C
ScriptStruct: SentryGunSettings                                - Instance: 0x05EB3E1C
ScriptStruct: MultiDestPathFindInfo                            - Instance: 0x05EC52F4
ScriptStruct: CombatantThreshold                               - Instance: 0x05ECA718
ScriptStruct: BobWaveForm                                      - Instance: 0x05ED16EC
ScriptStruct: AxisBobSettings                                  - Instance: 0x05ED0938
ScriptStruct: AutoJezChapter                                   - Instance: 0x05EDA45C
ScriptStruct: OutputLinkData                                   - Instance: 0x05EE2F74
ScriptStruct: voiceCharacterPair                               - Instance: 0x05EE3348
ScriptStruct: PawnChatterInfo                                  - Instance: 0x05EF7D40
ScriptStruct: PawnChatterGroup                                 - Instance: 0x05EF78D8
ScriptStruct: TimedLink                                        - Instance: 0x05F10030
ScriptStruct: singleTier                                       - Instance: 0x05F14630
ScriptStruct: IntThreshold                                     - Instance: 0x05F2C3A8
ScriptStruct: SidePercs                                        - Instance: 0x05F30490
ScriptStruct: CharacterAnim                                    - Instance: 0x05F47D50
ScriptStruct: SingleLineAnimData                               - Instance: 0x05F47F50
ScriptStruct: PawnAndTransition                                - Instance: 0x05F48148
ScriptStruct: BeamData                                         - Instance: 0x05F55858
ScriptStruct: BreakableData                                    - Instance: 0x05F556F8
ScriptStruct: BlockSettings                                    - Instance: 0x05F5934C
ScriptStruct: RiotWeapons                                      - Instance: 0x05F5E000
ScriptStruct: DateDef                                          - Instance: 0x05F81364
ScriptStruct: DateGroupDef                                     - Instance: 0x05F8129C
ScriptStruct: FlagItem                                         - Instance: 0x05F8226C
ScriptStruct: AdditionalWaveSetup                              - Instance: 0x05F93048
ScriptStruct: UnlockCriterion                                  - Instance: 0x05FB4FBC
ScriptStruct: FeedConstraintSourceRange                        - Instance: 0x05FC77C4
ScriptStruct: FeedConstraintDestinationRange                   - Instance: 0x05FC7AE4
ScriptStruct: PositionConstraintBone                           - Instance: 0x05FC9588
ScriptStruct: ResolvedPositionConstraintBone                   - Instance: 0x05FC9788
ScriptStruct: DeformVehicleBone                                - Instance: 0x05FCA81C
ScriptStruct: WhipBoneData                                     - Instance: 0x05FCB858
ScriptStruct: WhipBoneReparenting                              - Instance: 0x05FCBB90
ScriptStruct: WhipTargetingData                                - Instance: 0x05FCC11C
Info: Extra padding detected!
Info: Property size 0x9C
Info: Min alignment 0x10
Info: Extra padding 0x4
ScriptStruct: WhipHipPhysicsData                               - Instance: 0x05FCC60C
ScriptStruct: BatclawBatmanAnimConfig                          - Instance: 0x05FE02B4
ScriptStruct: RailingAttackRopeSetupParams                     - Instance: 0x0602F984
ScriptStruct: WallAttackAnimInfo                               - Instance: 0x06097824
ScriptStruct: WallAttackStageInfo                              - Instance: 0x06097048
ScriptStruct: WallAttackAnimInfo                               - Instance: 0x060B7EFC
ScriptStruct: WallAttackStageInfo                              - Instance: 0x060B7660
ScriptStruct: RSArraySubtitleCue                               - Instance: 0x060DA7C0
ScriptStruct: RSubtitleLookupEntry                             - Instance: 0x060DAF1C
ScriptStruct: TreeEndHandleCombo                               - Instance: 0x06123C8C
ScriptStruct: CommanderTankWeakPoint                           - Instance: 0x06195CF8
ScriptStruct: CommanderTankStage                               - Instance: 0x061984E4
ScriptStruct: CommandTankDialogueCont                          - Instance: 0x06198C40
ScriptStruct: BadGuyData                                       - Instance: 0x061A7D64
ScriptStruct: VehicleTransmission                              - Instance: 0x061AE6DC
ScriptStruct: VoiceSynthTargetStruct                           - Instance: 0x061CCA24
ScriptStruct: RestingChunk                                     - Instance: 0x061EFA64
Const: CONST_MaxDistForLateJoiner                              - Instance: 0x04A6CE48
Const: CONST_kMaxDestructibleDustTrails                        - Instance: 0x04ABEBEC
Const: CONST_Rad_EasterEgg                                     - Instance: 0x04ADCFF0
Const: CONST_Rad_HasBeenFound                                  - Instance: 0x04AE6068
Const: CONST_Rad_HasHint                                       - Instance: 0x04AE60D4
Const: CONST_Rad_InitiallyEncrypted                            - Instance: 0x04AE6140
Const: CONST_Rad_Mandatory                                     - Instance: 0x04AE61AC
Const: CONST_LeaderboardCache_MasterVersion                    - Instance: 0x04B440E0
Const: CONST_MINE_OBSTACLE_MESH_CHECK_EXTENT                   - Instance: 0x04B451B0
Const: CONST_MaxMinesInRoom                                    - Instance: 0x04B4EAA4
Const: CONST_MaxGuns                                           - Instance: 0x04B4EB10
Const: CONST_DBG_ANNOUNCER_TEXT_DURATION                       - Instance: 0x04B4ECB4
Const: CONST_MIN_DIST_BETWEEN_GRATE_AND_MINE                   - Instance: 0x04B4EEF4
Const: CONST_MIN_DIST_BETWEEN_FLIPGRATE_AND_MINE               - Instance: 0x04B4EF60
Const: CONST_MIN_DIST_BETWEEN_PLACED_MINES                     - Instance: 0x04B4EFCC
Const: CONST_MIN_DIST_BETWEEN_ANY_DEAD_BODY_AND_MINES          - Instance: 0x04B4F038
Const: CONST_MIN_DIST_FROM_CURRENT_CAS_TO_MINE                 - Instance: 0x04B4F0A4
Const: CONST_MAX_DIST_FROM_CURRENT_CAS_TO_MINE                 - Instance: 0x04B4F110
Const: CONST_RETRIGGER_WINDOW                                  - Instance: 0x04B95660
Const: CONST_SOUND_WINDOW                                      - Instance: 0x04B956CC
Const: CONST_SOUND_THRESHOLD                                   - Instance: 0x04B95738
Const: CONST_RiotHistoryMax                                    - Instance: 0x04BD89D8
Const: CONST_kWarningPSCacheSize                               - Instance: 0x04C40D6C
Const: CONST_MaxPassengers                                     - Instance: 0x04C41AF0
Const: CONST_MaxPassengers_0                                   - Instance: 0x04C88078
Const: CONST_kMaxPlayerBatmobileTakedownRangeSq                - Instance: 0x04CDF3F4
Const: CONST_kMaxVillainBatmobileTakedownRangeSq               - Instance: 0x04CDF460
Const: CONST_kExclusivePriority                                - Instance: 0x04CE1354
Const: CONST_FailHistoryNum                                    - Instance: 0x04D1A86C
Const: CONST_MAX_PAINTY_FOOTPRINTS                             - Instance: 0x04D1AAAC
Const: CONST_MAX_DYE_SPRAY_LEVEL                               - Instance: 0x04D1AB18
Const: CONST_CosmeticDistanceScalar                            - Instance: 0x04D5FEE4
Const: CONST_MAX_INTERVAL_BETWEEN_PATH_ORIENTATION_CHECKS      - Instance: 0x04D67E00
Const: CONST_MAX_LOOT_POINT_BEGINPLAYS_PER_FRAME               - Instance: 0x04D67E6C
Const: CONST_MAX_GRATE_BEGINPLAYS_PER_FRAME                    - Instance: 0x04D67ED8
Const: CONST_MAX_SENTRYGUN_BEGINPLAYS_PER_FRAME                - Instance: 0x04D67F44
Const: CONST_CONVERSATION_RECENTLY_TRIGGERED_THRESHOLD         - Instance: 0x04D725D8
Const: CONST_MENU_ITEM_DISABLED                                - Instance: 0x04F70D94
Const: CONST_MENU_INDENT                                       - Instance: 0x04F70E00
Const: CONST_RUI_GRIDBUTTONSTATE_NEW                           - Instance: 0x04F7205C
Const: CONST_RUI_GRIDBUTTONSTATE_LOCKED                        - Instance: 0x04F720C8
Const: CONST_RUI_GRIDBUTTONSTATE_PLATFORM                      - Instance: 0x04F72134
Const: CONST_LOCXINV                                           - Instance: 0x0508BEE0
Const: CONST_LOCYINV                                           - Instance: 0x0508BF4C
Const: CONST_LOCZINV                                           - Instance: 0x0508BFB8
Const: CONST_ROTXINV                                           - Instance: 0x0508C024
Const: CONST_ROTYINV                                           - Instance: 0x0508C090
Const: CONST_ROTZINV                                           - Instance: 0x0508C0FC
Const: CONST_ALLINV                                            - Instance: 0x0508C168
Const: CONST_ReassessDist                                      - Instance: 0x05114614
Const: CONST_StandardAPSRange                                  - Instance: 0x05114680
Const: CONST_GargAPSRange                                      - Instance: 0x051146EC
Const: CONST_LitePredAPSRange                                  - Instance: 0x05114758
Const: CONST_OWFullPredAPSRange                                - Instance: 0x051147C4
Const: CONST_ImpactIsCloseRange                                - Instance: 0x05154A1C
Const: CONST_BatarangJumpRange                                 - Instance: 0x05154A88
Const: CONST_BrokenGlassJumpRange                              - Instance: 0x05154AF4
Const: CONST_WatchRadius                                       - Instance: 0x05154B60
Const: CONST_BatarangSightDist                                 - Instance: 0x05154BCC
Const: CONST_DualHandgunsNoiseRange                            - Instance: 0x05154C38
Const: CONST_DisruptedJammerStunTime                           - Instance: 0x0518CD68
Const: CONST_NumWanted                                         - Instance: 0x05198088
Const: CONST_MIN_DIST_FROM_CAS                                 - Instance: 0x051BB0C4
Const: CONST_NUM_PAIRED_CORNER_VARIANTS                        - Instance: 0x051E40A0
Const: CONST_TreeSearchDist                                    - Instance: 0x051EC1A4
Const: CONST_SpecialMoveCheckFrequency                         - Instance: 0x051F3A94
Const: CONST_CongaDist                                         - Instance: 0x05211304
Const: CONST_BackwardsDist                                     - Instance: 0x05211370
Const: CONST_MIN_LEG_LENGTH                                    - Instance: 0x0521BC28
Const: CONST_NUM_LEDGE_LOOK_VARIANTS                           - Instance: 0x0522898C
Const: CONST_MIN_DIST_FROM_ENDS                                - Instance: 0x0522F86C
Const: CONST_BitsPerFlagSet                                    - Instance: 0x0529B770
Const: CONST_MaxSize                                           - Instance: 0x052A20F4
Const: CONST_ShoutDist                                         - Instance: 0x052C4420
Const: CONST_MaxNoiseTargets                                   - Instance: 0x052CC5A0
Const: CONST_MIN_STAIR_ANGLE_DEG                               - Instance: 0x053AB000
Const: CONST_LOOKAHEAD_DIST_2                                  - Instance: 0x053AB06C
Const: CONST_LOOKAHEAD_DIST_3                                  - Instance: 0x053AB0D8
Const: CONST_SlowScale                                         - Instance: 0x053C3F00
Const: CONST_DAMAGE_RECURSION_DEPTH                            - Instance: 0x053DC438
Const: CONST_SCORE_INVALID                                     - Instance: 0x053E4EDC
Const: CONST_SlowScale_0                                       - Instance: 0x053E9D1C
Const: CONST_ShoutDistance                                     - Instance: 0x0545DB04
Const: CONST_NOT_IN_RANGE_TIMEOUT                              - Instance: 0x054FF0D8
Const: CONST_AudioTimeToLockOnCombat                           - Instance: 0x055383B4
Const: CONST_CAMERATESTDISTANCE                                - Instance: 0x0558EA84
Const: CONST_LEFT_DIR                                          - Instance: 0x0559110C
Const: CONST_RIGHT_DIR                                         - Instance: 0x05591178
Const: CONST_LEFT_DIR_0                                        - Instance: 0x05593108
Const: CONST_RIGHT_DIR_0                                       - Instance: 0x05593174
Const: CONST_LEFT_DIR_1                                        - Instance: 0x05595AF0
Const: CONST_RIGHT_DIR_1                                       - Instance: 0x05595B5C
Const: CONST_LEFT_DIR_2                                        - Instance: 0x05599FE0
Const: CONST_RIGHT_DIR_2                                       - Instance: 0x0559A04C
Const: CONST_LEFT_DIR_3                                        - Instance: 0x0559EBA0
Const: CONST_RIGHT_DIR_3                                       - Instance: 0x0559EC0C
Const: CONST_LEFT_DIR_4                                        - Instance: 0x055A0830
Const: CONST_RIGHT_DIR_4                                       - Instance: 0x055A089C
Const: CONST_POLL_DELAY_TIME                                   - Instance: 0x0561BE8C
Const: CONST_POLL_CHALLENGE_DELAY_TIME                         - Instance: 0x0561BEF8
Const: CONST_CINEMATICMESH_Main                                - Instance: 0x05676D74
Const: CONST_CINEMATICMESH_Extra                               - Instance: 0x05676DE0
Const: CONST_CINEMATICMESH_Hair                                - Instance: 0x05676E4C
Const: CONST_AttackDmgType                                     - Instance: 0x056A7670
Const: CONST_MinIntoAnimDist                                   - Instance: 0x056C373C
Const: CONST_MaxIntoAnimDist                                   - Instance: 0x056C37A8
Const: CONST_MinDurationScale                                  - Instance: 0x056C3814
Const: CONST_MaxDurationScale                                  - Instance: 0x056C3880
Const: CONST_MinIntoAnimDist_0                                 - Instance: 0x056DE168
Const: CONST_MaxIntoAnimDist_0                                 - Instance: 0x056DE1D4
Const: CONST_MinDurationScale_0                                - Instance: 0x056DE240
Const: CONST_MaxDurationScale_0                                - Instance: 0x056DE2AC
Const: CONST_MinIntoAnimDist_1                                 - Instance: 0x056EE634
Const: CONST_MaxIntoAnimDist_1                                 - Instance: 0x056EE6A0
Const: CONST_MinDurationScale_1                                - Instance: 0x056EE70C
Const: CONST_MaxDurationScale_1                                - Instance: 0x056EE778
Const: CONST_HalfExtentCheckHeight                             - Instance: 0x0570C864
Const: CONST_kMaxTimeToCatch                                   - Instance: 0x057101DC
Const: CONST_kMinCatchDist                                     - Instance: 0x05710248
Const: CONST_kMaxCatchDist                                     - Instance: 0x057102B4
Const: CONST_MaxIntoAnimDist_2                                 - Instance: 0x05717040
Const: CONST_MinIntoAnimDist_2                                 - Instance: 0x057170AC
Const: CONST_MinDurationScale_2                                - Instance: 0x05717118
Const: CONST_MaxDurationScale_2                                - Instance: 0x05717184
Const: CONST_kRotOffset                                        - Instance: 0x0571C2F4
Const: CONST_WallCollideRange                                  - Instance: 0x05779900
Const: CONST_GameSlowDownSpeed                                 - Instance: 0x0577996C
Const: CONST_kNumAxis                                          - Instance: 0x057B09DC
Const: CONST_kFormationVectorLength                            - Instance: 0x057B0A48
Const: CONST_COMMAND_BEACON_CLEAR_DIST                         - Instance: 0x057D169C
Const: CONST_NUM_MATERIAL_SLOTS                                - Instance: 0x057D3F80
Const: CONST_kDisappearScale                                   - Instance: 0x057DD1A0
Const: CONST_kNumTickGroups                                    - Instance: 0x057E116C
Const: CONST_NUM_CROWS                                         - Instance: 0x057EEA18
Const: CONST_CROW_VS_CROW_RANGE                                - Instance: 0x057EEA84
Const: CONST_DefaultCylinderRadius                             - Instance: 0x057F0410
Const: CONST_CylinderHeight                                    - Instance: 0x057F047C
Const: CONST_MaxNumDeadVehicles                                - Instance: 0x0581E15C
Const: CONST_PAD_LEFT                                          - Instance: 0x058312B8
Const: CONST_PAD_RIGHT                                         - Instance: 0x05831324
Const: CONST_PAD_UP                                            - Instance: 0x05831390
Const: CONST_PAD_DOWN                                          - Instance: 0x058313FC
Const: CONST_PAD_IN_A                                          - Instance: 0x05831468
Const: CONST_PAD_IN_B                                          - Instance: 0x058314D4
Const: CONST_PAD_IN_X                                          - Instance: 0x05831540
Const: CONST_PAD_IN_Y                                          - Instance: 0x058315AC
Const: CONST_MaxNumKActorsRestingOnDestructibleProp            - Instance: 0x0586AE1C
Const: CONST_ImpactDamageThreshold_DamageDisabled              - Instance: 0x0586AE88
Const: CONST_UnrealUnitsPerSecToKilometresPerHour              - Instance: 0x0586AEF4
Const: CONST_NUMCAMS                                           - Instance: 0x0587EDA8
Const: CONST_CAMERATESTDISTANCE_0                              - Instance: 0x0587EE14
Const: CONST_MAX_DIRECTIONAL_ANIMS                             - Instance: 0x05883A98
Const: CONST_DISRUPTOR_FIRED_FLAG_ANIMATE                      - Instance: 0x0589BCA8
Const: CONST_DISRUPTOR_FIRED_FLAG_SCREENSHAKE                  - Instance: 0x0589BD14
Const: CONST_MISSION_DIALOGUE_MAX_LOAD_TIME                    - Instance: 0x0590AFD8
Const: CONST_MISSION_DIALOGUE_MAX_LINES                        - Instance: 0x0590B044
Const: CONST_MaxViewDistance                                   - Instance: 0x05924308
Const: CONST_DistanceToBeFullyVisable                          - Instance: 0x05924374
Const: CONST_LightTorchAngle                                   - Instance: 0x059243E0
Const: CONST_LightTorchAngleMin                                - Instance: 0x0592444C
Const: CONST_FilterMaxViewDistance                             - Instance: 0x059244B8
Const: CONST_FilterDistanceToBeFullyVisable                    - Instance: 0x05924524
Const: CONST_FilterDistanceToBeProcessed                       - Instance: 0x05924590
Const: CONST_FilterDistanceForDiscovery                        - Instance: 0x059245FC
Const: CONST_MaxFreezeRange                                    - Instance: 0x05924668
Const: CONST_MaxRadioSignalDistance                            - Instance: 0x059246D4
Const: CONST_MaxDisruptorTowerDistance                         - Instance: 0x05924740
Const: CONST_VirtualDisruptorTowerPeriod                       - Instance: 0x059247AC
Const: CONST_MissingPersonsTotalCount                          - Instance: 0x05924818
Const: CONST_DefaultClusterCylinderRadius                      - Instance: 0x05955AF4
Const: CONST_ClusterCylinderHeight                             - Instance: 0x05955B60
Const: CONST_GAMEEVENT_BUG_REPORT                              - Instance: 0x05968D48
Const: CONST_CONTEXT_GAME_MODE                                 - Instance: 0x0596BC70
Const: CONST_CONTEXT_GAME_MODE_MODE_STORY                      - Instance: 0x0596BCDC
Const: CONST_CONTEXT_GAME_MODE_MODE_CHALLENGE                  - Instance: 0x0596BD48
Const: CONST_CONTEXT_CHALLENGE                                 - Instance: 0x0596BDB4
Const: CONST_CONTEXT_MAP_1                                     - Instance: 0x0596BE20
Const: CONST_CONTEXT_MAP_2                                     - Instance: 0x0596BE8C
Const: CONST_SESSION_MATCH_QUERY_COOP                          - Instance: 0x0596BEF8
Const: CONST_SKIN_SELECT_MIN_COUNT                             - Instance: 0x059F0E20
Const: CONST_DragableObjectDominanceGroup                      - Instance: 0x05A30CFC
Const: CONST_LeftOffset                                        - Instance: 0x05A85938
Const: CONST_TAF_Pulsing                                       - Instance: 0x05AC4B60
Const: CONST_TAF_CullIfBehind                                  - Instance: 0x05AC4BCC
Const: CONST_TAF_ClampIfOffscreen                              - Instance: 0x05AC4C38
Const: CONST_TAF_PersistUntilHidden                            - Instance: 0x05AC4CA4
Const: CONST_TAF_CentreScreen                                  - Instance: 0x05AC4D10
Const: CONST_TAF_OverrideCentreScreenDepth                     - Instance: 0x05AC4D7C
Const: CONST_TAF_OffscreenGrappleLogic                         - Instance: 0x05AC4DE8
Const: CONST_TAF_VariableSizeReticle                           - Instance: 0x05AC4E54
Const: CONST_TAF_PositionIconAboveTarget                       - Instance: 0x05AC4EC0
Const: CONST_TAF_AppendDistance                                - Instance: 0x05AC4F2C
Const: CONST_TAF_SuppressDuringRemoteControl                   - Instance: 0x05AC4F98
Const: CONST_TAF_FadeDuringCombat                              - Instance: 0x05AC5004
Const: CONST_TAF_ObjectiveTarget                               - Instance: 0x05AC5070
Const: CONST_Const_ScreenSafeX                                 - Instance: 0x05AC50DC
Const: CONST_Const_ScreenSafeY                                 - Instance: 0x05AC5148
Const: CONST_Const_ScreenTanToCorner                           - Instance: 0x05AC51B4
Const: CONST_NUM_JOKER_MESHSWAP_OVERRIDE_MATERIALS             - Instance: 0x05AEBE78
Const: CONST_LADDER_TOP                                        - Instance: 0x05AF2B8C
Const: CONST_LADDER_BOTTOM                                     - Instance: 0x05AF2BF8
Const: CONST_ROUNDROBIN_SAVE_MAX                               - Instance: 0x05AFC59C
Const: CONST_MAT_DOOR_UNLOCKED                                 - Instance: 0x05B14758
Const: CONST_MAT_DOOR_LOCKED                                   - Instance: 0x05B147C4
Const: CONST_MAX_DROPOFF_LOCATIONS                             - Instance: 0x05B398C8
Const: CONST_MAX_WAYPOINT_DBG_LINES                            - Instance: 0x05B3D618
Const: CONST_PathShortenProportionChecksPerSegment             - Instance: 0x05B7BE54
Const: CONST_PathShortenProportionChecksPerSegmentQuick        - Instance: 0x05B7BEC0
Const: CONST_MAX_PATH_INSTANCES_PER_CLASS                      - Instance: 0x05B8440C
Const: CONST_THUG_KNOCKBACK_EXTENT                             - Instance: 0x05B8F768
Const: CONST_NUM_ENCOUNTERS                                    - Instance: 0x05BAD09C
Const: CONST_RECDisableSpecialsMax                             - Instance: 0x05BE2B8C
Const: CONST_GRENADE_MAX_ELEVATION                             - Instance: 0x05BE2BF8
Const: CONST_EDGEFLAG_SpecialRoofEdge                          - Instance: 0x05C5A02C
Const: CONST_MARKER_DISTANCE_FOR_MIN_VISIBILITY                - Instance: 0x05C5A36C
Const: CONST_MARKER_DISTANCE_FOR_MAX_VISIBILITY                - Instance: 0x05C5A3D8
Const: CONST_ShortGlideKickMaximumDistance                     - Instance: 0x05D05028
Const: CONST_ShortGlideKickMaximumDistanceDLC                  - Instance: 0x05D05094
Const: CONST_EDGEFLAG_WideRailing                              - Instance: 0x05D64090
Const: CONST_EDGEFLAG_Railing                                  - Instance: 0x05D640FC
Const: CONST_EDGEFLAG_ShimmyOnly                               - Instance: 0x05D64168
Const: CONST_EDGEFLAG_SlopedEdge                               - Instance: 0x05D641D4
Const: CONST_EDGEFLAG_WireRailing                              - Instance: 0x05D64240
Const: CONST_EDGEFLAG_ExtraSloped                              - Instance: 0x05D642AC
Const: CONST_EDGEFLAG_CanGrapple                               - Instance: 0x05D64318
Const: CONST_MovesToUnlockSpecial                              - Instance: 0x05DABE2C
Const: CONST_LocalPopulationDeaths_PostSaveGame                - Instance: 0x05DE53CC
Const: CONST_LocalPopulationDeaths_Firefly                     - Instance: 0x05DE5438
Const: CONST_MaxIntoSideRoomDist                               - Instance: 0x05EA5928
Const: CONST_StopBeforeWallDist                                - Instance: 0x05EA6DEC
Const: CONST_IgnoreFailureToLeaveSpecialZoneDist               - Instance: 0x05EA6E58
Const: CONST_NUM_FIRING_FX                                     - Instance: 0x05EB7784
Const: CONST_NUM_ENCOUNTERS_0                                  - Instance: 0x05F14558
Const: CONST_NUM_TIERS                                         - Instance: 0x05F145C4
Const: CONST_NUM_ENCOUNTERS_1                                  - Instance: 0x05F17E34
Const: CONST_MAX_MISSIONS_TO_UPDATE                            - Instance: 0x05F38E14
Const: CONST_TAKEOVER_SCREEN_TRIGGER_RADIUS_THRESHOLD          - Instance: 0x05F8528C
Const: CONST_INTERPOLATION_SPEED                               - Instance: 0x05FC2350
Const: CONST_AUTO_MODE_DELAY                                   - Instance: 0x05FC23BC
Const: CONST_INPUT_HEIGHT_ACCELERATION                         - Instance: 0x05FC2428
Const: CONST_INPUT_HEIGHT_DAMPEN_SPEED                         - Instance: 0x05FC2494
Const: CONST_INPUT_SPIN_ACCELERATION                           - Instance: 0x05FC2500
Const: CONST_INPUT_SPIN_DAMPEN_SPEED                           - Instance: 0x05FC256C
Const: CONST_INPUT_FOV_ACCELERATION                            - Instance: 0x05FC25D8
Const: CONST_INPUT_FOV_DAMPEN_SPEED                            - Instance: 0x05FC2644
Const: CONST_LONG_ANIM_TRAVELDIST                              - Instance: 0x06008030
Const: CONST_SHORT_ANIM_TRAVELDIST                             - Instance: 0x0600809C
Const: CONST_MAX_REQUIRED_DIST_FOR_ESCAPE                      - Instance: 0x06008108
Const: CONST_REQUIRED_RADIUS                                   - Instance: 0x06009B6C
Const: CONST_NUM_FIRING_FX_0                                   - Instance: 0x0611639C
Const: CONST_MAX_POSECONFIG_PREVIEW_EXTRA_MESHES               - Instance: 0x061E77BC
Enum: EVisibilityCategory                                      - Instance: 0x04A543E8
Enum: EAttractAlertLevel                                       - Instance: 0x04A5B758
Enum: EAttractedThugState                                      - Instance: 0x04A5B7C4
Enum: EFlagTypeEnum                                            - Instance: 0x04A69A58
Enum: EBarkDeliveryType                                        - Instance: 0x04A69D28
Enum: EAdditiveSubtractMode                                    - Instance: 0x04A847B4
Enum: EYesNoDefault                                            - Instance: 0x04A84820
Enum: ETransitionMagicGadgetBlend                              - Instance: 0x04A86670
Enum: EMirroredYesNoMaybe                                      - Instance: 0x04A8693C
Enum: EPoseAllowMirroring                                      - Instance: 0x04A874B8
Enum: EMovementStyle                                           - Instance: 0x04A87FE4
Enum: EActionExitLevel                                         - Instance: 0x04A8BCAC
Enum: EActionTickResult                                        - Instance: 0x04A8BDB4
Enum: EAnimIdleType                                            - Instance: 0x04A93588
Enum: EAnimTransitionType                                      - Instance: 0x04A935F4
Enum: EBodyPart                                                - Instance: 0x04A9405C
Enum: EResolvedMovementAnimDirectionCombination                - Instance: 0x04A94928
Enum: EMirrorChoice                                            - Instance: 0x04A9668C
Enum: ERootBoneSubtractionMode                                 - Instance: 0x04A966F8
Enum: ESlavedTransitionTimeSync                                - Instance: 0x04A96800
Enum: ERandomOverlayBlockType                                  - Instance: 0x04A96F94
Enum: ETurnInstigator                                          - Instance: 0x04A97BE4
Enum: ERagdollSoundType                                        - Instance: 0x04A99308
Enum: ERelativeTargetAnimSource                                - Instance: 0x04A995CC
Enum: ERandomOverlayState                                      - Instance: 0x04A9AB58
Enum: EMoveToRequestFacing                                     - Instance: 0x04A9BD50
Enum: EAnimTargetCharacterHeadPolicy                           - Instance: 0x04A9BEF4
Enum: EAbsoluteOrRelative                                      - Instance: 0x04A9C2F8
Enum: EAllowTurningToAim                                       - Instance: 0x04A9C75C
Enum: EMoveToThreshold                                         - Instance: 0x04A9DB0C
Enum: EDirectionInterpolation                                  - Instance: 0x04A9E144
Enum: ECheatCode                                               - Instance: 0x04AAED0C
Enum: EDistrict                                                - Instance: 0x04AAED78
Enum: EGameAction                                              - Instance: 0x04AAEDE4
Enum: EAAITakedownType                                         - Instance: 0x04AAEF18
Enum: ERPMAPCSpawnResultWheel                                  - Instance: 0x04AAEF84
Enum: EChallengeRankMode                                       - Instance: 0x04AAEFF0
Enum: EContentBeaconDisplayMode                                - Instance: 0x04AAF05C
Enum: EContentBeaconState                                      - Instance: 0x04AAF0C8
Enum: ERiddlerState                                            - Instance: 0x04AAF1FC
Enum: ERiddlerPiece                                            - Instance: 0x04AAF268
Enum: ERiddlerCategory                                         - Instance: 0x04AAF2D4
Enum: ETapeCharacter                                           - Instance: 0x04AAF340
Enum: ERiddlerCollection                                       - Instance: 0x04AAF3AC
Enum: ERiddlerLocationName                                     - Instance: 0x04AAF418
Enum: EUpgradeBoostAction                                      - Instance: 0x04AAF484
Enum: EHelicopterPointOfInterestTypes                          - Instance: 0x04AAF5B8
Enum: EGameModes                                               - Instance: 0x04AAF6EC
Enum: ELeaderboardColumns                                      - Instance: 0x04AAF758
Enum: EInstallChunk                                            - Instance: 0x04AAF7C4
Enum: ECounterLimb                                             - Instance: 0x04AAF830
Enum: EBoneNameList                                            - Instance: 0x04AAF964
Enum: EBioCharacter                                            - Instance: 0x04AAF9D0
Enum: EComboMoveType                                           - Instance: 0x04AAFA3C
Enum: EChallengeFrontendGroup                                  - Instance: 0x04AAFAA8
Enum: EChallengeFrontendState                                  - Instance: 0x04AAFB14
Enum: EChallengeBeaconStyle                                    - Instance: 0x04AAFB80
Enum: EVehicleScenarioType                                     - Instance: 0x04AAFBEC
Enum: EVehicleOrientation                                      - Instance: 0x04AAFD20
Enum: EVehicleDamageEffectCond                                 - Instance: 0x04AAFE54
Enum: EVehicleDamageEffectAttachment                           - Instance: 0x04AAFF5C
Enum: EInteractableItemFaceButton                              - Instance: 0x04AB33A4
Enum: ESelfDriveMode                                           - Instance: 0x04AB4E5C
Enum: EWanderAudioState                                        - Instance: 0x04AB4EC8
Enum: EVehicleLightType                                        - Instance: 0x04AB4F34
Enum: EVehicleLightMaterialType                                - Instance: 0x04AB5068
Enum: EFenceJumpEdgeType                                       - Instance: 0x04ABD370
Enum: EClimbEdgeFailReason                                     - Instance: 0x04ABD3DC
Enum: EStrikeRange                                             - Instance: 0x04ABD4E4
Enum: ELocalRadarTargetType                                    - Instance: 0x04ABD724
Enum: EBatmanVsBatmobileCollisionMode                          - Instance: 0x04AD9828
Enum: EBatmobileDriveTutorialStage                             - Instance: 0x04AD995C
Enum: EPDVersion                                               - Instance: 0x04AD9A5C
Enum: ECM_MedalType                                            - Instance: 0x04AD9AC8
Enum: EConceptArt                                              - Instance: 0x04AD9B34
Enum: EShowcaseCharacter                                       - Instance: 0x04AD9BA0
Enum: EShowcaseVehicle                                         - Instance: 0x04AD9C0C
Enum: ECustomWayPointType                                      - Instance: 0x04AD9C78
Enum: ETutorialType                                            - Instance: 0x04ADCF84
Enum: EProgressLocations                                       - Instance: 0x04ADE6A4
Enum: EBatmanChallenge                                         - Instance: 0x04ADE710
Enum: EBluntTraumaTakedowns                                    - Instance: 0x04AE3638
Enum: EJokerSickStages                                         - Instance: 0x04AE3B84
Enum: ETrailItems_Version                                      - Instance: 0x04AE6C1C
Enum: EMostWanted_IconData_Version                             - Instance: 0x04AE6F84
Enum: EMostWanted_Data_Version                                 - Instance: 0x04AE76A0
Enum: ESideStoryMapIcon_Data_Version                           - Instance: 0x04AE8564
Enum: EOverrideThreatLevel                                     - Instance: 0x04AE88CC
Enum: EDynamicPopulation_APCSideStory_Version                  - Instance: 0x04AE8BC4
Enum: EDynamicPopulation_VehicleScenario_Version               - Instance: 0x04AE982C
Enum: EDynamicPopulation_PopulationDefines_Version             - Instance: 0x04AE9DF4
Enum: EDynamicPopulation_SideStories                           - Instance: 0x04AE9E60
Enum: EBatmobileGetOutSpace                                    - Instance: 0x04AFAA38
Enum: EHandbrakeTurnType                                       - Instance: 0x04AFAAA4
Enum: EnvironmentAnimationDirection                            - Instance: 0x04AFC4C8
Enum: EnvironmentSpecialMoveTypes                              - Instance: 0x04AFC5C8
Enum: EnvironmentFeelerState                                   - Instance: 0x04AFC808
Enum: EBatmanCoverCorners                                      - Instance: 0x04AFD368
Enum: EHangLedgeType                                           - Instance: 0x04AFF058
Enum: EVehicleWeaponSelection                                  - Instance: 0x04AFF0C4
Enum: EHighlightedTargetType                                   - Instance: 0x04AFF1F8
Enum: EFGadgetIDs                                              - Instance: 0x04AFF264
Enum: EPlayerWantsToCrouch                                     - Instance: 0x04AFF2D0
Enum: EGadgetEquipState                                        - Instance: 0x04AFF33C
Enum: EBatmanGrabType                                          - Instance: 0x04AFF3A8
Enum: EPoseMirroredBehaviour                                   - Instance: 0x04AFF414
Enum: EVoiceSynthesiserLethalTrap                              - Instance: 0x04AFF480
Enum: ECommanderVoiceForVoiceSynthesiser                       - Instance: 0x04AFF5B4
Enum: EGameStatus                                              - Instance: 0x04AFF6BC
Enum: EStaticString                                            - Instance: 0x04AFF728
Enum: EStaticFloat                                             - Instance: 0x04AFF794
Enum: EStaticInt                                               - Instance: 0x04AFF800
Enum: EStaticBool                                              - Instance: 0x04AFF86C
Enum: ETauntMovementDirectionHint                              - Instance: 0x04AFF8D8
Enum: ETauntNotifyType                                         - Instance: 0x04AFF944
Enum: ETauntPairedDirection                                    - Instance: 0x04AFF9B0
Enum: EDebugSaveGameplayType                                   - Instance: 0x04AFFA1C
Enum: EMultiPlayerGameType                                     - Instance: 0x04B05264
Enum: EPredAttackState                                         - Instance: 0x04B052D0
Enum: EGameCombatCameraType                                    - Instance: 0x04B05474
Enum: ECombatLockType                                          - Instance: 0x04B05644
Enum: EChallengeModifiers                                      - Instance: 0x04B056B0
Enum: EChallengeModifierType                                   - Instance: 0x04B057B8
Enum: EAchievementID                                           - Instance: 0x04B05824
Enum: EChallengeFlow                                           - Instance: 0x04B059C8
Enum: EBatmobileTauntPosition                                  - Instance: 0x04B09588
Enum: EWeaponSwitchCallbackResult                              - Instance: 0x04B09C14
Enum: EPhysWalkingType                                         - Instance: 0x04B09C80
Enum: EStasisMode                                              - Instance: 0x04B09CEC
Enum: EKeyMapping                                              - Instance: 0x04B1D600
Enum: EFlashAudioChannel                                       - Instance: 0x04B1D66C
Enum: EObjIcon                                                 - Instance: 0x04B331A0
Enum: ENpcHeartBeatType                                        - Instance: 0x04B3320C
Enum: EDetectiveModeDetectorStates                             - Instance: 0x04B333D8
Enum: EChallengeScreenModes                                    - Instance: 0x04B41654
Enum: ELocationToAvoidMiningType                               - Instance: 0x04B45144
Enum: EVillainFearLevel                                        - Instance: 0x04B4A8A0
Enum: EFOVcategory                                             - Instance: 0x04B7843C
Enum: EContactType                                             - Instance: 0x04B784A8
Enum: EFoot                                                    - Instance: 0x04B78514
Enum: EFootstepSurfaceFinder                                   - Instance: 0x04B78580
Enum: EStunnedHitType                                          - Instance: 0x04B787C0
Enum: EFuzziness                                               - Instance: 0x04B86A38
Enum: ERagdollVsNavMesh                                        - Instance: 0x04B876A8
Enum: EOneShotMovementCycleState                               - Instance: 0x04B87E68
Enum: EAnimAccumulatorPoseLayer                                - Instance: 0x04B88B54
Enum: EAnimAccumulatorPartialAnimType                          - Instance: 0x04B8A068
Enum: EAnimAccumulatorSpecialBones                             - Instance: 0x04B8D2F0
Enum: ETargetStrikeResponse                                    - Instance: 0x04BBB18C
Enum: EDamageResult                                            - Instance: 0x04BBB1F8
Enum: ECombatPawnType                                          - Instance: 0x04BBB264
Enum: ESimultaneousCounterFormation                            - Instance: 0x04BBDF98
Enum: EAdditionalRagdollForce                                  - Instance: 0x04BBE004
Enum: ESimultaneousCounterAnimType                             - Instance: 0x04BBE070
Enum: ESimultaneousCounterBehaviourType                        - Instance: 0x04BBE0DC
Enum: ERiotFailReason                                          - Instance: 0x04BD896C
Enum: ESkinTypeEnum                                            - Instance: 0x04BD9A44
Enum: EGangTypeDefineEnum                                      - Instance: 0x04BD9AB0
Enum: EThugMakerTypeEnum                                       - Instance: 0x04BDA1D4
Enum: ECasualtyScreamReason                                    - Instance: 0x04BE41B8
Enum: EBRAECReactionType                                       - Instance: 0x04BE4224
Enum: ERagdollStunType                                         - Instance: 0x04BF5138
Enum: EEvadeVehicleType                                        - Instance: 0x04BFCD18
Enum: EStreamedCombatWeaponTypes                               - Instance: 0x04BFCD84
Enum: ECoverCornerType                                         - Instance: 0x04C094A4
Enum: EBatarangThrowType                                       - Instance: 0x04C09510
Enum: EHudDisplayLevel                                         - Instance: 0x04C24540
Enum: ELockOnBeepStage                                         - Instance: 0x04C245AC
Enum: EBatmobileEjectType                                      - Instance: 0x04C38180
Enum: EBatmobilePickupMode                                     - Instance: 0x04C386CC
Enum: EWeaponWarningAttackType                                 - Instance: 0x04C3ACDC
Enum: EAudioAltModeTypes                                       - Instance: 0x04C40A98
Enum: EWalkerWeaponTypes                                       - Instance: 0x04C7521C
Enum: EVehicleSpawnType                                        - Instance: 0x04C75288
Enum: EVehiclePassengerIdleType                                - Instance: 0x04C752F4
Enum: ECanAttackTargetResult                                   - Instance: 0x04C75360
Enum: EVehicleCombatEncounterType                              - Instance: 0x04C753CC
Enum: EOmnitronInteractionType                                 - Instance: 0x04C757DC
Enum: EVehicleGroupType                                        - Instance: 0x04C7DCB8
Enum: EVehicleKillType                                         - Instance: 0x04CB3F9C
Enum: ECriticalRunStage                                        - Instance: 0x04CB6DE4
Enum: EChaseDifficulty                                         - Instance: 0x04CB6F88
Enum: EXrayType                                                - Instance: 0x04CCBA28
Enum: EDifficultyType                                          - Instance: 0x04CD559C
Enum: EArrayPropertyType                                       - Instance: 0x04CD56D0
Enum: ECameraLookAtSpeed                                       - Instance: 0x04CD9A78
Enum: ECameraLookAtStrength                                    - Instance: 0x04CD9AE4
Enum: EWeaponConfigType                                        - Instance: 0x04CDAD4C
Enum: ESContexts                                               - Instance: 0x04CF1304
Enum: EHudWeaponType                                           - Instance: 0x04D04DA0
Enum: EDirtLocation                                            - Instance: 0x04D0B7A8
Enum: EDirtType                                                - Instance: 0x04D0B8B0
Enum: EJustifyText                                             - Instance: 0x04D0B91C
Enum: EControlIcon                                             - Instance: 0x04D0BE88
Enum: EGunTargetBoneState                                      - Instance: 0x04D0FB1C
Enum: EFadeType                                                - Instance: 0x04D4E110
Enum: ECombatQualityType                                       - Instance: 0x04D4E2AC
Enum: ETypesOfHallucination                                    - Instance: 0x04D4E318
Enum: EStasisLevel                                             - Instance: 0x04D629A0
Enum: EVocalType                                               - Instance: 0x04D67FB0
Enum: EVocalPriority                                           - Instance: 0x04D6801C
Enum: EStreamedPredWeaponTypes                                 - Instance: 0x04D68088
Enum: EGS_Reason                                               - Instance: 0x04D680F4
Enum: ELive_LiveError                                          - Instance: 0x04D68160
Enum: ERPMAPCSpawnStatusWheel                                  - Instance: 0x04D681CC
Enum: EPresenceID                                              - Instance: 0x04D6C730
Enum: EContexts                                                - Instance: 0x04D6C79C
Enum: ECameraLookAtType                                        - Instance: 0x04D6C808
Enum: EStealthTakeDownStages                                   - Instance: 0x04D6C910
Enum: EStrikeStrength                                          - Instance: 0x04D6C97C
Enum: EStrikeDirection                                         - Instance: 0x04D6C9E8
Enum: EeSideStoryCooldownTimer                                 - Instance: 0x04D6CA54
Enum: EHitAnimType                                             - Instance: 0x04DB4794
Enum: EAimingConfigDesc                                        - Instance: 0x04DBF284
Enum: ETryCounterResult                                        - Instance: 0x04DC2BE4
Enum: ECounterSlopeDirection                                   - Instance: 0x04DC2C50
Enum: EPlayerVariableType                                      - Instance: 0x04DC2CBC
Enum: EWeaponDestroyType                                       - Instance: 0x04DC2DC4
Enum: EPickupWeaponType                                        - Instance: 0x04DC2EF8
Enum: EStrikeWeaponGrabbed                                     - Instance: 0x04DC2F64
Enum: ETakedownSpeed                                           - Instance: 0x04DC2FD0
Enum: ETakedownEnvironmentDir                                  - Instance: 0x04DC3104
Enum: ETakedownMovement                                        - Instance: 0x04DC3170
Enum: EStrikeStartHeight                                       - Instance: 0x04DC31DC
Enum: ETakedownType                                            - Instance: 0x04DC3248
Enum: ECounterMoveDir                                          - Instance: 0x04DC32B4
Enum: ECounterEnvironmentDir                                   - Instance: 0x04DC33E8
Enum: ECounterStrength                                         - Instance: 0x04DC3454
Enum: ECounterStartHeight                                      - Instance: 0x04DC34C0
Enum: ECounterWeaponGrabbed                                    - Instance: 0x04DC352C
Enum: EHitStrength                                             - Instance: 0x04DC3598
Enum: EStrikeHand                                              - Instance: 0x04DC3604
Enum: EStrikeDamageDirection                                   - Instance: 0x04DC3670
Enum: ECameraDirection                                         - Instance: 0x04DC36DC
Enum: EStrikeTurnMotion                                        - Instance: 0x04DC3748
Enum: EStrikeTargetType                                        - Instance: 0x04DC37B4
Enum: EStrikeEnvironmentDir                                    - Instance: 0x04DC3820
Enum: EMovementStances                                         - Instance: 0x04DC4794
Enum: EBM2RelativeTransitionStyle                              - Instance: 0x04DC4800
Enum: EInterrogationPose                                       - Instance: 0x04DC619C
Enum: EeLookDirection                                          - Instance: 0x04E209F4
Enum: EWallRunType                                             - Instance: 0x04E22BB0
Enum: EDualPlayPredatorLines                                   - Instance: 0x04E22C1C
Enum: EShimmtMoveResult                                        - Instance: 0x04E22C88
Enum: EOverheadRopeControlPointType                            - Instance: 0x04E22CF4
Enum: ELocalGrapplePlayer                                      - Instance: 0x04E23C98
Enum: EGrapplePointOctreeTypeType                              - Instance: 0x04E253F4
Enum: EGrapplePointTypes                                       - Instance: 0x04E25808
Enum: EPredatorAttackType                                      - Instance: 0x04E26404
Enum: EPredatorAIType                                          - Instance: 0x04E26470
Enum: EArmourType                                              - Instance: 0x04E29624
Enum: EPlayerTakedownType                                      - Instance: 0x04E29758
Enum: EPerchDirection                                          - Instance: 0x04E297C4
Enum: ETakedownFeature_Type                                    - Instance: 0x04E29830
Enum: ECapeEnabledType                                         - Instance: 0x04E2989C
Enum: ECapeHiddenType                                          - Instance: 0x04E29908
Enum: ECapeMirroredType                                        - Instance: 0x04E29974
Enum: EAISpecialMoveCommentType                                - Instance: 0x04E2A9FC
Enum: ESpecialMoveAnimSetType                                  - Instance: 0x04E2AA68
Enum: ESpecialMoveSupportedOverrideButtons                     - Instance: 0x04E2AB70
Enum: ERelativeAnimMoveExtraInfo                               - Instance: 0x04E31E94
Enum: ERelativeAnimLaunchFoot                                  - Instance: 0x04E32D2C
Enum: EQuickGadgetType                                         - Instance: 0x04E3770C
Enum: EBatmanPoseType                                          - Instance: 0x04E3A044
Enum: EBatmanGadgetList                                        - Instance: 0x04E3A378
Enum: EPlayerLandMoves                                         - Instance: 0x04E3A3E4
Enum: EDamageAllowed                                           - Instance: 0x04E8FC78
Enum: ECombatReadinessState                                    - Instance: 0x04E9AD28
Enum: EStuckRagdollSolutionType                                - Instance: 0x04E9AF68
Enum: EAttackCounterTypes                                      - Instance: 0x04E9B1A0
Enum: EBatmanArmourType                                        - Instance: 0x04F539C8
Enum: EPOVersion                                               - Instance: 0x04F57764
Enum: EDDAIntType                                              - Instance: 0x04F577D0
Enum: EDifficultyLevels                                        - Instance: 0x04F5783C
Enum: EHelpTextLevel                                           - Instance: 0x04F578A8
Enum: EDeathMovieRecord_Version                                - Instance: 0x04F57914
Enum: EGeneralOptions                                          - Instance: 0x04F57BE8
Enum: EPlayerOptions                                           - Instance: 0x04F57C54
Enum: EChallengePerCharacter_Data_Version                      - Instance: 0x04F57CC0
Enum: EChallengePerCharacter_Version                           - Instance: 0x04F58348
Enum: EMobileUnlocks                                           - Instance: 0x04F5887C
Enum: EActivePlayerSkin_Version                                - Instance: 0x04F588E8
Enum: EControlsOptionsKeyboard_Batgirl                         - Instance: 0x04F5B978
Enum: EControlsOptionsKeyboard_RedHood                         - Instance: 0x04F5B9E4
Enum: EControlsOptionsKeyboard_Harley                          - Instance: 0x04F5BA50
Enum: EControlsOptionsKeyboard_Pursuit                         - Instance: 0x04F5BABC
Enum: EControlsOptionsKeyboard                                 - Instance: 0x04F5BB28
Enum: EControlsOptionsKeyboard_Battle                          - Instance: 0x04F5BB94
Enum: EMenuItemEnum                                            - Instance: 0x04F70234
Enum: EUIPromptType                                            - Instance: 0x04F70334
Enum: EUIEVENT_ActionType                                      - Instance: 0x04F703A0
Enum: EWBIDStatus                                              - Instance: 0x04F87108
Enum: E_WBID_Screen_Type                                       - Instance: 0x04F87174
Enum: ENetworkDebugColourCode                                  - Instance: 0x04F871E0
Enum: EHackSubroutineType                                      - Instance: 0x04F8AC74
Enum: EHackableObjectState                                     - Instance: 0x04F8ACE0
Enum: EHackSubroutineIcon                                      - Instance: 0x04F8AD4C
Enum: EForceVantageCameraSide                                  - Instance: 0x04FA0048
Enum: EVantageWallInfo                                         - Instance: 0x04FA00B4
Enum: EGrappleFailReason                                       - Instance: 0x04FADFD4
Enum: EAutoSwingState                                          - Instance: 0x0500CF60
Enum: ESwingDirection                                          - Instance: 0x0500DE20
Enum: EHarleyMayhemMove                                        - Instance: 0x05017340
Enum: EHarleyVisibilityState                                   - Instance: 0x050173AC
Enum: EHarleyQuinnGadgetList                                   - Instance: 0x0501C784
Enum: EAllyType                                                - Instance: 0x050466BC
Enum: EGlideKickMoveExtraInfo                                  - Instance: 0x050656D0
Enum: EButtonGroup_Default                                     - Instance: 0x0508AD04
Enum: EButtonGroup_Create                                      - Instance: 0x0508AEF8
Enum: EButtonGroup_EmailForm                                   - Instance: 0x0508B4A0
Enum: EButtonGroup_WBIDOptions                                 - Instance: 0x0508B730
Enum: EButtonGroup_Verify                                      - Instance: 0x0508B924
Enum: EBatmobileDriveCamera                                    - Instance: 0x0509DDE4
Enum: ESpecialEscapeType                                       - Instance: 0x05110078
Enum: EAttackProgressState                                     - Instance: 0x051100E4
Enum: EPredAttackEscalationType                                - Instance: 0x05110150
Enum: EAttackStartTrigger                                      - Instance: 0x051101BC
Enum: EConvergeProcessState                                    - Instance: 0x05130AA4
Enum: EAAIResponseType                                         - Instance: 0x05163840
Enum: ENervousSetPieceType                                     - Instance: 0x051640F4
Enum: EConvergeTargetType                                      - Instance: 0x05183FAC
Enum: EDroneStartleType                                        - Instance: 0x0518FE1C
Enum: ESearchAssignProcessState                                - Instance: 0x051B3A50
Enum: ESearchRoutingWorkState                                  - Instance: 0x051E0550
Enum: EeCornerAnimStage                                        - Instance: 0x051E3AE0
Enum: EePairedCornerAnimType                                   - Instance: 0x051E438C
Enum: EAmbushDir                                               - Instance: 0x051FAC58
Enum: EGrateGrenadeAnimDir                                     - Instance: 0x052039AC
Enum: EeLookInGrateType                                        - Instance: 0x0521B148
Enum: EPredStartleType                                         - Instance: 0x05253968
Enum: EBrainScriptImportance                                   - Instance: 0x05266310
Enum: EPlayerSeenEscapeTypeEnum                                - Instance: 0x05266F04
Enum: ERagdollTransitionInstigator                             - Instance: 0x05279250
Enum: ERagdollForceType                                        - Instance: 0x05279CB4
Enum: EBeginEndType                                            - Instance: 0x0528C93C
Enum: ECamNotifyType                                           - Instance: 0x0528CF94
Enum: EFloatControlType                                        - Instance: 0x0528D398
Enum: EFootPassing                                             - Instance: 0x0528DEE0
Enum: EMeetingPointType                                        - Instance: 0x0528FB54
Enum: ERiotPickupType                                          - Instance: 0x05290850
Enum: EBoneOrSocketSource                                      - Instance: 0x05291EF8
Enum: ESwitchType                                              - Instance: 0x05294D04
Enum: ELimbOnOrOff                                             - Instance: 0x052951B0
Enum: EWhipTargetingType                                       - Instance: 0x05295484
Enum: EBlinkSequenceState                                      - Instance: 0x052956B4
Enum: EFloorCorrectionInput                                    - Instance: 0x05295C18
Enum: EArZoneColor                                             - Instance: 0x0529E7F0
Enum: EAttackEdgeSearchState                                   - Instance: 0x0529F088
Enum: EStanceVisType                                           - Instance: 0x052A0068
Enum: EAttackPointSearchState                                  - Instance: 0x052A00D4
Enum: EConvoFlagSource                                         - Instance: 0x052C0D28
Enum: EBatarangCameraRollingDirection                          - Instance: 0x052DA91C
Enum: EBatmobileCannonMode                                     - Instance: 0x0530E878
Enum: EMissileAnimState                                        - Instance: 0x05323248
Enum: ERopeLengthChangeType                                    - Instance: 0x0535DF88
Enum: ERopeEndType                                             - Instance: 0x0535DFF4
Enum: ERopeLengthControlType                                   - Instance: 0x0535E060
Enum: EWinchPullType                                           - Instance: 0x053640B4
Enum: EBlockingType                                            - Instance: 0x0538E3A4
Enum: EMoveToSpeed                                             - Instance: 0x05390358
Enum: ETransitionInInteruptSetting                             - Instance: 0x05391EF4
Enum: EStasisType                                              - Instance: 0x05391F60
Enum: ECornerType                                              - Instance: 0x053A8FE0
Enum: EePathElevation                                          - Instance: 0x053A917C
Enum: ECheckManDown_OverlayState                               - Instance: 0x053B6100
Enum: EeDMDExitReason                                          - Instance: 0x053B8A4C
Enum: EeReviveAnimType                                         - Instance: 0x0540B6E0
Enum: EeThugInWayAnimType                                      - Instance: 0x0540C21C
Enum: EeReviveCasDialogueState                                 - Instance: 0x0540C324
Enum: EeRunToCasType                                           - Instance: 0x0541A820
Enum: EFireState                                               - Instance: 0x0542A2F4
Enum: ENavMeshObstacleQueueType                                - Instance: 0x0544A4B8
Enum: EBatmanCutsceneType                                      - Instance: 0x05466690
Enum: EAvoidType                                               - Instance: 0x0546D060
Enum: EHeliTimeSliceFeature                                    - Instance: 0x05487768
Enum: ENoMoveReason                                            - Instance: 0x0549E210
Enum: EThugState                                               - Instance: 0x054C8070
Enum: EMirrorState                                             - Instance: 0x054E4788
Enum: ECommonPoses                                             - Instance: 0x054E47F4
Enum: EMoveSpeed                                               - Instance: 0x054FF1E0
Enum: EMoveToSpeed_0                                           - Instance: 0x05524150
Enum: EMoveToSpeed_1                                           - Instance: 0x05529AB8
Enum: EIdleStanceName                                          - Instance: 0x05537AC0
Enum: EFireState_0                                             - Instance: 0x055384BC
Enum: EStringUpBones                                           - Instance: 0x0555BE78
Enum: ELoDUpdateMode                                           - Instance: 0x0555DAAC
Enum: EDamageDirectionType                                     - Instance: 0x055614A8
Enum: EObjectUsageType                                         - Instance: 0x055660D8
Enum: EThrownWeaonCounterType                                  - Instance: 0x05573810
Enum: ECamMovementTestResults                                  - Instance: 0x0558EA18
Enum: EMatineeEndedType                                        - Instance: 0x055A4E84
Enum: EPS_PawnTypes                                            - Instance: 0x055B1288
Enum: EHasHeadset                                              - Instance: 0x055B1A80
Enum: ESmashStatus                                             - Instance: 0x055C2748
Enum: EGunType                                                 - Instance: 0x055D5534
Enum: ECollisionShape                                          - Instance: 0x056008C4
Enum: EInitterType                                             - Instance: 0x05601234
Enum: EStateEffectType                                         - Instance: 0x0560133C
Enum: ECapeBoneState                                           - Instance: 0x056013A8
Enum: ECapeBoneSkinningType                                    - Instance: 0x05601414
Enum: ECapeBoneVisibility                                      - Instance: 0x05602580
Enum: ECapeBoundsCalculationType                               - Instance: 0x05610D38
Enum: EAutoForwardType                                         - Instance: 0x056118B8
Enum: EOverstretchHandlingMethod                               - Instance: 0x05611BA8
Enum: ESubChapter                                              - Instance: 0x0562BBC4
Enum: EChaseSearchState                                        - Instance: 0x056470D0
Enum: EFloorPickupType                                         - Instance: 0x056D62F8
Enum: ECancelTakedownStatus                                    - Instance: 0x056D93FC
Enum: ECatchAnimType                                           - Instance: 0x0570FB78
Enum: EBreakoutDir                                             - Instance: 0x05741770
Enum: ENinjaDodgeReason                                        - Instance: 0x05753318
Enum: ENinjaSingleSwordAttackType                              - Instance: 0x05755634
Enum: EVillainJumpType                                         - Instance: 0x057943A8
Enum: ECommandBeaconDialogue                                   - Instance: 0x057C714C
Enum: EeCommandBeaconState                                     - Instance: 0x057C7490
Enum: ECornerState                                             - Instance: 0x057D5ED4
Enum: EReverbPreset                                            - Instance: 0x057D798C
Enum: ESpawnShape                                              - Instance: 0x057EDDF8
Enum: ESpawnGrouping                                           - Instance: 0x057EDE64
Enum: EStartPoints                                             - Instance: 0x057F1830
Enum: EClawClimbDirection                                      - Instance: 0x057F189C
Enum: EClimbPathFailReason                                     - Instance: 0x057F19A4
Enum: EClawClimbStartMode                                      - Instance: 0x057F6EFC
Enum: EDynamicMenuButton                                       - Instance: 0x05831618
Enum: EPopulationType                                          - Instance: 0x05841BE8
Enum: EMostWantedDebugMenuE                                    - Instance: 0x05857858
Enum: EDamageSuppressed                                        - Instance: 0x05860748
Enum: EDebugDestructiblesTickReason                            - Instance: 0x058607B4
Enum: EDebugDestructibleArchetype                              - Instance: 0x058630D0
Enum: EDestructibleWallSide                                    - Instance: 0x0586FB74
Enum: EDisruptableObjectNetworkType                            - Instance: 0x058880D0
Enum: EDisruptableObjectTargetType                             - Instance: 0x058884E4
Enum: EDisruptableObjectDifficulty                             - Instance: 0x0588ABE4
Enum: EHighlightedMaterialType                                 - Instance: 0x0589A9B0
Enum: EFloorPanelStates                                        - Instance: 0x058D23AC
Enum: EeRobotSpawnerState                                      - Instance: 0x058D7F98
Enum: EFireGrappleExtraVectorInfo                              - Instance: 0x058F4148
Enum: EKnightfallState                                         - Instance: 0x05908D88
Enum: EMissionDialogueType                                     - Instance: 0x05908DF4
Enum: EActiveSideStoryEnum                                     - Instance: 0x05909BF0
Enum: EIntelEnabledSideStories                                 - Instance: 0x05909C5C
Enum: EMissionDialogueState                                    - Instance: 0x0590B0B0
Enum: ESideStoryDiscoveryState                                 - Instance: 0x0590B844
Enum: EVisualHudMode                                           - Instance: 0x0591BFD4
Enum: ESpecialTrackingMode                                     - Instance: 0x0591C040
Enum: EFilterModeEvent                                         - Instance: 0x0591C448
Enum: EFlashStates                                             - Instance: 0x0591C630
Enum: EvidenceVisibleState                                     - Instance: 0x05920BA8
Enum: EDevicePostProcessEffects                                - Instance: 0x05920D4C
Enum: EvidenceDisplayState                                     - Instance: 0x05923E40
Enum: EFractureWallSide                                        - Instance: 0x059375FC
Enum: ERigidBodyCollisionResponseType                          - Instance: 0x05937668
Enum: EGadgetWheelState                                        - Instance: 0x05964D20
Enum: EObjectPickupTypes                                       - Instance: 0x0596DC8C
Enum: EWindowTypes                                             - Instance: 0x0596DCF8
Enum: EGangPointCarState                                       - Instance: 0x059746C0
Enum: EtransitionState                                         - Instance: 0x0597E4F8
Enum: EGPopup_Type                                             - Instance: 0x05985500
Enum: EUpgradeItemType                                         - Instance: 0x0598A430
Enum: ERiddleLoadingStatus                                     - Instance: 0x0598A49C
Enum: EAnimatedFadeType                                        - Instance: 0x0598E608
Enum: ESubtitleJustify                                         - Instance: 0x0598E674
Enum: EGE_Type                                                 - Instance: 0x05995084
Enum: EWCLBMode                                                - Instance: 0x05999BEC
Enum: EResonatorAudioEvent                                     - Instance: 0x059BCD98
Enum: EControllerStatusFields                                  - Instance: 0x059BCE04
Enum: ELBMode                                                  - Instance: 0x059C4B04
Enum: EPopUpTypes                                              - Instance: 0x059D80EC
Enum: EKeyBindSourceId                                         - Instance: 0x059DE4BC
Enum: EKeyboardBindTypeId                                      - Instance: 0x059DE528
Enum: EKeyMap                                                  - Instance: 0x059DE594
Enum: EGuardLocationType                                       - Instance: 0x05A20EF0
Enum: EAssignBarkType                                          - Instance: 0x05A2205C
Enum: EDragMovingState                                         - Instance: 0x05A2C2C4
Enum: EBreakableType                                           - Instance: 0x05A2D538
Enum: EHarpoonAttackType                                       - Instance: 0x05A341BC
Enum: EBatclawFireDirections                                   - Instance: 0x05A35B68
Enum: EeHPOIIsland                                             - Instance: 0x05A58540
Enum: ETunnelMeshType                                          - Instance: 0x05A5F7F4
Enum: ERope2LengthChangeEndType                                - Instance: 0x05A6F828
Enum: ERope2EndType                                            - Instance: 0x05A6F894
Enum: ECinematicPriorities                                     - Instance: 0x05A83BF4
Enum: ESurveillanceModes                                       - Instance: 0x05A89038
Enum: EnergySystemStates                                       - Instance: 0x05A8B6D8
Enum: EHeavyCannonCooldownLevel                                - Instance: 0x05A8DC00
Enum: EDetailDisplayType                                       - Instance: 0x05A9A120
Enum: ENpcExtraInfo                                            - Instance: 0x05A9AAE4
Enum: EDownloadProgressPhases                                  - Instance: 0x05A9E188
Enum: EHeavyTankDetails                                        - Instance: 0x05AAE43C
Enum: EHeaderArrayIndices                                      - Instance: 0x05AC2A98
Enum: ETargetsArrayIndices                                     - Instance: 0x05AC2B04
Enum: ECompassArrayIndices                                     - Instance: 0x05AC2B70
Enum: EeIncendiaryGrenadeState                                 - Instance: 0x05ACFCD0
Enum: EGadgetSelectionDirection                                - Instance: 0x05AD77E0
Enum: EStorySlots                                              - Instance: 0x05AFC608
Enum: EMBControlType                                           - Instance: 0x05B03EF8
Enum: EMBImpulseType                                           - Instance: 0x05B0409C
Enum: ECombatLockSides                                         - Instance: 0x05B1302C
Enum: EMagMatObjEmitType                                       - Instance: 0x05B5DAB8
Enum: EMatineeMoveState                                        - Instance: 0x05B5E24C
Enum: EMagAudioDirection                                       - Instance: 0x05B5E354
Enum: EEmergencyStopMode                                       - Instance: 0x05B63D34
Enum: EForceFieldAxis                                          - Instance: 0x05B63DA0
Enum: ETypesOfAppearance                                       - Instance: 0x05B6BCD0
Enum: EMapFilterType                                           - Instance: 0x05B6E324
Enum: EMapMarkerType                                           - Instance: 0x05B6E390
Enum: EMapLabelType                                            - Instance: 0x05B6E3FC
Enum: EMapGroupArea                                            - Instance: 0x05B6E468
Enum: EMapGroupRange                                           - Instance: 0x05B6E4D4
Enum: EMMTFlags                                                - Instance: 0x05B6E540
Enum: ENavActorState                                           - Instance: 0x05B783F8
Enum: EPathStatus                                              - Instance: 0x05B7ADB8
Enum: ENavMeshCollisionSettings                                - Instance: 0x05B882F4
Enum: EMWLeaderboardColumns                                    - Instance: 0x05B9ACF0
Enum: EKismetState                                             - Instance: 0x05B9F168
Enum: ELeftRight                                               - Instance: 0x05BE2388
Enum: EThermalGoggleState                                      - Instance: 0x05BE23F4
Enum: ESkillPointCategories                                    - Instance: 0x05C1569C
Enum: EPercentData                                             - Instance: 0x05C15708
Enum: EGameplayStats                                           - Instance: 0x05C15774
Enum: EPSharedVersion                                          - Instance: 0x05C157E0
Enum: EPhotoMenuSettings                                       - Instance: 0x05C20E50
Enum: EPhotoScannerStates                                      - Instance: 0x05C27940
Enum: EScanningState                                           - Instance: 0x05C279AC
Enum: ECrimeSceneEvidenceEvent                                 - Instance: 0x05C27B70
Enum: EvidenceScanType                                         - Instance: 0x05C311C0
Enum: EChapterNo                                               - Instance: 0x05C45A0C
Enum: EStopPlayerDoingStuff                                    - Instance: 0x05C54518
Enum: ECameraRouteType                                         - Instance: 0x05C55BBC
Enum: EStealthAttackType                                       - Instance: 0x05C59FC0
Enum: EMapKeyType                                              - Instance: 0x05C5A098
Enum: ELowUrgencyOpenWheelStates                               - Instance: 0x05C5A104
Enum: EGroundMovementState                                     - Instance: 0x05C5A238
Enum: EJumpSpaceResult                                         - Instance: 0x05CD3444
Enum: EGlideAttackTargettingType                               - Instance: 0x05D09FDC
Enum: EPCCheckFrame                                            - Instance: 0x05D0A048
Enum: EVehicleCombatMedals                                     - Instance: 0x05D63740
Enum: EKismetBatmanStates                                      - Instance: 0x05D6C584
Enum: EPlayerVoiceCmds                                         - Instance: 0x05D70C10
Enum: EKeyboardBindTypeId_0                                    - Instance: 0x05DD7248
Enum: EInformantType                                           - Instance: 0x05DDC068
Enum: EThreatType                                              - Instance: 0x05DDC0D4
Enum: EVehicleScenarioPlaceholderType                          - Instance: 0x05DDCB60
Enum: EPressurePadType                                         - Instance: 0x05E1BC18
Enum: ERagdollState                                            - Instance: 0x05E25F20
Enum: EAttackApproachDirection                                 - Instance: 0x05E2DF6C
Enum: EEscapeTakedownType                                      - Instance: 0x05E30794
Enum: EWaitForBatmanStages                                     - Instance: 0x05E3E680
Enum: ExcavatorLightTypes                                      - Instance: 0x05E40DA0
Enum: EGrateBoltPosition                                       - Instance: 0x05E4A1A0
Enum: EGrateRemoveType                                         - Instance: 0x05E4A20C
Enum: EBlindedDroneState                                       - Instance: 0x05E59E1C
Enum: ERiddlerCameoOverworldHintRadius                         - Instance: 0x05E6CA38
Enum: ELaneKey                                                 - Instance: 0x05E75A5C
Enum: EUsePavementMode                                         - Instance: 0x05E763EC
Enum: EBotCombatMoveType                                       - Instance: 0x05E864AC
Enum: ELengthChangeType                                        - Instance: 0x05E99E2C
Enum: EControlPointPhysicsType                                 - Instance: 0x05E9A470
Enum: ERopeTestState                                           - Instance: 0x05EA09E4
Enum: ECPProcessResult                                         - Instance: 0x05EA58BC
Enum: ESearchResultType                                        - Instance: 0x05EA6BAC
Enum: EeLightMode                                              - Instance: 0x05EB0A0C
Enum: ESentryGunSearchType                                     - Instance: 0x05EB20EC
Enum: EStartUpType                                             - Instance: 0x05EC9044
Enum: ESAAB_IN_Links                                           - Instance: 0x05ED1614
Enum: ESAAB_OUT_Links                                          - Instance: 0x05ED1680
Enum: ER_ShowInEditor_AudioCombNotify                          - Instance: 0x05ED7510
Enum: EPlaySpeechState                                         - Instance: 0x05EE3EC8
Enum: EDialogueType                                            - Instance: 0x05EE4CE4
Enum: EeSpeechCleanupReason                                    - Instance: 0x05EE4D50
Enum: EeRadioThoughtDialogueType                               - Instance: 0x05EE8BA8
Enum: EeTOCStatus                                              - Instance: 0x05EE9F1C
Enum: EeBMBLUpgradeConvState                                   - Instance: 0x05EEE6FC
Enum: EScreenShakePreMades                                     - Instance: 0x05EF1C40
Enum: ESightCheckResult                                        - Instance: 0x05EF2E40
Enum: ECaseFileDirectorControl                                 - Instance: 0x05EF4C10
Enum: EPawnChatterActivityType                                 - Instance: 0x05EF7800
Enum: EGlobalChatterAvailability                               - Instance: 0x05EF786C
Enum: ECinematicHudType                                        - Instance: 0x05F00710
Enum: EFireCrewEncounterState                                  - Instance: 0x05F14450
Enum: EFireflyEncounterState                                   - Instance: 0x05F17D34
Enum: ERecencyCheckableActions                                 - Instance: 0x05F23E38
Enum: EIntegratedChallengeState                                - Instance: 0x05F2B858
Enum: ESAIBD_IN_Links                                          - Instance: 0x05F2CC4C
Enum: ESATT_OUT_Links                                          - Instance: 0x05F2CCB8
Enum: EObjectiveStyle                                          - Instance: 0x05F3F8FC
Enum: ERiddlerBlockColour                                      - Instance: 0x05F5913C
Enum: ERiddlerBlockStartState                                  - Instance: 0x05F591A8
Enum: EMaxSimultaneousCounterSize                              - Instance: 0x05F61904
Enum: ESCounterSize                                            - Instance: 0x05F6C870
Enum: ESmashablePropChangeType                                 - Instance: 0x05F73C1C
Enum: ESoundMeterVolume                                        - Instance: 0x05F7602C
Enum: EDroneTypes                                              - Instance: 0x05F78058
Enum: EMonth                                                   - Instance: 0x05F810F8
Enum: ESFModeType                                              - Instance: 0x05F82594
Enum: EeVideoTakoverTransitionType                             - Instance: 0x05F84284
Enum: EeVideoTakeoverOriginator                                - Instance: 0x05F842F0
Enum: ETutorialLookAtState                                     - Instance: 0x05F8CF98
Enum: ECrimeSceneCompletionLevel                               - Instance: 0x05FA1130
Enum: EBackscreenAvailability                                  - Instance: 0x05FA1B40
Enum: EDroneResult                                             - Instance: 0x05FA446C
Enum: EHeliAggroState                                          - Instance: 0x05FAABF8
Enum: ETrackVehicleEventOutputLinks                            - Instance: 0x05FC03C8
Enum: EShowcaseCameraMode                                      - Instance: 0x05FC2140
Enum: EShowcaseCameraVantageRequirement                        - Instance: 0x05FC21AC
Enum: ERotationOrTranslation                                   - Instance: 0x05FC7758
Enum: ELimitSpace                                              - Instance: 0x05FC85D4
Enum: EPropKOType                                              - Instance: 0x05FD0260
Enum: ECameraCollisionOption                                   - Instance: 0x05FE2320
Enum: EShimmyDir                                               - Instance: 0x05FEDAAC
Enum: ESwingToVantagePointExtraInfo                            - Instance: 0x05FF0ADC
Enum: EBatclawRopeHandOn                                       - Instance: 0x06018874
Enum: EInterrogationThugReaction                               - Instance: 0x06027A98
Enum: ELineLauncherTakedownFinish                              - Instance: 0x060363D8
Enum: ELineLauncherGrabType                                    - Instance: 0x06036444
Enum: ELineLauncherDismountType                                - Instance: 0x060364B0
Enum: ELineLauncherKickDirection                               - Instance: 0x0603651C
Enum: ELineLauncherMovementResult                              - Instance: 0x06036624
Enum: EAttackApproachDirectionChainTakedownLoopVersion         - Instance: 0x06092C1C
Enum: EAttackApproachObstacle                                  - Instance: 0x060977B8
Enum: ECameraCollisionOption_0                                 - Instance: 0x060B7420
Enum: EThrowTargetPriority                                     - Instance: 0x060EBD48
Enum: ETunnelFunnelType                                        - Instance: 0x061041E8
Enum: EBehaviourWhenEscortsGone                                - Instance: 0x0613D260
Enum: ECarChaseState                                           - Instance: 0x06146018
Enum: ETankSearchPhase                                         - Instance: 0x06148AFC
Enum: EFlyingStrafeBehaviourPhase                              - Instance: 0x0616229C
Enum: ESuicideMode                                             - Instance: 0x0616E704
Enum: EStrafeBehaviourPhase                                    - Instance: 0x06172BAC
Enum: EAPCWeakSpot                                             - Instance: 0x0617CF70
Enum: EVehicleExclusionTypes                                   - Instance: 0x061834C4
Enum: ECommandTankStageBasedDialogue                           - Instance: 0x06195C8C
Enum: EBatmobileDriveMode                                      - Instance: 0x061AE0A0
Enum: ESkidToPositionDir                                       - Instance: 0x061AF484
Enum: EVoiceSynthesiserScreenState                             - Instance: 0x061CC91C
Class: AlertInstance                                           - Instance: 0x040F1860
Class: RActorFactoryStaticMeshDamageable                       - Instance: 0x040F1AD0
Class: RAltitudeVolume                                         - Instance: 0x040F1D40
Class: RAnimNotify_AudioNotify                                 - Instance: 0x040F1FB0
Class: RAnimNotify_DestructibleTakeDamage                      - Instance: 0x040F2220
Class: RAnimNotify_Emote                                       - Instance: 0x040F2490
Class: RAnimNotify_GauntletMovie                               - Instance: 0x040F2700
Class: RAnimNotify_Graffiti                                    - Instance: 0x040F2970
Class: RAnimNotify_IdleConfigOutput                            - Instance: 0x040F2BE0
Class: RAnimNotify_PickupProp                                  - Instance: 0x040F2E50
Class: RAnimNotify_PickupWeapon                                - Instance: 0x040F30C0
Class: RAnimNotify_PlayGadgetAnim                              - Instance: 0x040F3330
Class: RAnimNotify_RadialImpulse                               - Instance: 0x040F35A0
Class: RAnimNotify_Rumble                                      - Instance: 0x040F3810
Class: RAnimNotify_Script                                      - Instance: 0x040F3A80
Class: RAnimNotify_IdleOverlay                                 - Instance: 0x040F3CF0
Class: RAnimNotify_SpawnParticleFX                             - Instance: 0x040EC000
Class: RAnimNotify_StealthTakedownInfo                         - Instance: 0x040EC270
Class: RAnimNotify_StrikeContact                               - Instance: 0x040EC4E0
Class: RAnimNotify_SwitchWeaponBone                            - Instance: 0x040EC750
Class: RApexStaticDestructibleComponent                        - Instance: 0x040EC9C0
Class: RAutoJezNode                                            - Instance: 0x040ECC30
Class: RBarkCharacterDef                                       - Instance: 0x040ECEA0
Class: RBarkConvo                                              - Instance: 0x040ED110
Class: RBarkConvoData_FlagNode                                 - Instance: 0x040ED380
Class: RBarkConvoNode                                          - Instance: 0x040ED5F0
Class: RBarkConvoAction                                        - Instance: 0x040ED860
Class: RBarkConvoAction_SpeechBase                             - Instance: 0x040EDAD0
Class: RBarkConvoAction_AKConversation                         - Instance: 0x040EDD40
Class: RBarkConvoAction_AKDialogue                             - Instance: 0x040EDFB0
Class: RBarkConvoAction_AKMulti                                - Instance: 0x040EE220
Class: RBarkConvoAction_FlaggedDialogue                        - Instance: 0x040EE490
Class: RBarkConvoActionCond                                    - Instance: 0x040EE700
Class: RBarkConvoAction_Cond_Flag                              - Instance: 0x040EE970
Class: RBarkConvoAction_Cond_SpeakerFlag                       - Instance: 0x040EEBE0
Class: RBarkConvoAction_Cond_SpeakerValid                      - Instance: 0x040EEE50
Class: RBarkConvoPawnRef                                       - Instance: 0x040EF0C0
Class: RBarkConvoPawnRef_BestForFlagType                       - Instance: 0x040EF330
Class: RBarkConvoPawnRef_BossPawn                              - Instance: 0x040EF5A0
Class: RBarkConvoPawnRef_Carrier                               - Instance: 0x040EF810
Class: RBarkConvoPawnRef_ClosestForShouting                    - Instance: 0x040EFA80
Class: RBarkConvoPawnRef_ClosestToIndexed                      - Instance: 0x040EFCF0
Class: RBarkConvoPawnRef_DroneController                       - Instance: 0x040E8000
Class: RBarkConvoPawnRef_Indexed                               - Instance: 0x040E8270
Class: RBarkConvoPawnRef_Leader                                - Instance: 0x040E84E0
Class: RBarkConvoPawnRef_Named                                 - Instance: 0x040E8750
Class: RBarkConvoPawnRef_NearestToPrev                         - Instance: 0x040E89C0
Class: RBarkConvoPawnRef_Random                                - Instance: 0x040E8C30
Class: RBarkConvoPawnRef_StealthSuit                           - Instance: 0x040E8EA0
Class: RBarkPillarLookup                                       - Instance: 0x040E9110
Class: RBarkSet                                                - Instance: 0x040E9380
Class: RBatclawPipeCoverBase                                   - Instance: 0x040E95F0
Class: RBMCameraEmitter                                        - Instance: 0x040E9860
Class: RBMCombatPoint                                          - Instance: 0x040E9AD0
Class: RBMCombatPoint_EnvironmentAttackObjectBase              - Instance: 0x040E9D40
Class: RBMCombatPoint_EnvironmentAttackObject                  - Instance: 0x040E9FB0
Class: RBMCombatPoint_EnvironmentWeapon                        - Instance: 0x040EA220
Class: RBMCombatPoint_GunDispenserBase                         - Instance: 0x040EA490
Class: RBMRagdollBoneFollower                                  - Instance: 0x040EA700
Class: RBMScreenShakeModifier                                  - Instance: 0x040EA970
Class: RBMWeapon                                               - Instance: 0x040EABE0
Class: RBMWeaponMelee                                          - Instance: 0x040EAE50
Class: RBMWeaponRanged                                         - Instance: 0x040EB0C0
Class: RBMWeaponRocketLauncherBase                             - Instance: 0x040EB330
Class: RCameraConversationActor                                - Instance: 0x040EB5A0
Class: RCapeContactModificationComponent                       - Instance: 0x040EB810
Class: RCeilingClimbVolume                                     - Instance: 0x040EBA80
Class: RCh0CrowdActorBase                                      - Instance: 0x040EBCF0
Class: RCharacter                                              - Instance: 0x040DC000
Class: RCharacterScaleReferenceBase                            - Instance: 0x040DC270
Class: RCharacterSelect                                        - Instance: 0x040DC4E0
Class: RCheapLightComponent                                    - Instance: 0x040DC750
Class: RCinematicLookAtTarget                                  - Instance: 0x040DC9C0
Class: RCommandBeaconLightsBase                                - Instance: 0x040DCC30
Class: RConfig                                                 - Instance: 0x040DCEA0
Class: RAdditionalContent                                      - Instance: 0x040DD110
Class: RAddContentBatmobile                                    - Instance: 0x040DD380
Class: RAddContentBatmobileMesh                                - Instance: 0x040DD5F0
Class: RAddContentCharacterSelect                              - Instance: 0x040DD860
Class: RAddContentPlayerCharacter                              - Instance: 0x040DDAD0
Class: RAddContentPlayerCharacterMesh                          - Instance: 0x040DDD40
Class: RCharacterBioCue                                        - Instance: 0x040DDFB0
Class: RDoorDefinition                                         - Instance: 0x040DE220
Class: REvidence                                               - Instance: 0x040DE490
Class: RCranePlatformBase                                      - Instance: 0x040DE700
Class: RCrowdAgent                                             - Instance: 0x040DE970
Class: RCrowdAttractor                                         - Instance: 0x040DEBE0
Class: MCrowdAttractor_CrowAttack                              - Instance: 0x040DEE50
Class: MCrowdAttractor_CrowTrail                               - Instance: 0x040DF0C0
Class: RCrowdAttractor_Cone                                    - Instance: 0x040DF330
Class: RCrowdAttractor_Cylinder                                - Instance: 0x040DF5A0
Class: RCrowdManager                                           - Instance: 0x040DF810
Class: RCrowdSequence                                          - Instance: 0x040DFA80
Class: RCrowsBase                                              - Instance: 0x040DFCF0
Class: RDamageType                                             - Instance: 0x040D8000
Class: RDmgType_BatClawSlam                                    - Instance: 0x040D8270
Class: RDmgType_CombatEnvTakedown                              - Instance: 0x040D84E0
Class: RDmgType_CombatTakedown                                 - Instance: 0x040D8750
Class: RDmgType_DualTakedown                                   - Instance: 0x040D89C0
Class: RDmgType_DualPlayClash                                  - Instance: 0x040D8C30
Class: RDmgType_ExplosiveGel                                   - Instance: 0x040D8EA0
Class: RDmgType_IntoThrow                                      - Instance: 0x040D9110
Class: RDmgType_Strike                                         - Instance: 0x040D9380
Class: MDmgType_BMKGunShot                                     - Instance: 0x040D95F0
Class: RDmgType_AerialAttack                                   - Instance: 0x040D9860
Class: RDmgType_AirStrike                                      - Instance: 0x040D9AD0
Class: RDmgType_Barge                                          - Instance: 0x040D9D40
Class: RDmgType_BeatDown                                       - Instance: 0x040D9FB0
Class: RDmgType_BeatDownEnd                                    - Instance: 0x040DA220
Class: RDmgType_Counter                                        - Instance: 0x040DA490
Class: RDmgType_DualStrike                                     - Instance: 0x040DA700
Class: RDmgType_FloorPickup                                    - Instance: 0x040DA970
Class: RDmgType_Redirect                                       - Instance: 0x040DABE0
Class: RDmgType_SimultaneousCounter                            - Instance: 0x040DAE50
Class: RDmgType_StrikeDestructible                             - Instance: 0x040DB0C0
Class: RDmgType_StrikeFloor                                    - Instance: 0x040DB330
Class: RDmgType_Throw                                          - Instance: 0x040DB5A0
Class: RDmgType_Takedown                                       - Instance: 0x040DB810
Class: RDmgType_Takedown_Floor                                 - Instance: 0x040DBA80
Class: RDmgType_TakedownMinigun                                - Instance: 0x040DBCF0
Class: RDmgType_WeaponDestroy                                  - Instance: 0x040D4000
Class: RDmgType_WeaponSnatch                                   - Instance: 0x040D4270
Class: RDebugLabel                                             - Instance: 0x040D44E0
Class: RDeferred_DirectionalLight                              - Instance: 0x040D4750
Class: RDeferred_DirectionalLight_Shadowed                     - Instance: 0x040D49C0
Class: RDisruptableInterface                                   - Instance: 0x040D4C30
Class: RDistributionFloatRain                                  - Instance: 0x040D4EA0
Class: RDistributionFloatNotRain                               - Instance: 0x040D5110
Class: RDistributionVectorRain                                 - Instance: 0x040D5380
Class: RDistributionVectorNotRain                              - Instance: 0x040D55F0
Class: RDynamicMenu                                            - Instance: 0x040D5860
Class: RDebugMenu                                              - Instance: 0x040D5AD0
Class: RElectrifiedFloorPanel                                  - Instance: 0x040D5D40
Class: REndPointMarker                                         - Instance: 0x040D5FB0
Class: RExplosionDetector                                      - Instance: 0x040D6220
Class: RFadeManager                                            - Instance: 0x040D6490
Class: RFireExtinguisherTrapBase                               - Instance: 0x040D6700
Class: RFireflyRoadExclusionVolume                             - Instance: 0x040D6970
Class: RForceFieldVolume                                       - Instance: 0x040D6BE0
Class: RAirshipBobbingForceFieldVolume                         - Instance: 0x040D6E50
Class: RForensicsInvestigator                                  - Instance: 0x040D70C0
Class: RForensicsMoviePlayer                                   - Instance: 0x040D7330
Class: RFullTape                                               - Instance: 0x040D75A0
Class: RGameInfoBase                                           - Instance: 0x040D7810
Class: RGameInfo                                               - Instance: 0x040D7A80
Class: RGIFrontend                                             - Instance: 0x040D7CF0
Class: RGameplayEventsHydra                                    - Instance: 0x040BC000
Class: RGameplayEventsWriter                                   - Instance: 0x040BC270
Class: RGameRI                                                 - Instance: 0x040BC750
Class: RGauntletProjector                                      - Instance: 0x040BC9C0
Class: RHarpoonTriggerBase                                     - Instance: 0x040BCC30
Class: RPickup_InsectCrateBase                                 - Instance: 0x040BCEA0
Class: RHelicopterBase                                         - Instance: 0x040BD110
Class: RHelicopterIntermediateBase                             - Instance: 0x040BD380
Class: RHelicopterPathNode                                     - Instance: 0x040BD5F0
Class: RHelicopterRocketBase                                   - Instance: 0x040BD860
Class: RHelicopterSpotLightComponent                           - Instance: 0x040BDAD0
Class: RHUDBase                                                - Instance: 0x040BDD40
Class: RHUDPrompt                                              - Instance: 0x040BDFB0
Class: RIncendiaryGrenadeCharge_Base                           - Instance: 0x040BE220
Class: RInteractableItem                                       - Instance: 0x040BE490
Class: RBigRedSwitchBase                                       - Instance: 0x040BE700
Class: RHotWireBoxBase                                         - Instance: 0x040BE970
Class: RInterpTrackCameraAdditiveMove                          - Instance: 0x040BEBE0
Class: RInterpTrackCape                                        - Instance: 0x040BEE50
Class: RInterpTrackFaceFXLookAt                                - Instance: 0x040BF0C0
Class: RInterpTrackInstCape                                    - Instance: 0x040BF330
Class: RInterpTrackInstFaceFXLookAt                            - Instance: 0x040BF5A0
Class: RInterpTrackInstVehicleSteering                         - Instance: 0x040BF810
Class: RInterpTrackInstVehicleTurretPitch                      - Instance: 0x040BFA80
Class: RInterpTrackInstVehicleTurretYaw                        - Instance: 0x040BFCF0
Class: RInterpTrackInstVehicleWheelspin                        - Instance: 0x040A0000
Class: RInterpTrackVehicleSteering                             - Instance: 0x040A0270
Class: RInterpTrackVehicleTurretPitch                          - Instance: 0x040A04E0
Class: RInterpTrackVehicleTurretYaw                            - Instance: 0x040A0750
Class: RInterpTrackVehicleWheelspin                            - Instance: 0x040A09C0
Class: RInvestigateStaticMeshActor                             - Instance: 0x040A0C30
Class: RCarriableObjectBase                                    - Instance: 0x040A0EA0
Class: RCarriableObjectBagBase                                 - Instance: 0x040A1110
Class: RJokerSwappableBase                                     - Instance: 0x040A1380
Class: RJokerBillboard                                         - Instance: 0x040A15F0
Class: RJokerSwapMesh                                          - Instance: 0x040A1860
Class: RLightningActor                                         - Instance: 0x040A1AD0
Class: RMap3DRoadComponent                                     - Instance: 0x040A1D40
Class: RMapPlacementMarker                                     - Instance: 0x040A1FB0
Class: RMineBase                                               - Instance: 0x040A2220
Class: RMine_StaticMesh                                        - Instance: 0x040A2490
Class: RVentMineBase                                           - Instance: 0x040A2700
Class: RVantageMineBase                                        - Instance: 0x040A2970
Class: RNavMeshCollisionSettingsVolume                         - Instance: 0x040A2BE0
Class: RNavMeshGoal_SafeCombat                                 - Instance: 0x040A2E50
Class: RObjectiveMarker                                        - Instance: 0x040A30C0
Class: ROceanSMActor                                           - Instance: 0x040A3330
Class: RPersistentDebugData                                    - Instance: 0x040A35A0
Class: RPhysUtil                                               - Instance: 0x040A3810
Class: RPickup_JackInTheBoxBase                                - Instance: 0x040A3A80
Class: RPickup_MiniDroneBase                                   - Instance: 0x040A3CF0
Class: RPickup_ScarecrowBase                                   - Instance: 0x04098000
Class: RPickupBaseBase                                         - Instance: 0x04098270
Class: RPickup_MilitiaShieldBase                               - Instance: 0x040984E0
Class: RPickupBase                                             - Instance: 0x04098750
Class: RPlayerRI                                               - Instance: 0x040989C0
Class: RPointOfInterestInterface                               - Instance: 0x04098C30
Class: RPredatorGunLockerBase                                  - Instance: 0x04098EA0
Class: RPredatorGunLockerAPEXBase                              - Instance: 0x04099110
Class: RRemoteControlBase                                      - Instance: 0x04099380
Class: RRiddleBase                                             - Instance: 0x040995F0
Class: RRiddleSolutionBase                                     - Instance: 0x04099860
Class: RRiddleSolution                                         - Instance: 0x04099AD0
Class: RRiddlerBallBase                                        - Instance: 0x04099D40
Class: RRiotObjectBase                                         - Instance: 0x04099FB0
Class: RSecretInterface                                        - Instance: 0x0409A220
Class: RSecurityLaserDoorBase                                  - Instance: 0x0409A490
Class: RSeqAct_ActivateElectrifiedFloorPanels                  - Instance: 0x0409A700
Class: RSeqAct_AugmentedForensicsBase                          - Instance: 0x0409A970
Class: RSeqAct_AutoJez                                         - Instance: 0x0409ABE0
Class: RSeqAct_BatmobileForensicsSideStory                     - Instance: 0x0409AE50
Class: RSeqAct_BlendOutCinematicProxy                          - Instance: 0x0409B0C0
Class: RSeqAct_CameraShake                                     - Instance: 0x0409B330
Class: RSeqAct_CaseFileControl                                 - Instance: 0x0409B5A0
Class: RSeqAct_CinematicMode                                   - Instance: 0x0409B810
Class: RSeqAct_FadeScreen                                      - Instance: 0x0409BA80
Class: RSeqAct_FadeSound                                       - Instance: 0x0409BCF0
Class: RSeqAct_FlameManagerBase                                - Instance: 0x04074000
Class: RSeqAct_FullScreenPlayer                                - Instance: 0x04074270
Class: RSeqAct_GenerateConversationCueFile                     - Instance: 0x040744E0
Class: RSeqAct_GrappleToVantagePoint                           - Instance: 0x04074750
Class: RSeqAct_HelpText                                        - Instance: 0x040749C0
Class: RSeqAct_HUDTimer                                        - Instance: 0x04074C30
Class: RSeqAct_IntegratedChallengeBase                         - Instance: 0x04074EA0
Class: RSeqAct_LinkCinematicProxyToInGameActor                 - Instance: 0x04075110
Class: RSeqAct_LinkGangPoints                                  - Instance: 0x04075380
Class: RSeqAct_LoadSynopsisTextures                            - Instance: 0x040755F0
Class: RSeqAct_MakeBatmanLookAtItems                           - Instance: 0x04075860
Class: RSeqAct_MatineeSequenceSkipperBase                      - Instance: 0x04075AD0
Class: RSeqAct_ModifyPostProcess                               - Instance: 0x04075D40
Class: RSeqAct_MovePlayer                                      - Instance: 0x04075FB0
Class: RSeqAct_PairGangPoints                                  - Instance: 0x04076220
Class: RSeqAct_PlayCameraEmitter                               - Instance: 0x04076490
Class: RSeqAct_RandomSwitchForGameOver                         - Instance: 0x04076700
Class: RSeqAct_RemoveRopeFromClimbData                         - Instance: 0x04076970
Class: RSeqAct_RestoreBeams                                    - Instance: 0x04076BE0
Class: RSeqAct_RiddlerBlockInitialiser                         - Instance: 0x04076E50
Class: RSeqAct_SaveDataLoaded                                  - Instance: 0x040770C0
Class: RSeqAct_SetMeshInvestigationInfo                        - Instance: 0x04077330
Class: RSeqAct_SetNeedsRescue                                  - Instance: 0x040775A0
Class: RSeqAct_SetPawnsREvidence                               - Instance: 0x04077810
Class: RSeqAct_SetRandomPopulationBase                         - Instance: 0x04077A80
Class: RSeqAct_SetRiotPointActive                              - Instance: 0x04088000
Class: RSeqAct_SetSkelControlStrength                          - Instance: 0x04088270
Class: RSeqAct_SetSnowMultiplier                               - Instance: 0x040884E0
Class: RSeqAct_SetTrackingObjectVars                           - Instance: 0x04088750
Class: RSeqAct_ShowLevelIntroText                              - Instance: 0x040889C0
Class: RSeqAct_SmilexBombClock                                 - Instance: 0x04088C30
Class: RSeqAct_SmoothCameraTransition                          - Instance: 0x04088EA0
Class: RSeqAct_SoundMeterBase                                  - Instance: 0x04089110
Class: RSeqAct_SpawnDroneBase                                  - Instance: 0x04089380
Class: RSeqAct_StreamInConversation                            - Instance: 0x040895F0
Class: RSeqAct_StreamInPackage                                 - Instance: 0x04089860
Class: RSeqAct_StreamoutUnwantedTextures                       - Instance: 0x04089AD0
Class: RSeqAct_SuppressDetectiveModeThroughWalls               - Instance: 0x04089D40
Class: RSeqAct_SwitchOrderChecker                              - Instance: 0x04089FB0
Class: RSeqAct_SwitchPlayerCharacter                           - Instance: 0x0408A220
Class: RSeqAct_WaitForDroneCommentaryToFinish                  - Instance: 0x0408A490
Class: RSeqEvent_DisableChases                                 - Instance: 0x0408A700
Class: RSeqEvent_EvidenceScan                                  - Instance: 0x0408A970
Class: RSeqEvent_FakeTacticianOrder                            - Instance: 0x0408ABE0
Class: RSeqEvent_HelicopterReachNode                           - Instance: 0x0408AE50
Class: RSeqEvent_HitByGadget                                   - Instance: 0x0408B0C0
Class: RSeqEvent_ItemInvestigated                              - Instance: 0x0408B330
Class: RSeqEvent_SideStoriesDisabled                           - Instance: 0x0408B5A0
Class: RSeqVar_SideStoriesDisabledReason                       - Instance: 0x0408B810
Class: RSkeletalMeshActor                                      - Instance: 0x0408BA80
Class: RCinematicActor                                         - Instance: 0x0408BCF0
Class: RCinematicActorSpawnable                                - Instance: 0x04084000
Class: RCinematicCharacter                                     - Instance: 0x04084270
Class: RCinematicPlayerCharacter                               - Instance: 0x040844E0
Class: RCinematicBatmanBase                                    - Instance: 0x04084750
Class: RCinematicVehicle                                       - Instance: 0x040849C0
Class: RCinematicBatmobileBase                                 - Instance: 0x04084C30
Class: RInvestigateSkeletalMeshActor                           - Instance: 0x04084EA0
Class: RMultiCharacterCinematicActor                           - Instance: 0x04085110
Class: RStaticMeshToggleable                                   - Instance: 0x04085380
Class: RSubtitle                                               - Instance: 0x040855F0
Class: RSubtitleLookup                                         - Instance: 0x04085860
Class: RTakeoverVideoScreenBase                                - Instance: 0x04085AD0
Class: RThugMineBase                                           - Instance: 0x04085D40
Class: RTitanCrateBase                                         - Instance: 0x04085FB0
Class: RTrackingObjectBase                                     - Instance: 0x04086220
Class: RTrackingSecurityCameraBase                             - Instance: 0x04086490
Class: RTurretBase                                             - Instance: 0x04086700
Class: RTurret_Stagg                                           - Instance: 0x04086970
Class: RTurret_WatchtowerBase                                  - Instance: 0x04086BE0
Class: RTriggerVolumeSpawnable                                 - Instance: 0x04086E50
Class: RUberSimpleCrowdActorBase                               - Instance: 0x040870C0
Class: RVentChaseCancelVolume                                  - Instance: 0x04087330
Class: RVoiceLockBase                                          - Instance: 0x040875A0
Class: RWeaponImpactEffectVolume                               - Instance: 0x04087810
Class: RXrayInterpActor                                        - Instance: 0x04087A80
Class: RAnimConfig                                             - Instance: 0x04087CF0
Class: RAnimUtil                                               - Instance: 0x04080000
Class: RAimingBoneConfig                                       - Instance: 0x04080270
Class: RDirectionalAnimConfig                                  - Instance: 0x040804E0
Class: RMirrorConfig                                           - Instance: 0x04080750
Class: RPoseConfig                                             - Instance: 0x040809C0
Class: RWeaponConfig                                           - Instance: 0x04080C30
Class: RResolvedDirectionalAnimConfig                          - Instance: 0x04080EA0
Class: RAnimNode_Additive                                      - Instance: 0x04081110
Class: RAnimNode_AnimCapture                                   - Instance: 0x04081380
Class: RAnimNode_Bat                                           - Instance: 0x040815F0
Class: RAnimNode_BlendBonesFromPoses                           - Instance: 0x04081860
Class: RAnimNode_Cape                                          - Instance: 0x04081AD0
Class: RAnimNode_FilterList                                    - Instance: 0x04081D40
Class: RAnimNode_Pose                                          - Instance: 0x04081FB0
Class: RAnimNode_ScalePlayRateToLength                         - Instance: 0x04082220
Class: RAnimNode_VehicleMotionExtraction                       - Instance: 0x04082490
Class: RAnimNotify_AddForce                                    - Instance: 0x04082700
Class: RAnimNotify_BeginEnd                                    - Instance: 0x04082970
Class: RAnimNotify_Clip                                        - Instance: 0x04082BE0
Class: RAnimNotify_ClipRootMotion                              - Instance: 0x04082E50
Class: RAnimNotify_FloorHeight                                 - Instance: 0x040830C0
Class: RAnimNotify_ForwardYaw                                  - Instance: 0x04083330
Class: RAnimNotify_MotionExtractionTranslationXY               - Instance: 0x040835A0
Class: RAnimNotify_RootBoneTranslationOffset                   - Instance: 0x04083810
Class: RAnimNotify_ValidFrames                                 - Instance: 0x04083A80
Class: RAnimNotify_BeginFixGroup                               - Instance: 0x04083CF0
Class: RAnimNotify_BeginRagdoll                                - Instance: 0x0407C000
Class: RAnimNotify_CanCancelAfterHere                          - Instance: 0x0407C270
Class: RAnimNotify_CanCancelBeforeHere                         - Instance: 0x0407C4E0
Class: RAnimNotify_CanCorrectAfterHere                         - Instance: 0x0407C750
Class: RAnimNotify_CollisionOptions                            - Instance: 0x0407C9C0
Class: RAnimNotify_CurveFloat                                  - Instance: 0x0407CC30
Class: RAnimNotify_EndFixGroup                                 - Instance: 0x0407CEA0
Class: RAnimNotify_EndRagdoll                                  - Instance: 0x0407D110
Class: RAnimNotify_FootPassing                                 - Instance: 0x0407D380
Class: RAnimNotify_FootSyncIn                                  - Instance: 0x0407D5F0
Class: RAnimNotify_FootSyncOut                                 - Instance: 0x0407D860
Class: RAnimNotify_MaterialParameter_Scalar                    - Instance: 0x0407DAD0
Class: RAnimNotify_MaterialParameter_Vector                    - Instance: 0x0407DD40
Class: RAnimNotify_MeetingPoint                                - Instance: 0x0407DFB0
Class: RAnimNotify_MotionExtractionOffset                      - Instance: 0x0407E220
Class: RAnimNotify_Taunting                                    - Instance: 0x0407E490
Class: RAnimNotify_WeaponSwitch                                - Instance: 0x0407E700
Class: RAnimNotify_WhipTarget                                  - Instance: 0x0407E970
Class: RAnimUtil_AnimAccumulator                               - Instance: 0x0407EBE0
Class: RAnimUtil_AnimAccumulatorAsyncData                      - Instance: 0x0407EE50
Class: RAnimUtil_FaceFXOutput                                  - Instance: 0x0407F0C0
Class: RAnimUtil_FloorCorrection                               - Instance: 0x0407F330
Class: RAnimUtil_FloorCorrectionGrid                           - Instance: 0x0407F5A0
Class: RAnimUtil_MovementOutput                                - Instance: 0x0407F810
Class: RAnimUtil_MovementPlayer                                - Instance: 0x0407FA80
Class: RAnimUtil_OverlayPlayer                                 - Instance: 0x0407FCF0
Class: RAnimUtil_PhysicsOutput                                 - Instance: 0x04078000
Class: RAnimUtil_PosePlayer                                    - Instance: 0x04078270
Class: RAnimUtil_ShimmyCorrection                              - Instance: 0x040784E0
Class: RMorphNodeAutoSequence                                  - Instance: 0x04078750
Class: RSkelControl_FeedConstraint                             - Instance: 0x040789C0
Class: RSkelControl_LimitConstraint                            - Instance: 0x04078C30
Class: RSkelControl_PositionConstraint                         - Instance: 0x04078EA0
Class: RSkelControlTwoBoneIK                                   - Instance: 0x04079110
Class: RSkelControlWhip                                        - Instance: 0x04079380
Class: RAudioForensicsActorBase                                - Instance: 0x040795F0
Class: RAudioTest                                              - Instance: 0x04079860
Class: RGunShotManager                                         - Instance: 0x04079AD0
Class: RSeqAct_AudioCombatNotify                               - Instance: 0x04079D40
Class: RSeqAct_PositionMusic                                   - Instance: 0x04079FB0
Class: RAffectPlayerVolume                                     - Instance: 0x0407A220
Class: RBotController                                          - Instance: 0x0407A490
Class: RRobinBotController                                     - Instance: 0x0407A700
Class: RSpecialMoveConfig                                      - Instance: 0x0407A970
Class: RSpecialMoveConfig_FireGrapple                          - Instance: 0x0407ABE0
Class: RSpecialMoveConfig_RelativeAnimMove                     - Instance: 0x0407AE50
Class: RSimpleSpecialMoveConfig                                - Instance: 0x0407B0C0
Class: RSpecialMoveConfig_RelativeAnimWithTravelAnim           - Instance: 0x0407B330
Class: RSpecialMoveConfig_RunningRelativeAnimMove              - Instance: 0x0407B5A0
Class: RSpecialMoveConfig_SwingToVantagePoint                  - Instance: 0x0407B810
Class: RSpecialMoveConfigConfigurable                          - Instance: 0x0407BCF0
Class: RCrawlSpaceVolume                                       - Instance: 0x0406C000
Class: RDebugCameraController                                  - Instance: 0x0406C270
Class: REnvironmentSpecialMoveWrapper                          - Instance: 0x0406C4E0
Class: REnvironmentSpecialMoveWrapperFalling                   - Instance: 0x0406C750
Class: RGlideTargetHelper                                      - Instance: 0x0406C9C0
Class: RHudModule                                              - Instance: 0x0406CC30
Class: RHudModuleLocalRadar                                    - Instance: 0x0406CEA0
Class: RLocalLightContainer                                    - Instance: 0x0406D380
Class: RNoAssistedTakedownVolume                               - Instance: 0x0406D5F0
Class: RNoGlideVolume                                          - Instance: 0x0406D860
Class: RPhotoCameraController                                  - Instance: 0x0406DAD0
Class: RPlayerControllerBase                                   - Instance: 0x0406DD40
Class: RPlayerController                                       - Instance: 0x0406DFB0
Class: RPlayerControllerCombat                                 - Instance: 0x0406E220
Class: RPlayerInput                                            - Instance: 0x0406E490
Class: RSeqAct_BatmanState                                     - Instance: 0x0406E700
Class: RSpecialMoveController                                  - Instance: 0x0406E970
Class: RSpecialMoveControllerCW                                - Instance: 0x0406EBE0
Class: RSpecialMoveInstance                                    - Instance: 0x0406EE50
Class: RSpecialMoveInstance_Falling                            - Instance: 0x0406F0C0
Class: RSpecialMoveInstance_FireGrapple                        - Instance: 0x0406F330
Class: RSpecialMoveInstance_HarpoonBase                        - Instance: 0x0406F5A0
Class: RSpecialMoveInstance_HarpoonDragObject                  - Instance: 0x0406F810
Class: RSpecialMoveInstance_HarpoonDragBoatBase                - Instance: 0x0406FA80
Class: RSpecialMoveInstance_HarpoonThug                        - Instance: 0x0406FCF0
Class: RSpecialMoveInstance_Interrogation                      - Instance: 0x04060000
Class: RSpecialMoveInstance_LineLauncher                       - Instance: 0x04060270
Class: RSpecialMoveInstance_OmnitronRemoteControl              - Instance: 0x040604E0
Class: RSpecialMoveInstance_PoseTransition                     - Instance: 0x04060750
Class: RSpecialMoveInstance_Land                               - Instance: 0x040609C0
Class: RSpecialMoveInstance_RelativeAnimMove                   - Instance: 0x04060C30
Class: RSpecialMoveInstance_AerialWhipPounceBase               - Instance: 0x04060EA0
Class: RSpecialMoveInstance_CatchLedge                         - Instance: 0x04061110
Class: RSpecialMoveInstance_GlideWallStick                     - Instance: 0x04061380
Class: RSpecialMoveInstance_RelativeAnimWithAlignment          - Instance: 0x040615F0
Class: RSpecialMoveInstance_PlaceActor                         - Instance: 0x04061860
Class: RSpecialMoveInstance_RelativeAnimWithTravelAnim         - Instance: 0x04061AD0
Class: RSpecialMoveInstance_RunningRelativeAnimMove            - Instance: 0x04061D40
Class: RSpecialMoveInstance_DriveCar                           - Instance: 0x04061FB0
Class: RSpecialMoveInstance_Jump                               - Instance: 0x04062220
Class: RSpecialMoveInstance_Shimmy                             - Instance: 0x04062490
Class: RSpecialMoveInstance_ResonateObject                     - Instance: 0x04062700
Class: RSpecialMoveInstance_SwingToVantagePoint                - Instance: 0x04062970
Class: RSpecialMovieInstance_MinigameBase                      - Instance: 0x04062BE0
Class: RViewPostProcess                                        - Instance: 0x04062E50
Class: RLevelSelectMenu                                        - Instance: 0x040630C0
Class: RPersistentData                                         - Instance: 0x04063330
Class: RPersistentOptions                                      - Instance: 0x040635A0
Class: RPersistentShared                                       - Instance: 0x04063810
Class: RSaveGameManager                                        - Instance: 0x04063A80
Class: RSeqVar_DDAIntValue                                     - Instance: 0x04063CF0
Class: AkAudioBeacon                                           - Instance: 0x0404C000
Class: RAudioFearGasTrackerBase                                - Instance: 0x0404C270
Class: RAudioGlassVolume                                       - Instance: 0x0404C4E0
Class: RFootstepVolume                                         - Instance: 0x0404C750
Class: RSeqAct_AbortVehicleJump                                - Instance: 0x0404C9C0
Class: RSeqAct_AverageFaceFXValue                              - Instance: 0x0404CC30
Class: RSeqAct_DistanceTracker                                 - Instance: 0x0404CEA0
Class: RSeqAct_FakeVehicleStarter                              - Instance: 0x0404D110
Class: RSeqAct_FakeVehicle                                     - Instance: 0x0404D380
Class: RSeqAct_ForceVehicleLand                                - Instance: 0x0404D5F0
Class: RSeqAct_HeavyTankTracker                                - Instance: 0x0404D860
Class: RSeqAct_StartGauntletMovieBase                          - Instance: 0x0404DAD0
Class: RSeqAct_VehicleState                                    - Instance: 0x0404DD40
Class: RNoChatterVolume                                        - Instance: 0x0404DFB0
Class: RSeqAct_ChatterBoxBase                                  - Instance: 0x0404E220
Class: RSeqAct_DisableSurveillance                             - Instance: 0x0404E490
Class: RSeqAct_EnableSurveillance                              - Instance: 0x0404E700
Class: RSeqAct_PlaySpeechBase                                  - Instance: 0x0404E970
Class: RSeqAct_PlayCameraConversation                          - Instance: 0x0404EBE0
Class: RSeqAct_PlayNPCDialogue                                 - Instance: 0x0404EE50
Class: RSeqAct_PlayRadioOrThoughtDialogue                      - Instance: 0x0404F0C0
Class: RSeqAct_BMBLUpgradeConversation                         - Instance: 0x0404F330
Class: RAnimNotify_CapeOpen                                    - Instance: 0x0404F5A0
Class: RAnimNotify_CounterHit                                  - Instance: 0x0404F810
Class: RAnimNotify_JokerHallucination                          - Instance: 0x0404FA80
Class: RAnimNotify_JokerHallucinationSpawn                     - Instance: 0x0404FCF0
Class: RAnimNotify_SimultaneousCounterHit                      - Instance: 0x04024000
Class: RAnimNotify_Takedown                                    - Instance: 0x04024270
Class: RAnimNotify_TakedownCamera                              - Instance: 0x040244E0
Class: RAnimNotify_Throw                                       - Instance: 0x04024750
Class: RAnimNotify_TouchWire                                   - Instance: 0x040249C0
Class: RAnimNotify_WeaponDestroy                               - Instance: 0x04024C30
Class: RAnimNotify_WeaponSnatch                                - Instance: 0x04024EA0
Class: RAlternateAnimationAndWeaponConfig                      - Instance: 0x04025110
Class: RBatmanDamageState                                      - Instance: 0x04025380
Class: RPawnPlayerConfig                                       - Instance: 0x040255F0
Class: REnvironmentCheckTicker                                 - Instance: 0x04025860
Class: RMissingWallGrateAIMarker                               - Instance: 0x04025AD0
Class: ROverworldPopulationVolume                              - Instance: 0x04025D40
Class: RPawn                                                   - Instance: 0x04025FB0
Class: RPawnCharacter                                          - Instance: 0x04026220
Class: RPawnCombat                                             - Instance: 0x04026490
Class: RBMPawnAIAnim                                           - Instance: 0x04026700
Class: RBMPawnAI                                               - Instance: 0x04026970
Class: RPawnCrowd                                              - Instance: 0x04026BE0
Class: RPawnSpeech                                             - Instance: 0x04026E50
Class: RPawnFriendly                                           - Instance: 0x040270C0
Class: RPawnFriendly_FireCrew                                  - Instance: 0x04027330
Class: RPawnJokerHallucination                                 - Instance: 0x040275A0
Class: RPawnManBatBase                                         - Instance: 0x04027810
Class: RPawnVillain                                            - Instance: 0x04027A80
Class: MPawnScarecrowBase                                      - Instance: 0x04027CF0
Class: RPawnBossFireflyBase                                    - Instance: 0x04018000
Class: RPawnVillainCombat                                      - Instance: 0x04018270
Class: RPawnVillainThug                                        - Instance: 0x040184E0
Class: RPawnJokerHallucinationThug                             - Instance: 0x04018750
Class: RPawnVillainRiddlerMechSuitBase                         - Instance: 0x040189C0
Class: RPawnVillainThugFakeDeath                               - Instance: 0x04018C30
Class: RPawnVillainGunBase                                     - Instance: 0x04018EA0
Class: RPawnVillainMultiStageBase                              - Instance: 0x04019110
Class: RPawnVillainNinjaBase                                   - Instance: 0x04019380
Class: RPawnPlayerAnim                                         - Instance: 0x040195F0
Class: RPawnPlayerCombat                                       - Instance: 0x04019860
Class: RPawnPlayerSpeech                                       - Instance: 0x04019AD0
Class: RPawnPlayer                                             - Instance: 0x04019D40
Class: MPawnPlayerRedHoodBase                                  - Instance: 0x04019FB0
Class: RPawnPlayerBmBase                                       - Instance: 0x0401A220
Class: MPawnPlayerBatgirlBase                                  - Instance: 0x0401A490
Class: RPawnPlayerCatwomanBase                                 - Instance: 0x0401A700
Class: MPawnPlayerHarleyQuinnBase                              - Instance: 0x0401A970
Class: RPawnPlayerNightwingBase                                - Instance: 0x0401ABE0
Class: RPawnPlayerFPS                                          - Instance: 0x0401AE50
Class: RPawnEffectComponent                                    - Instance: 0x0401B0C0
Class: RFreezeBlastEffectComponent                             - Instance: 0x0401B330
Class: RParticleEffectComponent                                - Instance: 0x0401B5A0
Class: RRagdollProcessor                                       - Instance: 0x0401B810
Class: RRiotPointHolder                                        - Instance: 0x0401BA80
Class: RSeqAct_JokerRooftopControllerBase                      - Instance: 0x0401BCF0
Class: RSeqAct_UpdateBatmanDamageLevel                         - Instance: 0x04010000
Class: RSeqAct_UpdateBatmobileDamageLevel                      - Instance: 0x04010270
Class: RSeqEvent_KilledByElectricFloor                         - Instance: 0x040104E0
Class: RSeqEvent_ShotByRedhood                                 - Instance: 0x04010750
Class: RSeqEvent_TakedownFromCorner                            - Instance: 0x040109C0
Class: RSeqEvent_TakenDownDirectlyFromGrate                    - Instance: 0x04010C30
Class: RSeqEvent_TakenDownFromGrate                            - Instance: 0x04010EA0
Class: RSeqEvent_TakenDownThroughGlass                         - Instance: 0x04011110
Class: RSpotableInterface                                      - Instance: 0x04011380
Class: RAnimNotify_VillainAttack                               - Instance: 0x040115F0
Class: RBMCombatCollisionProxy                                 - Instance: 0x04011860
Class: RBMCombatDamageProxy                                    - Instance: 0x04011AD0
Class: RBMCombatDestructibleDamageProxy                        - Instance: 0x04011D40
Class: RBMCombatThrownObject                                   - Instance: 0x04011FB0
Class: RCombatArea                                             - Instance: 0x04012220
Class: RCombatAttractor                                        - Instance: 0x04012490
Class: RCombatMove                                             - Instance: 0x04012700
Class: RCombatMove_BatmanAttack                                - Instance: 0x04012970
Class: RCombatMove_BatmanWeaponAttack                          - Instance: 0x04012BE0
Class: RCombatMove_BatmanCounter                               - Instance: 0x04012E50
Class: MCombatMove_RedhoodCounterBlackMask                     - Instance: 0x040130C0
Class: RCombatMove_BatmanStrike                                - Instance: 0x04013330
Class: RCombatMove_BatmanAirStrike                             - Instance: 0x040135A0
Class: RCombatMove_BatmanBeatdown                              - Instance: 0x04013810
Class: RCombatMove_BatmanStunStrike                            - Instance: 0x04013A80
Class: RCombatMove_PlayerSpecial                               - Instance: 0x04013CF0
Class: RCombatMove_BatmanGroupFloorTakedown                    - Instance: 0x03144000
Class: RCombatMove_BatmanGroupStun                             - Instance: 0x03144270
Class: RCombatMove_CatwomanGroupAttack                         - Instance: 0x031444E0
Class: RCombatMove_CatwomanGroupTrip                           - Instance: 0x03144750
Class: RCombatMove_VillainAttack                               - Instance: 0x031449C0
Class: RCombatMove_VillainCloseAttack                          - Instance: 0x03144C30
Class: RDualplayZone                                           - Instance: 0x03144EA0
Class: RSeqAct_CombatProgress                                  - Instance: 0x03145110
Class: RSeqAct_SpawnCombatWeapon                               - Instance: 0x03145380
Class: RAIBrain                                                - Instance: 0x031455F0
Class: RAlertEventCoordinatorBase                              - Instance: 0x03145860
Class: MAEC_AttractEnemiesWithSound                            - Instance: 0x03145AD0
Class: RAlertEventCoordinatorSolo                              - Instance: 0x03145D40
Class: RAEC_Attack_Sub_Converge                                - Instance: 0x03145FB0
Class: RAEC_DisruptedJammerReaction_Solo                       - Instance: 0x03146220
Class: RAttackEdgeSearch                                       - Instance: 0x03146490
Class: RAttackPointSearch                                      - Instance: 0x03146700
Class: RBarkCharacterDefInstance                               - Instance: 0x03146970
Class: RBarkFlagBase                                           - Instance: 0x03146BE0
Class: RBarkGroupContext                                       - Instance: 0x03146E50
Class: RBarkValDef                                             - Instance: 0x031470C0
Class: RBMAIAction                                             - Instance: 0x03147330
Class: RBMAIController                                         - Instance: 0x031475A0
Class: RBMAIManager                                            - Instance: 0x03147810
Class: RBMBarkCoordinator                                      - Instance: 0x03147A80
Class: RBMBehaviour                                            - Instance: 0x03147CF0
Class: MBMBehaviour_ScarecrowBase                              - Instance: 0x03148270
Class: RBMBehaviour_ActionQueue                                - Instance: 0x03148750
Class: RBMBehaviour_MoveToBase                                 - Instance: 0x03148C30
Class: RBM2Behaviour_IdleConfig                                - Instance: 0x03148EA0
Class: RBMBehaviour_FriendlyPatrolNavMesh                      - Instance: 0x03149110
Class: RBMBehaviour_GangMovementBaseBase                       - Instance: 0x03149380
Class: RBMBehaviour_AvoidanceRunAway                           - Instance: 0x031495F0
Class: RBMBehaviour_Wanderers                                  - Instance: 0x03149860
Class: RBMBehaviour_MoveTo                                     - Instance: 0x03149AD0
Class: RBMBehaviour_AttachToEvents                             - Instance: 0x03149D40
Class: RBMBehaviour_Controlled                                 - Instance: 0x0314A220
Class: RBMBehaviour_Combat                                     - Instance: 0x0314A700
Class: RBMBehaviour_CombatAI                                   - Instance: 0x0314A970
Class: RBMBehaviour_CombatHeavyObject                          - Instance: 0x0314ABE0
Class: RBMBehaviour_CombatJokerBoxer                           - Instance: 0x0314AE50
Class: RBMBehaviour_CombatCroc                                 - Instance: 0x0314B0C0
Class: RBMBehaviour_CombatLieutenant                           - Instance: 0x0314B330
Class: RBMBehaviour_CombatMultiStage                           - Instance: 0x0314B5A0
Class: RBMBehaviour_CombatNinja                                - Instance: 0x0314B810
Class: RBMBehaviour_CombatPygBase                              - Instance: 0x0314BA80
Class: RBMBehaviour_CombatRiddlerMechSuitBase                  - Instance: 0x0314BCF0
Class: RBMBehaviour_CombatRifle                                - Instance: 0x03178000
Class: RBMBehaviour_CombatSmashable                            - Instance: 0x03178270
Class: RBMBehaviour_CombatStunStick                            - Instance: 0x031784E0
Class: RBMBehaviour_Conversation                               - Instance: 0x03178750
Class: RBMBehaviour_MatineeControlled                          - Instance: 0x03178C30
Class: RBMBehaviour_DiveAwayFromCar                            - Instance: 0x03179110
Class: RBMBehaviour_HitReaction                                - Instance: 0x03179380
Class: RBMBehaviour_BatClawed                                  - Instance: 0x031795F0
Class: RBMBehaviour_JokerSingingBase                           - Instance: 0x03179860
Class: RBMBehaviour_MultiPositionalTalkingBase                 - Instance: 0x03179D40
Class: RBMBehaviour_Ragdoll                                    - Instance: 0x03179FB0
Class: RBMBehaviour_Sniper                                     - Instance: 0x0317A220
Class: RBMBehaviourAutoStringUp                                - Instance: 0x0317A490
Class: RBMCombatManager                                        - Instance: 0x0317A700
Class: RBMExitCondition                                        - Instance: 0x0317A970
Class: RBMExitCondition_Timer                                  - Instance: 0x0317ABE0
Class: RBMExitConditionCombiner                                - Instance: 0x0317AE50
Class: RBmPawnSpawner                                          - Instance: 0x0317B0C0
Class: RBmPawnSpawner_RobotBase                                - Instance: 0x0317B330
Class: RBMPawnSpawnerController                                - Instance: 0x0317B5A0
Class: RBMRoomAIState                                          - Instance: 0x0317B810
Class: RBMSeqEvent_BehaviourRoot                               - Instance: 0x0317BCF0
Class: RBMSeqEvent_WanderPointActivated                        - Instance: 0x0317BA80
Class: RBMWaveController                                       - Instance: 0x03074000
Class: RCheckpointWaveController                               - Instance: 0x03074270
Class: RBMWeaponStunStickBase                                  - Instance: 0x030744E0
Class: RCharacterRandom                                        - Instance: 0x03074750
Class: RChasePoint                                             - Instance: 0x030749C0
Class: RCheckpointBlockadeBase                                 - Instance: 0x03074C30
Class: RCombatMove_VillainSimultaneousAttack                   - Instance: 0x03074EA0
Class: RBM2IdleConfig                                          - Instance: 0x03075110
Class: RCharacterDefine                                        - Instance: 0x03075380
Class: RCityBlockThreatAsset                                   - Instance: 0x03075860
Class: RThreatBaseAsset                                        - Instance: 0x03075AD0
Class: RAerialDroneAsset                                       - Instance: 0x03075D40
Class: RBeaconAsset                                            - Instance: 0x03075FB0
Class: RCheckpointAsset                                        - Instance: 0x03076220
Class: RWatchtowerAsset                                        - Instance: 0x03076490
Class: RCrowdTrigger                                           - Instance: 0x03076700
Class: RDeadBody                                               - Instance: 0x03076970
Class: RDeadBodyDLC                                            - Instance: 0x03076BE0
Class: RDeadBodyExtra                                          - Instance: 0x03076E50
Class: RDestructibleProp                                       - Instance: 0x03077330
Class: RJokerManequin                                          - Instance: 0x030770C0
Class: RDialogueLocationVolume                                 - Instance: 0x030775A0
Class: RDifficultyOverrideVolume                               - Instance: 0x03077810
Class: RDummyTarget                                            - Instance: 0x03077CF0
Class: RJokerHallucinationPointBase                            - Instance: 0x03077A80
Class: RJokerIncidentalPoint                                   - Instance: 0x0306C000
Class: RJokerRooftopPointBase                                  - Instance: 0x0306C270
Class: RStartlePoint                                           - Instance: 0x0306C4E0
Class: RTwoFaceThugSpawn                                       - Instance: 0x0306C750
Class: RExitPoints                                             - Instance: 0x0306C9C0
Class: RFleePoint                                              - Instance: 0x0306CC30
Class: RGroupAssignmentPicker                                  - Instance: 0x0306CEA0
Class: RGuardPoint                                             - Instance: 0x0306D110
Class: RGuardVolume                                            - Instance: 0x0306D380
Class: RInfinitePredatorSpawner                                - Instance: 0x0306D5F0
Class: RJokerHallucinationFrequencyController                  - Instance: 0x0306D860
Class: RJokerTannoy                                            - Instance: 0x0306DAD0
Class: RManBatAppearanceController                             - Instance: 0x0306DD40
Class: RMultiDestGoalData                                      - Instance: 0x0306DFB0
Class: RNavigationActor                                        - Instance: 0x0306E220
Class: RNavigationHandle                                       - Instance: 0x0306E490
Class: RNavigationManager                                      - Instance: 0x0306E700
Class: RNavigationObstacleInterface                            - Instance: 0x0306E970
Class: RNavMeshGoal_MultiDest                                  - Instance: 0x0306EBE0
Class: RNavMeshGoal_WithinVolume                               - Instance: 0x0306EE50
Class: RNavMeshObstacle_Queue                                  - Instance: 0x0306F0C0
Class: RSentryGunBase                                          - Instance: 0x0306F330
Class: RNavMeshPath_AvoidBlockedPolys                          - Instance: 0x0306F5A0
Class: RNavMeshPath_AvoidPathObjects                           - Instance: 0x0306F810
Class: RNavMeshPath_AvoidPlayers                               - Instance: 0x0306FA80
Class: RNavMeshPath_ChaseLocations                             - Instance: 0x0306FCF0
Class: RNavMeshPath_ExitPoints                                 - Instance: 0x0313C000
Class: RNavMeshPath_WithinVolume                               - Instance: 0x0313C270
Class: RNinjaSpawnPointBase                                    - Instance: 0x0313C4E0
Class: RPawnCrowdRagdoll                                       - Instance: 0x0313C750
Class: RPawnPool                                               - Instance: 0x0313C9C0
Class: RPlaceableCombatDroppedWeapon                           - Instance: 0x0313CC30
Class: RPopulationManager                                      - Instance: 0x0313CEA0
Class: RPredatorVolume                                         - Instance: 0x0313D110
Class: RPredBombablePlantBase                                  - Instance: 0x0313D380
Class: RRedHoodExcavatorBase                                   - Instance: 0x0313D5F0
Class: RRiotBrain                                              - Instance: 0x0313D860
Class: RSearchRoutingWrapper                                   - Instance: 0x0313DAD0
Class: RSearchTreeFinder                                       - Instance: 0x0313DD40
Class: RChaseLocationSearch                                    - Instance: 0x0313DFB0
Class: RSentryGunLightsBase                                    - Instance: 0x0313E220
Class: RSeqAct_ActivateBombThugRiots                           - Instance: 0x0313E490
Class: RSeqAct_CombatSpawnerBase                               - Instance: 0x0313E700
Class: RNPCCrowdSpawner                                        - Instance: 0x0313E970
Class: RSeqAct_InfiniteCombatSpawnerBase                       - Instance: 0x0313EBE0
Class: RSeqAct_OverworldSpawnerBase                            - Instance: 0x0313EE50
Class: RSeqAct_TwoFaceLairThugSpawnerBase                      - Instance: 0x0313F0C0
Class: RSeqAct_ElecFloorRobotSpawnManagerBase                  - Instance: 0x0313F330
Class: RSeqAct_JokerHallucinationControllerBase                - Instance: 0x0313F5A0
Class: RSeqAct_SetJokerStartupOptions                          - Instance: 0x0313F810
Class: RSeqEvent_HealthDroppedBelow                            - Instance: 0x0313FA80
Class: RSeqEvent_StartInterrogation                            - Instance: 0x0313FCF0
Class: RSeqEvent_ThreatLevelChanged                            - Instance: 0x02E4C000
Class: RSeqVar_IdleConfigAim                                   - Instance: 0x02E4C270
Class: RSeqVar_NamedPawn                                       - Instance: 0x02E4C4E0
Class: RSniperPoint                                            - Instance: 0x02E4C750
Class: RSniperPointRenderingComponent                          - Instance: 0x02E4C9C0
Class: RSpawnCharacterDefines                                  - Instance: 0x02E4CC30
Class: RSpecialMoveInstance_BatmobileInterrogationBase         - Instance: 0x02E4CEA0
Class: RThugEatingPlantBase                                    - Instance: 0x02E4D110
Class: RTurnAwayGlidingPlayerCylinder                          - Instance: 0x02E4D380
Class: RUninformedSearchSuppressionVolume                      - Instance: 0x02E4D5F0
Class: RWanderPoint                                            - Instance: 0x02E4D860
Class: RWeaponPool                                             - Instance: 0x02E4DAD0
Class: TannoyVoiceSynthActor                                   - Instance: 0x02E4DD40
Class: RAnimationCapture                                       - Instance: 0x02E4DFB0
Class: RBMIncapacitatedPawnCounter                             - Instance: 0x02E4E220
Class: RBMSeqEvent_BMSpotted                                   - Instance: 0x02E4E490
Class: RBMSeqEvent_ControllerActivated                         - Instance: 0x02E4E700
Class: RSeqAct_ActiveCombatantChecker                          - Instance: 0x02E4E970
Class: RSeqAct_AddRemoveApexClothCollision                     - Instance: 0x02E4EBE0
Class: RSeqAct_AddRemoveMobileObjective                        - Instance: 0x02E4EE50
Class: RSeqAct_AirshipBobbingBase                              - Instance: 0x02E4F0C0
Class: RSeqAct_BankDoorControl                                 - Instance: 0x02E4F5A0
Class: RSeqAct_BoolCounter                                     - Instance: 0x02E4F810
Class: RSeqAct_CheckPlayerHealth                               - Instance: 0x02E4FA80
Class: RSeqAct_DistributeAcrossFrames                          - Instance: 0x02E4FCF0
Class: RSeqAct_EventSequence                                   - Instance: 0x03114000
Class: RSeqAct_GetNumPawnsInVolume                             - Instance: 0x03114270
Class: RSeqAct_GetRangedValue                                  - Instance: 0x031144E0
Class: RSeqAct_InterpolateFloat                                - Instance: 0x03114750
Class: RSeqAct_IntThresholdChecker                             - Instance: 0x031149C0
Class: RSeqAct_OverrideApexClothMaxDistanceScale               - Instance: 0x03114C30
Class: RSeqAct_OverrideApexClothSimulationEnabled              - Instance: 0x03114EA0
Class: RSeqAct_OverrideApexClothTeleport                       - Instance: 0x03115110
Class: RSeqAct_OverrideRFlapsBlendWeight                       - Instance: 0x03115380
Class: RSeqAct_ReformDestructibleProp                          - Instance: 0x031155F0
Class: RSeqAct_SetWindVolumeProperties                         - Instance: 0x03115860
Class: RSeqAct_SpawnerBase                                     - Instance: 0x03115AD0
Class: RSeqAct_StopPlayerUsingGadgets                          - Instance: 0x03115D40
Class: RSeqAct_SwitchDate                                      - Instance: 0x03115FB0
Class: RSeqAct_SwitchYear                                      - Instance: 0x03116220
Class: RSeqAct_TutorialLookAt                                  - Instance: 0x03116490
Class: RSeqAct_WaitForAllInputs                                - Instance: 0x03116700
Class: RSeqAct_WaitForBool                                     - Instance: 0x03116970
Class: RSeqCond_VisibleLastFrame                               - Instance: 0x03116BE0
Class: RSeqEvent_OverridePlayerClimb                           - Instance: 0x03116E50
Class: RSeqEvent_PlayerDied                                    - Instance: 0x031170C0
Class: RSeqEvent_RopeCut                                       - Instance: 0x03117330
Class: RSeqEvent_Smashed                                       - Instance: 0x031175A0
Class: RSeqEvt_TrackVehicle                                    - Instance: 0x03117810
Class: RSeqVar_GlideDistance                                   - Instance: 0x03117A80
Class: RSeqVar_GrappleBoostAmount                              - Instance: 0x03117CF0
Class: RSeqVar_RandomVector                                    - Instance: 0x030FC000
Class: RSeqVar_SpecificPlayerChar                              - Instance: 0x030FC270
Class: RTriggerVolumeMissionBased                              - Instance: 0x030FC4E0
Class: RFlagManager                                            - Instance: 0x030FC750
Class: RSeqAct_SetBoolEx                                       - Instance: 0x030FC9C0
Class: RSeqAct_SetChapter                                      - Instance: 0x030FCC30
Class: RSeqAct_SwitchFlags                                     - Instance: 0x030FCEA0
Class: RSeqVar_GlobalFlag                                      - Instance: 0x030FD110
Class: RSeqVar_GlobalInt                                       - Instance: 0x030FD380
Class: RDistributionVectorParticleArrayParameter               - Instance: 0x030FD5F0
Class: RParticleKillVolume                                     - Instance: 0x030FD860
Class: RParticleModuleKillInVolume                             - Instance: 0x030FDAD0
Class: RParticleModuleOnDeathBase                              - Instance: 0x030FDD40
Class: RParticleModuleSpawnOnDeath                             - Instance: 0x030FDFB0
Class: RParticleModuleWaitForDeath                             - Instance: 0x030FE220
Class: RRotateActor                                            - Instance: 0x030FE490
Class: RBMScout                                                - Instance: 0x030FE700
Class: RChallengeWallBase                                      - Instance: 0x030FE970
Class: RCornerPointBase                                        - Instance: 0x030FEBE0
Class: RCornerWallMarkerBase                                   - Instance: 0x030FEE50
Class: RCornerWallMarker                                       - Instance: 0x030FF0C0
Class: RCurvedFencePoint                                       - Instance: 0x030FF330
Class: RCurvedFencePointRenderingComponent                     - Instance: 0x030FF5A0
Class: RLedgeLookDangerAreaInfo                                - Instance: 0x030FF810
Class: RLedgeLookDangerAreaInfo_AutoGen                        - Instance: 0x030FFA80
Class: RPathNode                                               - Instance: 0x030FFCF0
Class: RBMPathNode_SpecialMove                                 - Instance: 0x03070000
Class: RBMPathNode_Ladder                                      - Instance: 0x03070270
Class: RBMPathNode_VariablePositionTraverse                    - Instance: 0x030704E0
Class: RBMPathNode_128Step                                     - Instance: 0x03070750
Class: RBMPathNode_FenceJump                                   - Instance: 0x030709C0
Class: RBMPathNode_GapJump                                     - Instance: 0x03070C30
Class: RBMPathNode_WallClimb                                   - Instance: 0x03070EA0
Class: RBMPathNode_VariablePositionTraverseProxy               - Instance: 0x03071110
Class: RBMPathNode_FenceJumpProxy                              - Instance: 0x03071380
Class: RBMPathNode_GapJumpProxy                                - Instance: 0x030715F0
Class: RPathNode_DynamicFractureWall                           - Instance: 0x03071860
Class: RPredatorSpecialMovePointBase                           - Instance: 0x03071AD0
Class: RReachSpec                                              - Instance: 0x03071D40
Class: RBMSpecialMove_ReachSpec                                - Instance: 0x03071FB0
Class: RForcedReachSpec                                        - Instance: 0x03072220
Class: RThugMineablePointBase                                  - Instance: 0x03072490
Class: RThugMineablePointFloor                                 - Instance: 0x03072700
Class: RThugMineablePointWall                                  - Instance: 0x03072970
Class: MHackSubroutineContext                                  - Instance: 0x03072BE0
Class: RGadgetSelect                                           - Instance: 0x03072E50
Class: RInventoryGadget                                        - Instance: 0x030730C0
Class: MHackingGadgetBase                                      - Instance: 0x03073330
Class: MJackInBoxBase                                          - Instance: 0x030735A0
Class: MThrowGadgetBase                                        - Instance: 0x03073810
Class: RBatarang                                               - Instance: 0x03073A80
Class: RBatmobileRemote                                        - Instance: 0x03073CF0
Class: RBlowDartBase                                           - Instance: 0x03134000
Class: RDisruptorSniper                                        - Instance: 0x03134270
Class: RGrappleGun                                             - Instance: 0x031344E0
Class: MHarleyGrappleGunBase                                   - Instance: 0x03134750
Class: RCwGrappleGunBase                                       - Instance: 0x031349C0
Class: RHarpoonGun                                             - Instance: 0x03134C30
Class: RJammerGadget                                           - Instance: 0x03134EA0
Class: RJokerGunGadgetBase                                     - Instance: 0x03135110
Class: RLineLauncher                                           - Instance: 0x03135380
Class: RMagneticBlast                                          - Instance: 0x031355F0
Class: RNavMeshInspector                                       - Instance: 0x03135860
Class: RNavMeshInspector_Editor                                - Instance: 0x03135AD0
Class: RPhysicsGrabber                                         - Instance: 0x03135D40
Class: RProjectileGadgetBase                                   - Instance: 0x03135FB0
Class: MSnareTrap                                              - Instance: 0x03136220
Class: RFreezeClusterGrenade                                   - Instance: 0x03136490
Class: RGooSpray                                               - Instance: 0x03136700
Class: RResonatorTuner                                         - Instance: 0x03136970
Class: RRHD                                                    - Instance: 0x03136BE0
Class: RStaffBase                                              - Instance: 0x03136E50
Class: RSticksGadgetBase                                       - Instance: 0x031370C0
Class: RSwordRasBase                                           - Instance: 0x03137330
Class: RVoiceSynthesiser                                       - Instance: 0x031375A0
Class: RWhipBase                                               - Instance: 0x03137810
Class: RInventoryManager                                       - Instance: 0x03137A80
Class: RLineLauncherGuidingVolume                              - Instance: 0x03137CF0
Class: RLineLauncherRescueVolume                               - Instance: 0x03198000
Class: RMagneticBlastVolume                                    - Instance: 0x03198270
Class: RMagneticDynamicObjectSkeletalBase                      - Instance: 0x031984E0
Class: RMagneticMatineeObject                                  - Instance: 0x03198750
Class: RMagneticObjectForceField                               - Instance: 0x031989C0
Class: RMagneticSurfaceSMBase                                  - Instance: 0x03198C30
Class: RPhotoScanner                                           - Instance: 0x03198EA0
Class: RProjectile                                             - Instance: 0x03199110
Class: RBatarangProjectile                                     - Instance: 0x03199380
Class: RBatarangProjectile_Controllable                        - Instance: 0x031995F0
Class: RBatDistractProjectile                                  - Instance: 0x03199860
Class: RGadgetProjectileBase                                   - Instance: 0x03199AD0
Class: MSnareTrapProjectile                                    - Instance: 0x03199D40
Class: MStickyConcussionGrenadeProjectile                      - Instance: 0x03199FB0
Class: RExplosiveGelBomb                                       - Instance: 0x0319A220
Class: RFreezeGrenadeCommonProjectile                          - Instance: 0x0319A490
Class: RFreezeClusterGrenadeProjectile                         - Instance: 0x0319A700
Class: RFreezeSprayProjectile                                  - Instance: 0x0319A970
Class: RMagneticBlastReceiver                                  - Instance: 0x0319ABE0
Class: RMortarProjectile                                       - Instance: 0x0319AE50
Class: RProjectileWithRope                                     - Instance: 0x0319B0C0
Class: RHarpoonProjectile                                      - Instance: 0x0319B330
Class: RThugTrap                                               - Instance: 0x0319B5A0
Class: MJackInBoxTrapBase                                      - Instance: 0x0319B810
Class: RCwCaltropsTrapBase                                     - Instance: 0x0319BA80
Class: RExplosiveGooMine                                       - Instance: 0x0319BCF0
Class: RFreezeClusterTrapBase                                  - Instance: 0x0317C000
Class: RBunkerDoorVillainBlocker                               - Instance: 0x0317C270
Class: RLevelTransition                                        - Instance: 0x0317C4E0
Class: RLevelTransitionDoorBunkerNativeBase                    - Instance: 0x0317C750
Class: RLevelTransitionP                                       - Instance: 0x0317C9C0
Class: RLevelTransitionDoorBase                                - Instance: 0x0317CC30
Class: RLevelTransitionPath                                    - Instance: 0x0317CEA0
Class: RLevelTransitionUpperBuilding                           - Instance: 0x0317D110
Class: RLevelTransitionPathComponent                           - Instance: 0x0317D380
Class: RLevelTransitionRenderingComponent                      - Instance: 0x0317D860
Class: RLevelVolume                                            - Instance: 0x0317DAD0
Class: RLevelVolumeOW                                          - Instance: 0x0317DD40
Class: RPlayerStartInLevel                                     - Instance: 0x0317DFB0
Class: RChallengeModeStartPointBase                            - Instance: 0x0317E220
Class: RPlayerStartInLevelRenderingComponent                   - Instance: 0x0317E490
Class: RSeqAct_CheckURLParam                                   - Instance: 0x0317E700
Class: RSeqAct_ModifyDoor                                      - Instance: 0x0317E970
Class: RSeqAct_ModifyStreaming                                 - Instance: 0x0317EBE0
Class: RSeqAct_PrepareMapChangeFromURL                         - Instance: 0x0317EE50
Class: RSeqAct_SaveWhenConditionHit                            - Instance: 0x0317F0C0
Class: RSeqEvent_LevelVolume                                   - Instance: 0x0317F330
Class: RSeqVar_CurrentLevel                                    - Instance: 0x0317F5A0
Class: RAnimNotify_ChangeCape                                  - Instance: 0x0317F810
Class: RAnimNotify_DialogueSync                                - Instance: 0x0317FA80
Class: RAnimNotify_DialogueTrigger                             - Instance: 0x0317FCF0
Class: RAnimNotify_Footstep                                    - Instance: 0x03174000
Class: RAnimNotify_IdleMatchBlendWeight                        - Instance: 0x03174270
Class: RAnimNotify_IdleMatchPoint                              - Instance: 0x031744E0
Class: RAnimNotify_RemoteEvent                                 - Instance: 0x03174750
Class: RAnimNotify_RFlapsBlendWeight                           - Instance: 0x031749C0
Class: RAnimNotify_SetGauntletPortraitName                     - Instance: 0x03174C30
Class: RActorFactoryMoverNoCL                                  - Instance: 0x03174EA0
Class: RActorFactoryRigidBody                                  - Instance: 0x03175110
Class: RBankDoorBase                                           - Instance: 0x03175380
Class: RBatmobileRiddlerCameraVolume                           - Instance: 0x031755F0
Class: RBatmobileScrewBase                                     - Instance: 0x03175860
Class: RBatmobileScrewSpikesBase                               - Instance: 0x03175AD0
Class: RBatSignalBase                                          - Instance: 0x03175D40
Class: RBlockingCylinder                                       - Instance: 0x03175FB0
Class: RBlockingVolume                                         - Instance: 0x03176220
Class: RDynamicBlockingVolume                                  - Instance: 0x03176490
Class: RCheckPointMineBase                                     - Instance: 0x03176700
Class: RClimbLocatorContainer                                  - Instance: 0x03176970
Class: RSmashablePropConfig                                    - Instance: 0x03176BE0
Class: RCrimeSceneBase                                         - Instance: 0x03176E50
Class: RDestructibleDebrisCrumbleVolume                        - Instance: 0x031770C0
Class: RDestructibleProp_FractureWall                          - Instance: 0x03177330
Class: RDestructibleProp_LampPost                              - Instance: 0x031775A0
Class: RDestructibleProp_Tree                                  - Instance: 0x03177810
Class: RClimbLocator                                           - Instance: 0x03177A80
Class: RCrowdSpawnPointChild                                   - Instance: 0x03177CF0
Class: RCrowdSpawnPointMaster                                  - Instance: 0x03168000
Class: RDummyTarget_ChinookBase                                - Instance: 0x03168270
Class: RGangFleePressPointBase                                 - Instance: 0x031684E0
Class: RGangVehicleInteractPointBase                           - Instance: 0x03168750
Class: RFakeTacticianVolume                                    - Instance: 0x031689C0
Class: RFloatingIceRaftMesh                                    - Instance: 0x03168C30
Class: RFreezableVentBase                                      - Instance: 0x03168EA0
Class: RGangInteractPointBase                                  - Instance: 0x03169110
Class: RGangInteractPointAbandonedVehicleBase                  - Instance: 0x03169380
Class: RGangInteractPointBreakableBase                         - Instance: 0x031695F0
Class: RGangInteractWindowBase                                 - Instance: 0x03169860
Class: RGangSpectatorPointBase                                 - Instance: 0x03169AD0
Class: RGargoyleBombBase                                       - Instance: 0x03169D40
Class: RGlideOutOfBoundsVolume                                 - Instance: 0x03169FB0
Class: RGrapplePointCollection                                 - Instance: 0x0316A220
Class: RGrinderVolume                                          - Instance: 0x0316A490
Class: RHarpoonDragBase                                        - Instance: 0x0316A700
Class: RHidePoint                                              - Instance: 0x0316A970
Class: RHidePoint_GrateBase                                    - Instance: 0x0316ABE0
Class: RHidePoint_Mesh                                         - Instance: 0x0316AE50
Class: RHidePoint_GargoyleBase                                 - Instance: 0x0316B0C0
Class: RHidePoint_Movable                                      - Instance: 0x0316B330
Class: RHidePoint_Walkable                                     - Instance: 0x0316B5A0
Class: RHidePoint_LampPostTop                                  - Instance: 0x0316B810
Class: RHidePoint_RopeBase                                     - Instance: 0x0316BA80
Class: RHidePointLedgePerch                                    - Instance: 0x0316BCF0
Class: RSwingChutePointBase                                    - Instance: 0x03160000
Class: RHidePointRenderingComponent                            - Instance: 0x03160270
Class: RHushCameraBase                                         - Instance: 0x031604E0
Class: RImpassableHazardBase                                   - Instance: 0x03160750
Class: RInteractiveElementRenderingComponent                   - Instance: 0x031609C0
Class: RKActorSpawnable                                        - Instance: 0x03160C30
Class: RFloatingProp                                           - Instance: 0x03160EA0
Class: RKActorWinchable                                        - Instance: 0x03161110
Class: RSmashableProp                                          - Instance: 0x03161380
Class: RHarpoonDragPhysicsBase                                 - Instance: 0x031615F0
Class: RMagneticDynamicObjectBase                              - Instance: 0x03161860
Class: RRiddlerBoxBase                                         - Instance: 0x03161AD0
Class: RKillVolume                                             - Instance: 0x03161D40
Class: RLootDestinationBase                                    - Instance: 0x03161FB0
Class: RLootPointBase                                          - Instance: 0x03162220
Class: RNavMeshObstacle_OneWay                                 - Instance: 0x03162490
Class: RNoShootVolume                                          - Instance: 0x03162700
Class: RFloatingRaft                                           - Instance: 0x03162970
Class: RPatrolPoint                                            - Instance: 0x03162BE0
Class: RPatrolPoint_LitePred                                   - Instance: 0x03162E50
Class: RPatrolPointRenderingComponent                          - Instance: 0x031630C0
Class: RPhysicsTriggerVolume                                   - Instance: 0x03163330
Class: RPlayerPredatorZone                                     - Instance: 0x031635A0
Class: RPounceBlockingVolume                                   - Instance: 0x03163810
Class: RPounceBlockingVolumeContainer                          - Instance: 0x03163A80
Class: RPresurePadBase                                         - Instance: 0x03163CF0
Class: RRadarTowerBase                                         - Instance: 0x03158000
Class: RPredatorStartleControlBase                             - Instance: 0x03158270
Class: RRoadArea                                               - Instance: 0x031584E0
Class: RRoadJunction                                           - Instance: 0x03158750
Class: RRoadLink                                               - Instance: 0x031589C0
Class: RRoadNetwork                                            - Instance: 0x03158C30
Class: RRoadPoint                                              - Instance: 0x03158EA0
Class: RRoadPointRenderingComponent                            - Instance: 0x03159110
Class: RRoadRoute                                              - Instance: 0x03159380
Class: RRoadSplinePoint                                        - Instance: 0x031595F0
Class: RRope2Base                                              - Instance: 0x03159860
Class: RRope2Component                                         - Instance: 0x03159AD0
Class: RHidePointRope_RopeComponent                            - Instance: 0x03159D40
Class: RRope2PhysicsUpdater                                    - Instance: 0x03159FB0
Class: RRope2BasePhysicsUpdater                                - Instance: 0x0315A220
Class: RRope2CapsuleChainPhysicsUpdater                        - Instance: 0x0315A490
Class: RRope2SimplePhysicsUpdater                              - Instance: 0x0315A700
Class: RRope2VantageWirePhysicsUpdater                         - Instance: 0x0315A970
Class: RRope2SimpleSphereChainPhysicsUpdater                   - Instance: 0x0315ABE0
Class: RRope2RenderUpdater                                     - Instance: 0x0315AE50
Class: RRope2StandardRenderUpdater                             - Instance: 0x0315B0C0
Class: RRope2SimplePhysicsControlPoint                         - Instance: 0x0315B330
Class: RRope2Updater                                           - Instance: 0x0315B5A0
Class: RRope2AutoLengthUpdater                                 - Instance: 0x0315B810
Class: RRope2EffectsUpdater                                    - Instance: 0x0315BA80
Class: RRope2LengthUpdater                                     - Instance: 0x0315BCF0
Class: RRopeBase                                               - Instance: 0x0314C000
Class: RRopeBaseSpawnable                                      - Instance: 0x0314C270
Class: RRopeComponentBase                                      - Instance: 0x0314C4E0
Class: RRopeComponent                                          - Instance: 0x0314C750
Class: RSimpleRopeComponent                                    - Instance: 0x0314C9C0
Class: RRopeEditorRenderingComponent                           - Instance: 0x0314CC30
Class: RRopeTest                                               - Instance: 0x0314CEA0
Class: RSeqAct_SpawnObjectiveMarker                            - Instance: 0x0314D110
Class: RSeqVar_ChunkDamageCount                                - Instance: 0x0314D380
Class: RSmokeScreen                                            - Instance: 0x0314D5F0
Class: RSnapToPositionActor                                    - Instance: 0x0314D860
Class: RGrapplePoint                                           - Instance: 0x0314DAD0
Class: RRescuePoint                                            - Instance: 0x0314DD40
Class: ROverheadWireEndBase                                    - Instance: 0x0314DFB0
Class: RRope2EndPoint                                          - Instance: 0x0314E220
Class: RShimmyEdgeMarker                                       - Instance: 0x0314E490
Class: RSnowVolume                                             - Instance: 0x0314E700
Class: RSpecialMoveEnvironmentObject                           - Instance: 0x0314E970
Class: RCommandBeaconBase                                      - Instance: 0x0314EBE0
Class: RLadder                                                 - Instance: 0x0314EE50
Class: RRemoveableGrate                                        - Instance: 0x0314F0C0
Class: RTunnelGrateBase                                        - Instance: 0x0314F330
Class: RTunnelGrateCWFlipBase                                  - Instance: 0x0314F5A0
Class: RStopBatmobileBox                                       - Instance: 0x0314F810
Class: RSwingChuteExitBase                                     - Instance: 0x0314FA80
Class: RSwingChutePointRenderingComponent                      - Instance: 0x0314FCF0
Class: RSwingFloorVolume                                       - Instance: 0x02E9C000
Class: RTimeTrialWaypointBase                                  - Instance: 0x02E9C270
Class: RTimeTrialWaypointRenderingComponent                    - Instance: 0x02E9C4E0
Class: RTunnelFunnel                                           - Instance: 0x02E9C750
Class: RTunnelMeshBase                                         - Instance: 0x02E9C9C0
Class: RVentNetworkOutLine                                     - Instance: 0x02E9CC30
Class: RWaterFlowTargetEditorRenderingComponent                - Instance: 0x02E9CEA0
Class: RWaterRescueVolumeBase                                  - Instance: 0x02E9D110
Class: RActivatedFearToxinVolume                               - Instance: 0x02E9D380
Class: RWaterVolumeBase                                        - Instance: 0x02E9D5F0
Class: RWaterVolumeEditorRenderingComponent                    - Instance: 0x02E9D860
Class: RWinchableJunctionBoxBase                               - Instance: 0x02E9DAD0
Class: RWinchableWallBase                                      - Instance: 0x02E9DD40
Class: RB_ActualDistanceConstraintSetup                        - Instance: 0x02E9DFB0
Class: RCapeCollisionConfig                                    - Instance: 0x02E9E220
Class: RCapeCollisionShapeConfig                               - Instance: 0x02E9E490
Class: RCapeComponent                                          - Instance: 0x02E9E700
Class: RCapeConfig                                             - Instance: 0x02E9E970
Class: RCapeRenderingComponent                                 - Instance: 0x02E9EBE0
Class: RCapeSkeletalMeshComponent                              - Instance: 0x02E9EE50
Class: RCapeStateBoneConfig                                    - Instance: 0x02E9F0C0
Class: RCapeStateConfig                                        - Instance: 0x02E9F330
Class: RCapeStateController                                    - Instance: 0x02E9F5A0
Class: RConstrainingComponent                                  - Instance: 0x02E9FA80
Class: RDestructibleActor                                      - Instance: 0x02E9FCF0
Class: RWindForceFieldVolume                                   - Instance: 0x02E94000
Class: RPulleyRenderingComponent                               - Instance: 0x02E94270
Class: RRagdollWakeupVolume                                    - Instance: 0x02E944E0
Class: RRandomDelay                                            - Instance: 0x02E94750
Class: RRemoveDebrisInBoxActor                                 - Instance: 0x02E949C0
Class: RVehicle                                                - Instance: 0x02E94C30
Class: RVehicleSimCar                                          - Instance: 0x02E94EA0
Class: RVehicleSimBatmobile                                    - Instance: 0x02E95110
Class: RVehicleSimNPC                                          - Instance: 0x02E95380
Class: RVehicleSimCarNPC                                       - Instance: 0x02E955F0
Class: RVehicleSimFlyingNPC                                    - Instance: 0x02E95860
Class: RVehicleSimTankNPC                                      - Instance: 0x02E95AD0
Class: RWaterFlowTarget                                        - Instance: 0x02E95D40
Class: RWindVolume                                             - Instance: 0x02E95FB0
Class: RBulletProofGlassBase                                   - Instance: 0x02E96220
Class: RFractureWallBase                                       - Instance: 0x02E96490
Class: RForensicsDevice                                        - Instance: 0x02E96700
Class: RForensicsDeviceAsyncTicker                             - Instance: 0x02E96970
Class: RForensicTargetLocation                                 - Instance: 0x02E96BE0
Class: RPhysicalEvidenceBase                                   - Instance: 0x02E96E50
Class: RPhysicalEvidenceCrimeScene                             - Instance: 0x02E970C0
Class: RDisruptableObjectBase                                  - Instance: 0x02E97330
Class: RDisruptableObjectDoor                                  - Instance: 0x02E975A0
Class: RDisruptableLaserGridBase                               - Instance: 0x02E97810
Class: RDisruptableLaserGridRiddlerPylonBase                   - Instance: 0x02E97A80
Class: RSecurityLaserBase                                      - Instance: 0x02E97CF0
Class: R3rdPersonCamera                                        - Instance: 0x02E5C000
Class: RAnimNotify_Camera                                      - Instance: 0x02E5C270
Class: RCameraActor                                            - Instance: 0x02E5C4E0
Class: RAnimatedCameraActor                                    - Instance: 0x02E5C750
Class: RCinematicCameraActor                                   - Instance: 0x02E5C9C0
Class: RBatarangCamera                                         - Instance: 0x02E5CC30
Class: RBMCutsceneBase                                         - Instance: 0x02E5CEA0
Class: RBmBatmanCutscene                                       - Instance: 0x02E5D110
Class: RCameraActor_Conversation                               - Instance: 0x02E5D380
Class: RCaseFileCameraActor                                    - Instance: 0x02E5D5F0
Class: RChuteCamera                                            - Instance: 0x02E5D860
Class: RDialogueCamera                                         - Instance: 0x02E5DAD0
Class: RFallInWaterCamera                                      - Instance: 0x02E5DD40
Class: RGlideKickCamera                                        - Instance: 0x02E5DFB0
Class: RInGameCinematicCam                                     - Instance: 0x02E5E220
Class: RLineLauncherDirectorCamera                             - Instance: 0x02E5E490
Class: RMultiTargetCamera                                      - Instance: 0x02E5E700
Class: RArenaCamera                                            - Instance: 0x02E5E970
Class: RPlayerTransitionCameraActor                            - Instance: 0x02E5EBE0
Class: RSilentPredatorCamera                                   - Instance: 0x02E5EE50
Class: RVantagePointGrappleCamera                              - Instance: 0x02E5F0C0
Class: RWallClimbCamera                                        - Instance: 0x02E5F330
Class: RCameraOverlayPlayer                                    - Instance: 0x02E5F5A0
Class: RDOFManager                                             - Instance: 0x02E5F810
Class: RLightingRigActor                                       - Instance: 0x02E5FA80
Class: RSeqAct_SetTrackingCamera                               - Instance: 0x02E5FCF0
Class: RCameraTransitionPathNode                               - Instance: 0x02ED4000
Class: RStealthTakeDownStage                                   - Instance: 0x02ED4270
Class: RStealthTakeDownStage_GrabOnFloor                       - Instance: 0x02ED44E0
Class: RStealthTakeDownStage_RailingAttack                     - Instance: 0x02ED4750
Class: RBatmobileForceVolume                                   - Instance: 0x02ED49C0
Class: RBatmobileTunnelVolume                                  - Instance: 0x02ED4C30
Class: RBatmobileRemoteVolume                                  - Instance: 0x02ED4EA0
Class: RBatmobileSatNavArrows                                  - Instance: 0x02ED5110
Class: RWeaponGeneratorContainer                               - Instance: 0x02ED5380
Class: RDroneCommanderTannoy                                   - Instance: 0x02ED55F0
Class: RVehicleEnemySpawnPoint                                 - Instance: 0x02ED5860
Class: RVehicleGuardPoint                                      - Instance: 0x02ED5AD0
Class: RVehicleMine                                            - Instance: 0x02ED5D40
Class: RRammableInterface                                      - Instance: 0x02ED5FB0
Class: RSeqAct_BatmobileRollingStart                           - Instance: 0x02ED6220
Class: RSeqAct_MatineeVehicleRateBlend                         - Instance: 0x02ED6490
Class: RSeqAct_SpawnVehicleBase                                - Instance: 0x02ED6700
Class: RSeqAct_SpawnVehicle                                    - Instance: 0x02ED6970
Class: RSeqAct_VehicleEnemySpawner                             - Instance: 0x02ED6BE0
Class: RSeqAct_StartVehicleNPCWeaponAttack                     - Instance: 0x02ED6E50
Class: RSeqEvent_ChallengeVehicleKilled                        - Instance: 0x02ED70C0
Class: RSeqVar_Batmobile                                       - Instance: 0x02ED7330
Class: RSeqVar_BatmobileSpeed                                  - Instance: 0x02ED75A0
Class: RSkelControl_CantileverBeam                             - Instance: 0x02ED7810
Class: RSkelControlBatmobileWheel                              - Instance: 0x02ED7A80
Class: RSkelControlDeformVehicle                               - Instance: 0x02ED7CF0
Class: RSkelControlTankTrack                                   - Instance: 0x02E64000
Class: RAbandonedVehicle                                       - Instance: 0x02E64270
Class: RDeadVehicle                                            - Instance: 0x02E644E0
Class: RVehicleBatmobileBase                                   - Instance: 0x02E64750
Class: RVehicleNPC                                             - Instance: 0x02E649C0
Class: RVehicleBatmobilePredictor                              - Instance: 0x02E64C30
Class: RVehicleCar                                             - Instance: 0x02E64EA0
Class: RVehicleHushBase                                        - Instance: 0x02E65110
Class: RVehicleFlying                                          - Instance: 0x02E65380
Class: RVehicleNPCBatmobile                                    - Instance: 0x02E655F0
Class: RVehicleTank                                            - Instance: 0x02E65860
Class: RVehicleHeavyTank                                       - Instance: 0x02E65AD0
Class: RVehicleStaticTank                                      - Instance: 0x02E65D40
Class: RVehicleWalkerBase                                      - Instance: 0x02E65FB0
Class: RVehicleAntiLevelVolume                                 - Instance: 0x02E66220
Class: RVehicleBehaviour                                       - Instance: 0x02E66490
Class: RVehicleBehaviour_FollowVehicle                         - Instance: 0x02E66970
Class: RVehicleBehaviour_EscortVehicle                         - Instance: 0x02E66BE0
Class: RVehicleBehaviour_HeavyTankSearch                       - Instance: 0x02E66E50
Class: RVehicleBehaviour_RunAway                               - Instance: 0x02E670C0
Class: RVehicleBehaviour_StopAndSpawnBase                      - Instance: 0x02E67330
Class: RVehicleBehaviour_SuicideDroneAttack                    - Instance: 0x02E675A0
Class: RVehicleBehaviour_TankStrafe                            - Instance: 0x02E67810
Class: RVehicleCombatManager                                   - Instance: 0x02E67A80
Class: RVehicleCustomisation                                   - Instance: 0x02E67CF0
Class: RVehicleExclusionVolume                                 - Instance: 0x02E88000
Class: RVehicleNPCWeapon                                       - Instance: 0x02E88270
Class: RVehicleNPCWeapon_APCMissileTurret                      - Instance: 0x02E884E0
Class: RVehicleNPCWeapon_Gun                                   - Instance: 0x02E88750
Class: RVehicleNPCWeapon_RPG                                   - Instance: 0x02E889C0
Class: RVehicleNPCWeapon_APCMissileLauncher                    - Instance: 0x02E88C30
Class: RVehicleNPCWeapon_ScriptedRPG                           - Instance: 0x02E88EA0
Class: RVehicleScanLaser                                       - Instance: 0x02E89110
Class: RVehicleScenario                                        - Instance: 0x02E89380
Class: RVehicleThreatComponent                                 - Instance: 0x02E895F0
Class: RVisualDamageComponent                                  - Instance: 0x02E89860
Class: RVehicleWeapon                                          - Instance: 0x02E89AD0
Class: RBatmobileAllegianceSwitcher                            - Instance: 0x02E89D40
Class: RBatmobileCannon                                        - Instance: 0x02E89FB0
Class: RBatmobileHeavyCannon                                   - Instance: 0x02E8A220
Class: RBatmobileSonar                                         - Instance: 0x02E8A490
Class: RBatmobileWinch                                         - Instance: 0x02E8A700
Class: RPursuitModeMissileLauncher                             - Instance: 0x02E8A970
Class: RBatmobileEMPMissile                                    - Instance: 0x02E8ABE0
Class: RBatmobileWinchProjectile                               - Instance: 0x02E8AE50
Class: MWBIDDataMessage                                        - Instance: 0x02E8B0C0
Class: MWBIDAttractScreenMessage                               - Instance: 0x02E8B330
Class: MWBIDEmailFormScreenMessage                             - Instance: 0x02E8B5A0
Class: MWBIDOptionsScreenMessage                               - Instance: 0x02E8B810
Class: MWBIDVerifyScreenMessage                                - Instance: 0x02E8BA80
Class: MWBIDOverlayManager                                     - Instance: 0x02E8BCF0
Class: RChallengeManager                                       - Instance: 0x02EA0000
Class: RGFxGameViewportClient                                  - Instance: 0x02EA0270
Class: RGFxMovie                                               - Instance: 0x02EA04E0
Class: RGFxMovieFrontMost                                      - Instance: 0x02EA0750
Class: RGFxMovieKismetBase                                     - Instance: 0x02EA09C0
Class: RGFxMovieModularHudBase                                 - Instance: 0x02EA0C30
Class: RGFxMovieModularHud                                     - Instance: 0x02EA0EA0
Class: RGFxMovieModularHud_Batmobile                           - Instance: 0x02EA1110
Class: RGFxMovieModularHud_Disposable                          - Instance: 0x02EA1380
Class: RGFxMovieModularHud_LocalRadar                          - Instance: 0x02EA15F0
Class: RGFxMovieModularHud_TargetsEtc                          - Instance: 0x02EA1860
Class: RGFxMovieRadialGadgetSelect                             - Instance: 0x02EA1AD0
Class: RGFxMovieResonatorMinigame                              - Instance: 0x02EA1D40
Class: RGFxMovieUI                                             - Instance: 0x02EA1FB0
Class: RGFxMovieBackScreen                                     - Instance: 0x02EA2220
Class: RGFxMovieMissionWheel                                   - Instance: 0x02EA2490
Class: RGFxMovieUI_OptionsGraphics                             - Instance: 0x02EA2700
Class: RGFxMovieUI_PauseBase                                   - Instance: 0x02EA2970
Class: RGFxMovieUI_PauseOptionsGraphics                        - Instance: 0x02EA2BE0
Class: RGFxMovieUI_SkinSelect                                  - Instance: 0x02EA2E50
Class: RGFxMovieUI_StorySynopsis                               - Instance: 0x02EA30C0
Class: RGFxMovieVideoPlayer                                    - Instance: 0x02EA3330
Class: RGFxWorldMovieComponent                                 - Instance: 0x02EA35A0
Class: RSeqAct_GFxMovieOutroMovie                              - Instance: 0x02EA3810
Class: RSeqAct_PlayGfxMovie                                    - Instance: 0x02EA3A80
Class: RSideStoryManager                                       - Instance: 0x02EA3CF0
Class: GFxMovieHudMenu                                         - Instance: 0x04A54CFC
Class: RAEC_DummySolo                                          - Instance: 0x04A5777C
Class: MAEC_AttractEnemiesToLocation                           - Instance: 0x04A594BC
Class: MAEC_Sub_AttractEnemiesToLocation                       - Instance: 0x04A59E8C
Class: RAIBrain_Pred                                           - Instance: 0x04A5A16C
Class: RBMBehaviour_Idle                                       - Instance: 0x04A5A864
Class: RBMBehaviour_IdleAllowCombat                            - Instance: 0x04A5A620
Class: MAEC_Sub_AttractEnemiesWithSound                        - Instance: 0x04A5FEB0
Class: RAEC_GelMineExplosion                                   - Instance: 0x04A611E0
Class: RAEC_GroupPauseAndLook                                  - Instance: 0x04A61554
Class: RAEC_Startle_Sub                                        - Instance: 0x04A61FB0
Class: MAEC_JackInBoxExplosion                                 - Instance: 0x04A62E4C
Class: RAEC_Smoke                                              - Instance: 0x04A63628
Class: RAEC_Smoke_Inside                                       - Instance: 0x04A63A38
Class: RAEC_Smoke_Outsider                                     - Instance: 0x04A63D18
Class: RAEC_Attack_Base                                        - Instance: 0x04A65480
Class: RAEC_Attack                                             - Instance: 0x04A6523C
Class: RAEC_Parent                                             - Instance: 0x04A65760
Class: RAEC_Attack_Converge                                    - Instance: 0x04A65ADC
Class: MAEC_LaughingGas                                        - Instance: 0x04A66E44
Class: MAEC_LaughingGas_Inside                                 - Instance: 0x04A671E8
Class: MAEC_LaughingGas_Outsider                               - Instance: 0x04A67878
Class: RAEC_Smoke_Sub_Disarmed                                 - Instance: 0x04A6A2C0
Class: RAEC_Smoke_Sub_Armed                                    - Instance: 0x04A6A5A0
Class: MLaughingGasScreenBase                                  - Instance: 0x04A6B7A8
Class: MAEC_LaughingGas_Sub_Armed                              - Instance: 0x04A6BA88
Class: RMultiNavHandleWrapper                                  - Instance: 0x04A6CB6C
Class: RAEC_Smoke_Sub_Outsider                                 - Instance: 0x04A6E5D8
Class: RBMAIAction_ThermalInSmoke                              - Instance: 0x04A74CA4
Class: MBMAIAction_PauseAndLaugh                               - Instance: 0x04A74F84
Class: MAEC_MayhemMode                                         - Instance: 0x04A75E8C
Class: MAEC_MayhemMode_Sub                                     - Instance: 0x04A764A0
Class: RBMAIAction_BatShockStartle                             - Instance: 0x04A77720
Class: MBMAIAction_MayhemStartle                               - Instance: 0x04A774DC
Class: MAEC_MayhemTransitionAlert                              - Instance: 0x04A77E48
Class: MAEC_ShootStickyConcussionGrenade                       - Instance: 0x04A788FC
Class: MAEC_ShootStickyConcussionGrenade_Solo                  - Instance: 0x04A7993C
Class: RBMAIAction_BaseMove                                    - Instance: 0x04A7BCDC
Class: RBMAIAction_RunTo                                       - Instance: 0x04A7BA98
Class: RBMAIAction_ShootActor                                  - Instance: 0x04A7BFBC
Class: RAEC_FrozenThug                                         - Instance: 0x04A7C854
Class: RAEC_Sub_FrozenThug                                     - Instance: 0x04A7CB34
Class: MAEC_SnaredThug                                         - Instance: 0x04A7D470
Class: MAEC_Sub_SnaredThug                                     - Instance: 0x04A7D814
Class: MAEC_StickyConcussionGrenadeReaction                    - Instance: 0x04A7DD30
Class: MAEC_StickyConcussionGrenadeReaction_Sub_Disarmed       - Instance: 0x04A7E458
Class: MAEC_StickyConcussionGrenadeReaction_Sub_Armed          - Instance: 0x04A7E738
Class: RBMAIAction_GunStartle                                  - Instance: 0x04A7F044
Class: MBMAIAction_GunStartleByStickyConcussionGrenadeExplosion - Instance: 0x04A7F288
Class: MBMAIAction_BlindAndStaggeredByStickyConcussionGrenadeExplosion - Instance: 0x04A7FD38
Class: RBMAIAction_LookAtHole                                  - Instance: 0x04A80C74
Class: MBMAIAction_PauseAndLookAroundForLimitedTime            - Instance: 0x04A81B30
Class: MBMAIAction_JackInBoxAttraction_Stage2                  - Instance: 0x04A81EAC
Class: MBMAIAction_JackInBoxAttraction_Stage1                  - Instance: 0x04A8218C
Class: RBMBehaviour_FreezeBlastHit                             - Instance: 0x04A836D8
Class: MHQBehaviour_SnareTrapTripped                           - Instance: 0x04A83EB8
Class: RAEC_Sub_EnvironmentStartle                             - Instance: 0x04AA0EC4
Class: RCombatMove_BatmanFloorTakedown                         - Instance: 0x04AA7A60
Class: RInteractInterface                                      - Instance: 0x04AB2F6C
Class: RSeqAct_VehicleSelfDrive                                - Instance: 0x04ABAFD4
Class: RBMBehaviour_FenceJump                                  - Instance: 0x04AC943C
Class: RSeqAct_VehicleDriveSpline                              - Instance: 0x04AD1350
Class: RPredHostageFleePoint                                   - Instance: 0x04B012B8
Class: RDMThroughWallsSuppressableInterface                    - Instance: 0x04B01BDC
Class: RGFxMovieNoController                                   - Instance: 0x04B0455C
Class: RGFxMovieFrontendBGFader                                - Instance: 0x04B0483C
Class: RHUD                                                    - Instance: 0x04B19860
Class: ROnlineStatsReadMostWanted                              - Instance: 0x04B1F330
Class: RGFxMoviePopupRequester                                 - Instance: 0x04B21704
Class: RHudModuleFirefly                                       - Instance: 0x04B2EAC0
Class: RSeqAct_MinigameSequenceBase                            - Instance: 0x04B2EDA0
Class: RHudModuleSuicideCars                                   - Instance: 0x04B2F080
Class: RHudModuleHeavyTankScanBase                             - Instance: 0x04B2F360
Class: RHudModuleForensicBeaconTracking                        - Instance: 0x04B2F640
Class: RHudModuleBoss                                          - Instance: 0x04B2F920
Class: RHudModuleAlertsAndSurveillance                         - Instance: 0x04B2FC00
Class: RHudModuleChallengeMode                                 - Instance: 0x04B2FEE0
Class: RHudModuleBespokeBase                                   - Instance: 0x04B3025C
Class: RHudModuleRoomName                                      - Instance: 0x04B3053C
Class: RHudModuleObjectives                                    - Instance: 0x04B3081C
Class: RHudModuleForensicDetail                                - Instance: 0x04B30AFC
Class: RHudModuleScanner                                       - Instance: 0x04B30DDC
Class: RHudModuleHackingMode                                   - Instance: 0x04B310BC
Class: RHudModuleDetectiveModeJamming                          - Instance: 0x04B3139C
Class: RHudModuleBatmobile                                     - Instance: 0x04B3167C
Class: RHudModuleDownloadProgress                              - Instance: 0x04B3195C
Class: RHudModuleExtraSequence                                 - Instance: 0x04B31C3C
Class: RHudModuleDetectiveMode                                 - Instance: 0x04B31F1C
Class: RHudModuleCrimeSceneInfo                                - Instance: 0x04B321FC
Class: RHudModuleStoryMode                                     - Instance: 0x04B324DC
Class: RHudModuleHealthBar                                     - Instance: 0x04B327BC
Class: RHudModuleTargets                                       - Instance: 0x04B32A9C
Class: RHudObjectivesContainer                                 - Instance: 0x04B35F1C
Class: ROnlineStatsRead                                        - Instance: 0x04B43418
Class: RGFxMovieUI_ChallengeSymbolMini                         - Instance: 0x04B43830
Class: RGFxMovieUI_ChallengeSymbol                             - Instance: 0x04B43B10
Class: RThugMineablePointVent                                  - Instance: 0x04B45B6C
Class: RSentryGunPlacementPoint                                - Instance: 0x04B46290
Class: RBMCombatThrownObject_Predator                          - Instance: 0x04B4660C
Class: RPreventNonMedicManDownVolume                           - Instance: 0x04B46AC0
Class: RLootSourceBase                                         - Instance: 0x04B46F74
Class: RSeqEvent_LevelScripting                                - Instance: 0x04B48110
Class: RLockinVolume                                           - Instance: 0x04B4848C
Class: RAEC_AbandonDrone                                       - Instance: 0x04B4CF10
Class: RSeqAct_BagCarrierDialogue                              - Instance: 0x04B4D1F0
Class: RAEC_DetectiveModeDetector_Group                        - Instance: 0x04B4D608
Class: RBarkGroupContext_Pred                                  - Instance: 0x04B4DABC
Class: RSentryKitAssignmentPicker                              - Instance: 0x04B4DD9C
Class: RGargMineAssignmentPicker                               - Instance: 0x04B4E388
Class: RBMBehaviour_DoorHandler                                - Instance: 0x04B4FC98
Class: RBMBehaviour_BagCarrierBase                             - Instance: 0x04B4FA54
Class: RAEC_Sub_LevelScriptingRoot                             - Instance: 0x04B50B50
Class: RAEC_OrderedOutOfVolume                                 - Instance: 0x04B56358
Class: RAEC_Disarmed                                           - Instance: 0x04B57DBC
Class: RThugMineablePointFloor_Spawned                         - Instance: 0x04B5B5FC
Class: RPawnVillainGunPredBase                                 - Instance: 0x04B5C6F8
Class: RAIBrain_PredFull                                       - Instance: 0x04B5C9D4
Class: RAEC_PlaceSentryGun                                     - Instance: 0x04B5E858
Class: RAEC_CasualtyBase                                       - Instance: 0x04B5FFD8
Class: RAEC_Casualty                                           - Instance: 0x04B6034C
Class: RAEC_RedHood_Base                                       - Instance: 0x04B62374
Class: RSeqEvent_RoomNervous                                   - Instance: 0x04B63AB8
Class: RAEC_DisruptedJammerReaction                            - Instance: 0x04B63F94
Class: RAEC_HideFromBatmobile                                  - Instance: 0x04B6463C
Class: RAEC_OutOfControlDroneExplode                           - Instance: 0x04B64C04
Class: RAEC_Search_Sub_Guard                                   - Instance: 0x04B65874
Class: RAEC_LockedIn_GroupBase                                 - Instance: 0x04B66788
Class: RSeqEvent_Takedown_Discovered                           - Instance: 0x04B67A90
Class: RSeqEvent_LastThug_BreakoutOfPred                       - Instance: 0x04B68904
Class: RSeqEvent_BatmanLost                                    - Instance: 0x04B69398
Class: RAEC_SearchBase                                         - Instance: 0x04B6C9CC
Class: RAEC_Search                                             - Instance: 0x04B6C788
Class: RAEC_Search_Sub_FloorMine                               - Instance: 0x04B6CDE4
Class: RAEC_Search_Sub_VantageResponse                         - Instance: 0x04B6E524
Class: RAEC_Search_Sub_DestroyGrate                            - Instance: 0x04B6FCF4
Class: RAEC_Search_Sub_GrenadeTunnel                           - Instance: 0x04B70330
Class: RAEC_LevelScriptingRoot                                 - Instance: 0x04B75214
Class: RAEC_LevelScripting                                     - Instance: 0x04B76184
Class: RSeqEvent_DoneManDown                                   - Instance: 0x04B76550
Class: RSeqEvent_StartPredChallengeTimer                       - Instance: 0x04B77BBC
Class: RSeqEvent_ThreeThugsTakenDownFromGrates                 - Instance: 0x04B78134
Class: RSeqEvent_PawnDisturbed                                 - Instance: 0x04B7C9C8
Class: RSeqAct_SetRotation                                     - Instance: 0x04B7CF68
Class: RSeqAct_SetFaceFXRegister                               - Instance: 0x04B805D8
Class: RCombatMove_BatmanRedirect                              - Instance: 0x04BBD114
Class: RCombatMove_VillainSmokeBombReaction                    - Instance: 0x04BC3AF0
Class: RDmgType_Electricity                                    - Instance: 0x04BC6B30
Class: RCombatMove_VillainUnarmedGrab                          - Instance: 0x04BC8910
Class: RCombatMove_DualStrike                                  - Instance: 0x04BC8C8C
Class: RCombatMove_DualTakedown                                - Instance: 0x04BC9764
Class: MRHBehaviour_StickyConcussionGrenadeHitReaction         - Instance: 0x04BC9CA4
Class: RSeqEvent_CombatTarget                                  - Instance: 0x04BCC7CC
Class: RBMBehaviour_BeingEatenByPlant                          - Instance: 0x04BCFA70
Class: RDmgType_ChainTakedown                                  - Instance: 0x04BD1B04
Class: MDmgType_HandgunShot                                    - Instance: 0x04BD1D48
Class: MDmgType_HandgunGadget                                  - Instance: 0x04BD1F8C
Class: RDmgType_Ragdoll                                        - Instance: 0x04BD3638
Class: RAIBrain_TestMap                                        - Instance: 0x04BEBC70
Class: RAIBrain_PredLite                                       - Instance: 0x04BEBF4C
Class: RBMBehaviour_JoinCombat                                 - Instance: 0x04BEE694
Class: RSeqEvent_EnteredCombat                                 - Instance: 0x04BEF4E0
Class: RSeqEvent_ExitedCombat                                  - Instance: 0x04BF0214
Class: RBMBehaviour_PlayEntryAnim                              - Instance: 0x04BF19F8
Class: RBMBehaviour_HitReactionShocked                         - Instance: 0x04BF5EFC
Class: RDmgType_ElectricFloor                                  - Instance: 0x04BF670C
Class: RBMBehaviour_Ladder                                     - Instance: 0x04BF6BE4
Class: RAEC_Search_Sub_Hostage                                 - Instance: 0x04BF7260
Class: RAEC_Casualty_Sub_Centre                                - Instance: 0x04BF7788
Class: RAEC_BatarangReaction_Master                            - Instance: 0x04BF7CD4
Class: RDmgType_StunStick                                      - Instance: 0x04BF935C
Class: RCombatMove_VillainRepel                                - Instance: 0x04BF9700
Class: RCombatMove_VillainBlock                                - Instance: 0x04BF9C78
Class: RBMBehaviour_DodgeProjectile                            - Instance: 0x04BFB1F0
Class: RCombatMove_VillainChargeAttack                         - Instance: 0x04BFB98C
Class: RDmgType_HeavyStrike                                    - Instance: 0x04BFEA0C
Class: RAEC_IdleConfigSolo                                     - Instance: 0x04C01658
Class: RSeqEvent_BatmanSeen                                    - Instance: 0x04C01C8C
Class: RSeqEvent_DualPlayPawnSeen                              - Instance: 0x04C020CC
Class: RBMAIAction_HoldGuardPointBase                          - Instance: 0x04C03438
Class: RBMAIAction_MiniDroneController                         - Instance: 0x04C031F4
Class: RSeqEvent_ThugTakenOutByInvertedTakedown                - Instance: 0x04C04304
Class: RBMAIAction_Glance                                      - Instance: 0x04C05594
Class: RAEC_IceBreaker                                         - Instance: 0x04C063B0
Class: RBMBehaviour_FreezeBlastHit_Gun                         - Instance: 0x04C0782C
Class: RAEC_Search_Sub_GargSmash                               - Instance: 0x04C080D0
Class: RAEC_Search_Group                                       - Instance: 0x04C08314
Class: RGadgetSelectBM3                                        - Instance: 0x04C1267C
Class: RXrayInterface                                          - Instance: 0x04C23658
Class: RDeferred_SpotLight                                     - Instance: 0x04C2C888
Class: RDeferred_SpotLight_Shadowed                            - Instance: 0x04C2D0B4
Class: RDeferred_SpotLight_Shadowed_Spawnable                  - Instance: 0x04C2D8E4
Class: RSeqAct_WaitForBatmobileAction                          - Instance: 0x04C39C24
Class: RSeqAct_OverrideBatmobileEject                          - Instance: 0x04C39FA0
Class: RBatwing                                                - Instance: 0x04C3AE80
Class: RDmgType_Ranged                                         - Instance: 0x04C545D8
Class: RDmgType_Explosion                                      - Instance: 0x04C54BB8
Class: RDmgType_EnemyExplosiveWeapons                          - Instance: 0x04C54974
Class: RDmgType_Explosive                                      - Instance: 0x04C54DFC
Class: RTankMissile                                            - Instance: 0x04C551A8
Class: RDmgType_WalkerMissiles                                 - Instance: 0x04C57960
Class: RDmgType_HitWall                                        - Instance: 0x04C6CBC4
Class: RDetonatableInterface                                   - Instance: 0x04C7360C
Class: RRemoteControlLowSecurityInterface                      - Instance: 0x04C75438
Class: RSeqAct_SetScannableDrone                               - Instance: 0x04C83B68
Class: RBMBehaviour_ControlledByVehicle                        - Instance: 0x04C86B28
Class: RSeqAct_ToggleSusceptibleToDroneDisruptor               - Instance: 0x04C8DE64
Class: RDmgType_BatmobileCannon                                - Instance: 0x04C922D8
Class: RDmgType_BatmobileMissileBarrage                        - Instance: 0x04C92094
Class: RDmgType_DebugKill                                      - Instance: 0x04C9290C
Class: RDmgType_BatmobileEMP                                   - Instance: 0x04C92B50
Class: RDmgType_BatmobileChainGun                              - Instance: 0x04C92E30
Class: RDmgType_RECHit                                         - Instance: 0x04C940CC
Class: RSeqEvent_VehicleTrapped                                - Instance: 0x04C9780C
Class: RBMBehaviour_ExitVehicle                                - Instance: 0x04C9CF88
Class: RSkeletalMeshComponentNoLights                          - Instance: 0x04C9E8E0
Class: RSeqEvent_DriverPlayedBark                              - Instance: 0x04CA825C
Class: RBMBehaviour_EnterVehicle                               - Instance: 0x04CAD22C
Class: RBatmobileMissileLauncher                               - Instance: 0x04CC3A2C
Class: RBatmobileEMP                                           - Instance: 0x04CC3C70
Class: RExperienceSystem                                       - Instance: 0x04CC6ECC
Class: RDmgType_Takedown_Hang                                  - Instance: 0x04CCD488
Class: RCombatArea_GuardPoint                                  - Instance: 0x04CD5BAC
Class: RThrowTarget                                            - Instance: 0x04CD5F28
Class: RCombatEvent                                            - Instance: 0x04CD6514
Class: RCombatRetreatFromBatmobilePoint                        - Instance: 0x04CD6D70
Class: RCombatTeleport                                         - Instance: 0x04CD87DC
Class: R2DCombatCamera                                         - Instance: 0x04CDE9F0
Class: RBarkGroupContext_Combat                                - Instance: 0x04CDEE08
Class: RPawnVillainThugMedic                                   - Instance: 0x04CE9278
Class: RCombatEvent_QuickStrikeHit                             - Instance: 0x04CF5210
Class: RCombatEvent_HeavyStrikeHit                             - Instance: 0x04CF5650
Class: RCombatEvent_CounterHit                                 - Instance: 0x04CF5D50
Class: RCombatEvent_BatmanHit                                  - Instance: 0x04CF64E4
Class: RCombatEvent_Blocked                                    - Instance: 0x04CF6D30
Class: RCheatManager                                           - Instance: 0x04CFB710
Class: RDmgType_Cower                                          - Instance: 0x04CFCCE8
Class: RCombatMove_VillainReact                                - Instance: 0x04D06250
Class: RDmgType_SmokeBomb                                      - Instance: 0x04D070CC
Class: RSeqEvent_BatmanBumped                                  - Instance: 0x04D27E14
Class: RCombatMove_BatmanWeaponDestroy                         - Instance: 0x04D28450
Class: RDmgType_RECRagdoll                                     - Instance: 0x04D28AB0
Class: RSeqEvent_PawnDisarmedByRECGenerator                    - Instance: 0x04D295C8
Class: RDmgType_MagBlastDisarm                                 - Instance: 0x04D2980C
Class: RBMAIAction_WeaponSwitch                                - Instance: 0x04D2A230
Class: RBMWeaponRiflePredBase                                  - Instance: 0x04D2ABC4
Class: RAEC_Attack_Chase                                       - Instance: 0x04D2B000
Class: RBMAIAction_SniperSearch                                - Instance: 0x04D32B8C
Class: RSeqEvent_FiredGun                                      - Instance: 0x04D3573C
Class: RSeqAct_SetGunFiring                                    - Instance: 0x04D35BA4
Class: RBMBehaviour_WakeFromDead                               - Instance: 0x04D3A89C
Class: RExtraPawnVarsForDLC                                    - Instance: 0x04D3AF0C
Class: RBMExitCondition_MatineeEnded                           - Instance: 0x04D3E2C0
Class: RBMBehaviour_BeingTakenDown                             - Instance: 0x04D40194
Class: RSeqEvent_TalkedTo                                      - Instance: 0x04D476C4
Class: RSeqEvent_Rescued                                       - Instance: 0x04D4799C
Class: RAIBrain_Hostage                                        - Instance: 0x04D498EC
Class: RBMAIController_Friendly                                - Instance: 0x04D4DCB4
Class: RSeqEvent_JokerHallucination                            - Instance: 0x04D50544
Class: RBMBehaviour_JokerRooftopBase                           - Instance: 0x04D52E64
Class: RRemoteTakeoverVideoScreenInterface                     - Instance: 0x04D5BA08
Class: RBreakableVentLightBase                                 - Instance: 0x04D5BD84
Class: RFreezeTankDestroyerBase                                - Instance: 0x04D5FCA0
Class: RSeqAct_ToggleRobinLieutenantAssist                     - Instance: 0x04D657A4
Class: RRepeatAnimManager                                      - Instance: 0x04D65BBC
Class: RSeqAct_TakeoverVideoScreens                            - Instance: 0x04D664B4
Class: RGFxMovieUI_ContentBeaconPanel                          - Instance: 0x04D66AA0
Class: RMapController                                          - Instance: 0x04D66D80
Class: RBMBehaviour_FireflyFleeBase                            - Instance: 0x04D73F50
Class: RSeqEvent_FailsafeBatmanSeen                            - Instance: 0x04D7ECD4
Class: RSeqEvent_BatmanVantageEscape                           - Instance: 0x04D81020
Class: RSeqEvent_GameOver                                      - Instance: 0x04D894AC
Class: ROnlineStatsWrite                                       - Instance: 0x04DA1D3C
Class: RAEC_ExplodedWall                                       - Instance: 0x04DA67B8
Class: RDamagePawnVolume                                       - Instance: 0x04DA6CBC
Class: RRemoteSwitchBase                                       - Instance: 0x04DA7344
Class: RTakedownCountVolume                                    - Instance: 0x04DA84E4
Class: RGameSettingsCoop                                       - Instance: 0x04DAADF0
Class: RDmgType_BlockBreaker                                   - Instance: 0x04DB6CE4
Class: RDmgType_SuperStun                                      - Instance: 0x04DB6AA0
Class: RDmgType_SuperStunFinal                                 - Instance: 0x04DB685C
Class: RDmgType_SuperStunFinalCharge                           - Instance: 0x04DB6F28
Class: RDmgType_CaltropsTrap                                   - Instance: 0x04DB716C
Class: RDmgType_MedicCharge                                    - Instance: 0x04DB73B0
Class: RSeqEvent_Stunned                                       - Instance: 0x04DB77EC
Class: RDmgType_Batarang                                       - Instance: 0x04DB7A30
Class: RDmgType_AreaShockwave                                  - Instance: 0x04DB7C74
Class: RDmgType_BatClaw                                        - Instance: 0x04DB8194
Class: RDmgType_BatclawPull                                    - Instance: 0x04DB7F50
Class: RDmgType_AirStrikeEnd                                   - Instance: 0x04DB8CE8
Class: RDmgType_AirStrikeEndWall                               - Instance: 0x04DB8AA4
Class: RDmgType_BeatDownStart                                  - Instance: 0x04DBA3A8
Class: RCombatMove_BatmanFloorPickupThug                       - Instance: 0x04DBD1C8
Class: MBMBehaviour_BulletHitReaction                          - Instance: 0x04DBDB0C
Class: RGFxMovieOmnitronBase                                   - Instance: 0x04DC8E5C
Class: RCombatBotVolume                                        - Instance: 0x04DCBBE4
Class: RCombatMove_BatmanHeavyStrike                           - Instance: 0x04DCBFFC
Class: RCombatMove_BatmanQuickStrike                           - Instance: 0x04DCC378
Class: RCombatMove_BatmanHit                                   - Instance: 0x04DD9FE4
Class: RDmgType_LaserGrid_Blue                                 - Instance: 0x04DDB068
Class: RDmgType_LaserGrid                                      - Instance: 0x04DDB2AC
Class: RDmgType_Laser                                          - Instance: 0x04DDB4F0
Class: RDmgType_LaserPylon                                     - Instance: 0x04DDB7CC
Class: RDmgType_SteamVent                                      - Instance: 0x04DDBAA8
Class: RDmgType_CriticalStrike                                 - Instance: 0x04DE0C28
Class: RCombatMove_BatmanRunningStrike                         - Instance: 0x04DE113C
Class: RDmgType_QuickStrike                                    - Instance: 0x04DE17B8
Class: RCombatMove_BatmanCarPassengerStrike                    - Instance: 0x04DEB5BC
Class: RCombatMove_BatmanThrownObjectCounter                   - Instance: 0x04DEC7E4
Class: RCombatMove_BatmanComboTakedown                         - Instance: 0x04DED164
Class: RCombatMove_BatmanInterrogation                         - Instance: 0x04DEFA20
Class: RCombatMove_BatmanEvade                                 - Instance: 0x04DF0C48
Class: RCombatMove_BatmanFastEvade                             - Instance: 0x04DF0F28
Class: RCombatMove_BatmanAerial                                - Instance: 0x04DF168C
Class: RCombatMove_BatmanIntoThrow                             - Instance: 0x04DF23C4
Class: RCombatMove_BatmanThrow                                 - Instance: 0x04DF31EC
Class: RCombatMove_BatmanWeaponSnatch                          - Instance: 0x04DF4804
Class: RCombatMove_BatmanEnvironmentAttack                     - Instance: 0x04DF4D7C
Class: RCombatMove_FailedPairedAnimMove                        - Instance: 0x04DF5194
Class: RCombatMove_FailedFloorTakedown                         - Instance: 0x04DF5834
Class: RBMCombatThrownObject_BatDestroyed                      - Instance: 0x04DF738C
Class: RCombatMove_BatmanFailMove                              - Instance: 0x04DF8130
Class: RDmgType_BlockBreakerWeak                               - Instance: 0x04E018A0
Class: MCombatMove_RedhoodBeatdownAtRange                      - Instance: 0x04E061F0
Class: RCombatMove_BatmanBatmobileTakedown                     - Instance: 0x04E06594
Class: RDmgType_CounterClash                                   - Instance: 0x04E081E4
Class: RDmgType_CounterWeak                                    - Instance: 0x04E08428
Class: MPawnVillainBlackMaskBase                               - Instance: 0x04E08704
Class: MDmgType_RedhoodCounterBlackMask                        - Instance: 0x04E08AA4
Class: RDmgType_CounterBlocked                                 - Instance: 0x04E08E44
Class: RCombatMove_CEAttackBMCounter                           - Instance: 0x04E097B0
Class: RCombatMove_BatmanWaitForThrownObject                   - Instance: 0x04E0A53C
Class: RSpecialMoveControllerSimple                            - Instance: 0x04E2D450
Class: RExplosionPostProcess                                   - Instance: 0x04E2F28C
Class: RSpecialMoveConfig_Jump                                 - Instance: 0x04E334B0
Class: RPassThroughAdjustMovementDirectionInterface            - Instance: 0x04E395A0
Class: RDmgType_Sniper                                         - Instance: 0x04E450FC
Class: RDmgType_RiddlerImpossibleDeathTrap                     - Instance: 0x04E45340
Class: RDmgType_RiddlerRagdoll                                 - Instance: 0x04E45584
Class: RDmgType_Helicopter                                     - Instance: 0x04E457C8
Class: RDmgType_Fell                                           - Instance: 0x04E45C50
Class: RDmgType_Boilingwater                                   - Instance: 0x04E45A0C
Class: RDmgType_KillZone                                       - Instance: 0x04E460D8
Class: RDmgType_MoltenSteel                                    - Instance: 0x04E45E94
Class: RDmgType_Smilex                                         - Instance: 0x04E4631C
Class: RDmgType_GargoyleBomb                                   - Instance: 0x04E46560
Class: RDmgType_Rifle                                          - Instance: 0x04E4683C
Class: RDmgType_Shotgun                                        - Instance: 0x04E46A80
Class: RDmgType_BigHit                                         - Instance: 0x04E4966C
Class: RDmgType_BombExplosion                                  - Instance: 0x04E49428
Class: RSpecialMoveInstance_CrawlSpaceToChute                  - Instance: 0x04E50638
Class: RRescuePointVolume                                      - Instance: 0x04E54724
Class: RRescuePoint_Temporary                                  - Instance: 0x04E556C0
Class: RDummyResonator                                         - Instance: 0x04E584E0
Class: RMagicSmasher                                           - Instance: 0x04E58DD8
Class: RMagicGunStartle                                        - Instance: 0x04E590B8
Class: RFreezeSpray                                            - Instance: 0x04E59434
Class: RSmokeBomb                                              - Instance: 0x04E597B0
Class: RSeqAct_RemoveRHDFromInventory                          - Instance: 0x04E5A38C
Class: RSpecialMoveInstance_SwingToLedge                       - Instance: 0x04E5F4BC
Class: RSeqEvent_PickPocketFailed                              - Instance: 0x04E628F4
Class: RSpecialMoveConfig_Interrogation                        - Instance: 0x04E71048
Class: RHangAttackHook                                         - Instance: 0x04E76CC8
Class: RHangPointSpawnable                                     - Instance: 0x04E76A84
Class: RSpecialMoveInstance_GlideKick                          - Instance: 0x04E7A470
Class: RBatarangableInterface                                  - Instance: 0x04E87FFC
Class: RStealthTakeDownStage_CornerGrab                        - Instance: 0x04E8BACC
Class: RStealthTakeDownStage_FallingTakeDown                   - Instance: 0x04E8BD10
Class: RStealthTakedownStageQuickBase                          - Instance: 0x04E8C198
Class: RStealthTakeDownStage_GrabFromCrouch2                   - Instance: 0x04E8BF54
Class: RStealthTakeDownStage_GrabFromCrouch                    - Instance: 0x04E8C620
Class: RStealthTakeDownStage_GrabFromCrouchAware               - Instance: 0x04E8C3DC
Class: RStealthTakeDownStage_GrabFromHang                      - Instance: 0x04E8C864
Class: RStealthTakeDownStage_LedgeAttack                       - Instance: 0x04E8CAA8
Class: RStealthTakeDownStage_RailingChoke                      - Instance: 0x04E8CCEC
Class: RStealthTakeDownStage_SilentCombatTakedown              - Instance: 0x04E8CF30
Class: RStealthTakeDownStage_ReverseChoke                      - Instance: 0x04E8D174
Class: RStealthTakedownStage_ChainTakedown_Base                - Instance: 0x04E8D5FC
Class: RStealthTakeDownStage_GrabFromCrouchSuccess             - Instance: 0x04E8D3B8
Class: RStealthTakeDownStage_HangingFearFinish                 - Instance: 0x04E8D840
Class: RStealthTakeDownStage_ReverseChokeSuccess               - Instance: 0x04E8DA84
Class: RStealthTakedownStage_RailingFearToRail                 - Instance: 0x04E8DCC8
Class: RStealthTakedownStage_RailingFearToStand                - Instance: 0x04E8DF0C
Class: RStealthTakedownStage_DropToGrab                        - Instance: 0x04E8E150
Class: RPickup_Riddler                                         - Instance: 0x04E98E40
Class: RDmgType_FallIntoWater                                  - Instance: 0x04EAA6C4
Class: RPawnVillainJokerBoxerBase                              - Instance: 0x04EAD42C
Class: RBMWeaponCombatRifleBase                                - Instance: 0x04EADCD4
Class: RDmgType_StealthBatarang                                - Instance: 0x04EB05B4
Class: RDmgType_BoomerangBatarang                              - Instance: 0x04EB0370
Class: RDmgType_FloorTakedownBatarang                          - Instance: 0x04EB0920
Class: RBMAIAction_GrabHostage                                 - Instance: 0x04EB0C00
Class: RDmgType_ComboBatarang                                  - Instance: 0x04EB0F6C
Class: RDmgType_ElectrifiedBatarang                            - Instance: 0x04EB11B0
Class: RDmgType_ControllableBatarang                           - Instance: 0x04EB1550
Class: RDmgType_BalloonBolas                                   - Instance: 0x04EB1794
Class: RBMBalloonBolasProjectileBase                           - Instance: 0x04EB19D8
Class: RDmgType_QuickBatarang                                  - Instance: 0x04EB1C1C
Class: RDmgType_CaltropsRagdoll                                - Instance: 0x04EB50A8
Class: RSeqAct_DeadThugOnscreenCounter                         - Instance: 0x04EB75C8
Class: RDmgType_AntiWeaponGel                                  - Instance: 0x04EB7AF0
Class: RDmgType_GlideKick                                      - Instance: 0x04EB7D34
Class: RSeqEvent_BagCarrierDied                                - Instance: 0x04EB84F4
Class: RSeqEvent_ThugKOdByRedHoodGuns                          - Instance: 0x04EB8738
Class: RSeqEvent_ThugKOdBySomethingOtherThanRedHoodGuns        - Instance: 0x04EB897C
Class: RSeqEvent_KOWithMayhemModeStatus                        - Instance: 0x04EB9340
Class: RSeqEvent_DroneControllerDiedWhileDroneBlind            - Instance: 0x04EB98B8
Class: RDmgType_ElectricityKO                                  - Instance: 0x04EBA9A8
Class: RDmgType_ElectricityRagdollKO                           - Instance: 0x04EBA764
Class: RCombatMove_VillainShieldAttack                         - Instance: 0x04EC01F4
Class: RCombatMove_VillainPairedTaunt                          - Instance: 0x04EC210C
Class: RCombatMove_VillainBatmobileTaunt                       - Instance: 0x04EC27BC
Class: RDmgType_ElectroBlastStrong                             - Instance: 0x04EC82F8
Class: RDmgType_ExplosiveGelStickyBomb                         - Instance: 0x04EC8668
Class: RDmgType_Pipe                                           - Instance: 0x04EC8B0C
Class: RDmgType_Shield                                         - Instance: 0x04EC8D50
Class: RDmgType_ThrowCounter                                   - Instance: 0x04EC8F94
Class: MLaughingGasBase                                        - Instance: 0x04EC9928
Class: MCombatMove_VillainLaughingGasReaction                  - Instance: 0x04EC9C10
Class: MDmgType_LaughingGas                                    - Instance: 0x04ECA208
Class: RDmgType_RunningStrike                                  - Instance: 0x04ECAC14
Class: RDmgType_GroupStun                                      - Instance: 0x04ECB56C
Class: RDmgType_HitByRagdoll                                   - Instance: 0x04ECB874
Class: RDmgType_NoXP                                           - Instance: 0x04ECBCFC
Class: RDmgType_PodExplosion                                   - Instance: 0x04ECBAB8
Class: RDmgType_RicochetStick                                  - Instance: 0x04ECC1D4
Class: RDmgType_LineLauncherKick                               - Instance: 0x04ECC4B0
Class: RDmgType_SwingKick                                      - Instance: 0x04ECC6F4
Class: RDmgType_PounceAttack                                   - Instance: 0x04ECC938
Class: RDmgType_SlideAttack                                    - Instance: 0x04ECCB7C
Class: RDmgType_ZipKick                                        - Instance: 0x04ECCDC0
Class: RDmgType_WristDart                                      - Instance: 0x04ECD004
Class: RDmgType_WristDartHeadShot                              - Instance: 0x04ECD248
Class: RDmgType_ShieldBash                                     - Instance: 0x04ECD6D0
Class: RDmgType_ShieldBlockAndBash                             - Instance: 0x04ECD48C
Class: RDmgType_ElectroBlastWeak                               - Instance: 0x04ECD914
Class: RDmgType_StickyBomb                                     - Instance: 0x04ECDB58
Class: RDmgType_WhipTrip                                       - Instance: 0x04ECDD9C
Class: RBMAIAction_ShootCasualtyDown                           - Instance: 0x04ECFE8C
Class: RSeqEvent_RECCausedStartle                              - Instance: 0x04EE4E50
Class: RAEC_Brang_Sub_WatchBatarang                            - Instance: 0x04EE8C48
Class: RSeqEvent_PawnRevived                                   - Instance: 0x04EEE5FC
Class: RCombatMove_VillainChargeUpVillain                      - Instance: 0x04EEEF54
Class: RCombatMove_BatmanBatclawSlam                           - Instance: 0x04EF0D94
Class: RDmgType_AirStrikeEndHigh                               - Instance: 0x04EF4778
Class: RDmgType_ZipKickNear                                    - Instance: 0x04EF49BC
Class: RCombatMove_VillainHelpUpThug                           - Instance: 0x04EF52B0
Class: RJammerInterface                                        - Instance: 0x04EFC77C
Class: MCombatMove_BlackMaskGunShot                            - Instance: 0x04F0666C
Class: MCombatMove_GadgetDualHandguns                          - Instance: 0x04F0E9E8
Class: MCombatMove_GadgetJackInBox                             - Instance: 0x04F0EF70
Class: MCombatMove_GadgetLaughingGas                           - Instance: 0x04F0F4F8
Class: MCombatMove_GadgetSnareTrap                             - Instance: 0x04F0FA80
Class: MCombatMove_GadgetStickyConcussionGrenade               - Instance: 0x04F10008
Class: RCombatMove_NinjaSingleSwordAttack                      - Instance: 0x04F186D8
Class: RDmgType_BaseballBat                                    - Instance: 0x04F19594
Class: RDmgType_BaseballBatNoRagdoll                           - Instance: 0x04F197D8
Class: RBMCutscene_Cam                                         - Instance: 0x04F1F664
Class: RBMDeathCutscene_Cam                                    - Instance: 0x04F1F420
Class: RBMDeathCutscene_ShoulderCam                            - Instance: 0x04F1F1DC
Class: RBMDeathCutscene                                        - Instance: 0x04F2003C
Class: RDmgType_BeatDownCritical                               - Instance: 0x04F29DA0
Class: RDmgType_BeatDownCriticalStart                          - Instance: 0x04F29FE4
Class: RDmgType_BeatDownCriticalEnd                            - Instance: 0x04F2A228
Class: RBMDeathCutscene_FinalCounterCam                        - Instance: 0x04F33AD8
Class: RDmgType_SmokeBombOutOfCombat                           - Instance: 0x04F3C8F0
Class: RDmgType_WhipDisarm                                     - Instance: 0x04F3E458
Class: RDmgType_PlaceStickyBomb                                - Instance: 0x04F3E69C
Class: RCombatMove_VillainKnifeAttack                          - Instance: 0x04F40F0C
Class: RDmgType_Knife                                          - Instance: 0x04F42404
Class: MCombatMove_VillainNightwingAttack                      - Instance: 0x04F44510
Class: RPawnVillainCombatExpertBase                            - Instance: 0x04F4583C
Class: MPawnVillainNightwingBase                               - Instance: 0x04F455F8
Class: MCombatMove_VillainStickyConcussionGrenadeReaction      - Instance: 0x04F47578
Class: RCrowdSpawner                                           - Instance: 0x04F4D9D0
Class: RCrowdSpawner_XPBats                                    - Instance: 0x04F4E6EC
Class: MCrowdSequence_CrowTrail                                - Instance: 0x04F4E930
Class: MCrowdSpawner_CrowTrail                                 - Instance: 0x04F5098C
Class: MDmgType_JackInBox                                      - Instance: 0x04F5525C
Class: MDmgType_StickyConcussionGrenade                        - Instance: 0x04F55AE0
Class: MDmgType_SuperHarleyStunFinal                           - Instance: 0x04F56280
Class: MGFxMovieUI_WBIDMainBase                                - Instance: 0x04F877F8
Class: MHackableInterface                                      - Instance: 0x04F8AA30
Class: MHackSubroutine                                         - Instance: 0x04F8B550
Class: MHackableObjectBase                                     - Instance: 0x04F8E6F8
Class: MSeqEvent_Hacked                                        - Instance: 0x04F9279C
Class: MSeqEvent_HackCancelled                                 - Instance: 0x04F92D30
Class: MSeqEvent_HackCompleted                                 - Instance: 0x04F95018
Class: MHarleyForensicsInvestigator                            - Instance: 0x04F9EA64
Class: RVantagePointMovementCamera                             - Instance: 0x04FA24C8
Class: RSeqEvent_EnteredVantagePoint                           - Instance: 0x04FA2AAC
Class: RSeqAct_ToggleCanJumpOffVantagePoint                    - Instance: 0x04FA5F7C
Class: RSpecialMoveInstance_ChuteToCrawlSpace                  - Instance: 0x04FA7694
Class: RSeqEvent_TriedGrappleToVantageWithVillainOn            - Instance: 0x04FA9AA8
Class: RSeqEvent_TriedGrappleToUnusableVantage                 - Instance: 0x04FA9CEC
Class: RThermalInterface                                       - Instance: 0x04FABFA8
Class: RGrappleProjectile                                      - Instance: 0x04FB1AE0
Class: RSeqEvent_GrappledTo                                    - Instance: 0x04FB8244
Class: RSpecialMoveInstance_VantageSwingInterface              - Instance: 0x04FBB268
Class: RSeqEvent_FailedGrapple                                 - Instance: 0x04FC020C
Class: MHQBehaviour_SnareTrapTripped_Gun                       - Instance: 0x04FC6698
Class: RSpecialMoveInstance_FloorGrateFar                      - Instance: 0x04FCBB44
Class: RSpecialMoveConfig_RelativeAnimWithAlignment            - Instance: 0x04FCC210
Class: RSpecialMoveConfig_PlaceActor                           - Instance: 0x04FCBFCC
Class: MSpecialMoveConfig_PlaceJackInBox                       - Instance: 0x04FCBD88
Class: RDetonateGadgetInterface                                - Instance: 0x04FCF008
Class: RSeqEvent_JackInTheBoxTakeDown                          - Instance: 0x04FD11F4
Class: RSeqEvent_JackBombedWhileSnared                         - Instance: 0x04FD18F4
Class: RSeqEvent_GadgetNoise                                   - Instance: 0x04FD1F9C
Class: RDmgType_FireExSmokeBomb                                - Instance: 0x04FE9B18
Class: RDisableAIAlertsVolumeBase                              - Instance: 0x04FE9D5C
Class: RBMBehaviour_Pause                                      - Instance: 0x04FEAAE0
Class: RStealthTakeDownStage_GlassAttack                       - Instance: 0x04FF15E4
Class: RStealthTakeDownStage_GlassAttack_Rb                    - Instance: 0x04FF13A0
Class: RStealthTakeDownStage_GlassFinish                       - Instance: 0x04FF1A6C
Class: RStealthTakeDownStage_DropThroughCeilingGrateFinish     - Instance: 0x04FF1828
Class: RSpecialMoveConfig_DropToLedgeHang                      - Instance: 0x05004920
Class: RSpecialMoveInstance_DropToLedgeHang                    - Instance: 0x05004D50
Class: RCombatMove_VillainUseJammedGun                         - Instance: 0x050339EC
Class: RBMCombatThrownObject_TinCan                            - Instance: 0x050351E8
Class: RBMCombatThrownObject_Brick                             - Instance: 0x0503542C
Class: RCombatMove_VillainSmokeBombReaction_Unarmed            - Instance: 0x0503A3C0
Class: RDmgType_GroupAttack                                    - Instance: 0x0503A938
Class: MSeqAct_HackingUpdate                                   - Instance: 0x0504F9FC
Class: MSeqAct_IsSharedFlagSet                                 - Instance: 0x0505038C
Class: MSeqAct_SetSharedFlag                                   - Instance: 0x050509B0
Class: RProjectileAudioDetector                                - Instance: 0x05058B60
Class: RBasicProjectile                                        - Instance: 0x050596E8
Class: RAEC_Startle                                            - Instance: 0x0505DA74
Class: RProximityGadgetTrigger                                 - Instance: 0x0505F70C
Class: RResonatorDisruptor                                     - Instance: 0x05064C3C
Class: MSpecialMoveInstance_PlaceJackInBox                     - Instance: 0x05065110
Class: RSpecialMoveConfig_GlideKick                            - Instance: 0x05065354
Class: MSpecialMoveConfig_RedhoodGunWindow                     - Instance: 0x050659B4
Class: MSpecialMoveInstance_RedhoodGunWindow                   - Instance: 0x050662A0
Class: MSpecialMoveConfig_ShootHandGunRh                       - Instance: 0x050664E4
Class: MSpecialMoveInstance_ShootHandGunRh                     - Instance: 0x0506695C
Class: RSeqAct_TriggerSpecialMove                              - Instance: 0x05066FE4
Class: RSeqEvent_PounceAttackFromVantagePoint                  - Instance: 0x05068190
Class: RSpecialMoveListenerInterface                           - Instance: 0x05069E3C
Class: RSeqEvent_ThugShotThroughWindow                         - Instance: 0x0507CD60
Class: RSeqEvent_ThugShotWhileStunned                          - Instance: 0x0507D2D8
Class: MStickyConcussionGrenade                                - Instance: 0x0507E584
Class: MToggleSubroutine                                       - Instance: 0x0508A3F8
Class: RRCBatarangViewPostProcess                              - Instance: 0x050AC378
Class: RSpecialMoveInstance_OmnitronPasswordCracking           - Instance: 0x050C8834
Class: RDmgType_RiotCarDamage                                  - Instance: 0x050FDFB8
Class: RDmgType_BatmobileEmpRocket                             - Instance: 0x050FF1EC
Class: RDmgType_Brick                                          - Instance: 0x05100488
Class: RSeqEvent_SuccessfullyInteracted                        - Instance: 0x051089F0
Class: RActorFactoryRPathNode                                  - Instance: 0x0510AA68
Class: RAddContentCharacter                                    - Instance: 0x0510B644
Class: RAddContentGadget                                       - Instance: 0x0510C5A0
Class: RAddContentMap                                          - Instance: 0x0510CA30
Class: RAEC_AbandonDrone_Solo                                  - Instance: 0x0510EEE8
Class: RBMAIAction_AbandonDroneRemote                          - Instance: 0x0510F7F8
Class: RAEC_Search_Sub_Sniper                                  - Instance: 0x051143D0
Class: RAEC_Attack_Startle                                     - Instance: 0x05114EB0
Class: RAEC_Attack_CheckGarg                                   - Instance: 0x0511522C
Class: RBMAIAction_StandAndShoot                               - Instance: 0x05117028
Class: RAEC_Attack_Sub_HoldPos                                 - Instance: 0x05117C3C
Class: RAEC_Attack_GuardPerimWatch                             - Instance: 0x0511A4A4
Class: RAEC_Attack_LadderChase                                 - Instance: 0x0511EEA0
Class: RAEC_Attack_WatchAndWait                                - Instance: 0x0511F180
Class: RAEC_Attack_Sub_LobGrenade                              - Instance: 0x0511F4FC
Class: RAEC_Attack_Sub_Chase                                   - Instance: 0x051248C4
Class: RAEC_Attack_Sub_Rail                                    - Instance: 0x0512B268
Class: RAEC_Attack_Sub_CheckGarg                               - Instance: 0x0512ED90
Class: RBMAIAction_RailPeek                                    - Instance: 0x051345D8
Class: RAEC_Casualty_Sub_Rail                                  - Instance: 0x051349EC
Class: RAEC_Attack_Sub_WatchAndWait_Fence                      - Instance: 0x05134D90
Class: RAEC_Attack_FilmA1Tut                                   - Instance: 0x05135C2C
Class: RAEC_Attack_Sub_HoldPos_UntilLost                       - Instance: 0x05136AE0
Class: RAEC_Attack_GuardPerimWatch_Solo                        - Instance: 0x05137D08
Class: RBMAIAction_AimGunAt                                    - Instance: 0x05139FFC
Class: RAEC_Attack_Sub_ChaseAvoidLadder                        - Instance: 0x0513BC64
Class: RAEC_Attack_Sub_WatchAndWait                            - Instance: 0x0513BF44
Class: RBMAIAction_PauseAtTopOfLadder                          - Instance: 0x0513E630
Class: RBMAIAction_ChaseRunTo                                  - Instance: 0x0513F144
Class: RBMAIAction_PauseAndLookAround                          - Instance: 0x0513F584
Class: RBMAIAction_RunToWithAvoid                              - Instance: 0x05142388
Class: RAEC_Attack_Sub_EscapedTakedown                         - Instance: 0x05144370
Class: RBMAIAction_WalkAndShoot                                - Instance: 0x05144F3C
Class: RBMAIAction_Reload                                      - Instance: 0x051456F8
Class: RPawnVillainGunPredMiniGunBase                          - Instance: 0x05146538
Class: RBMAIAction_MinigunKnockback                            - Instance: 0x05147424
Class: RBMAIAction_ThrowGrenade                                - Instance: 0x05148488
Class: RBMAIAction_RailShoot                                   - Instance: 0x05149CF8
Class: RBMAIAction_RunToWithDecellerate                        - Instance: 0x05149FD8
Class: RAEC_Attack_Sub_ThrowGrenadeInVent                      - Instance: 0x0514B088
Class: RBMAIAction_ThrowGrenadeIntoVent                        - Instance: 0x0514BB50
Class: RAEC_BankFearStartle                                    - Instance: 0x051501C4
Class: RAEC_BatarangReaction_Confused                          - Instance: 0x0515128C
Class: RAEC_BatarangReaction_Confused_Solo                     - Instance: 0x05151C54
Class: RBMAIAction_Startle                                     - Instance: 0x05152F6C
Class: RAEC_BatarangReaction_Watching                          - Instance: 0x05154E70
Class: RBMAIAction_FallingCasDodge                             - Instance: 0x0515FB10
Class: RAnnounceAAITannoyRunner                                - Instance: 0x05162E8C
Class: RAEC_Casualty_Sub_Solo                                  - Instance: 0x051652B4
Class: RAEC_Casualty_GroupCheckCas                             - Instance: 0x051654F8
Class: RAEC_Casualty_Sub_MedicBusyQuickDismiss                 - Instance: 0x05165DA0
Class: RAEC_Casualty_Sub_FindCas                               - Instance: 0x05169F70
Class: RAEC_Casualty_Sub_Tyger                                 - Instance: 0x0516A2E4
Class: RAEC_Casualty_Sub_TerrorCas                             - Instance: 0x0516ADD8
Class: RBMAIAction_ReviveCasualty                              - Instance: 0x0516C098
Class: RPerimeterData                                          - Instance: 0x0516F698
Class: RAEC_Casualty_Sub_PointAtCas                            - Instance: 0x05170D08
Class: RAEC_SonicBatarang_Sub                                  - Instance: 0x05170F4C
Class: RAEC_Casualty_Sub_Medic                                 - Instance: 0x0517155C
Class: RAEC_Casualty_Sub_ShootCasDown                          - Instance: 0x051717A0
Class: RAEC_Casualty_Sub_CheckCas                              - Instance: 0x05171A7C
Class: RAEC_Casualty_Sub_Perim                                 - Instance: 0x05172528
Class: RAEC_PostRagdollLookaround_Sub                          - Instance: 0x05173A5C
Class: RBMAIAction_CrouchByCasualty                            - Instance: 0x05179C50
Class: RBMAIAction_RunToCas                                    - Instance: 0x05179F30
Class: RBMAIAction_NervousMoveTo                               - Instance: 0x0517AD90
Class: RBMAIAction_ThrowVantageMine                            - Instance: 0x0517C960
Class: RBMAIAction_HoldPerim                                   - Instance: 0x0517F6B8
Class: RBMAIAction_RunToPerimPeek                              - Instance: 0x0517F998
Class: RBMAIAction_GestureAtCasualty                           - Instance: 0x05180674
Class: RBMAIAction_PointAtCas_Minigunner                       - Instance: 0x05180954
Class: RBMAIAction_TerrorGestureAtCasualty                     - Instance: 0x05182F94
Class: RBMAIAction_ReceiveOrder                                - Instance: 0x05183730
Class: RAEC_ConvergeMine                                       - Instance: 0x05183D68
Class: RAEC_Sub_ConvergeMine                                   - Instance: 0x051856F8
Class: RAEC_DestroyedSentry                                    - Instance: 0x05186298
Class: RAEC_DestroyedSentry_Solo                               - Instance: 0x05186B8C
Class: RAEC_DetectiveModeDetector_Solo                         - Instance: 0x05187E04
Class: RBMAIAction_DetectiveModeDetector                       - Instance: 0x0518839C
Class: RMultiNavHandleWrapper_DisarmedSearch                   - Instance: 0x051899CC
Class: RAEC_Sub_Disarmed                                       - Instance: 0x0518A318
Class: RBMAIAction_Punch                                       - Instance: 0x0518C5A4
Class: RBMAIAction_NoiseStun                                   - Instance: 0x0518E004
Class: RBMAIAction_ShutdownJammerPack                          - Instance: 0x0518E4E0
Class: RAEC_DroneCrashReact_Solo                               - Instance: 0x0518EC48
Class: RBMAIAction_GoggleBlind                                 - Instance: 0x0518F1B0
Class: RAEC_DroneStartle                                       - Instance: 0x0518FB3C
Class: RAEC_EnvironmentStartle                                 - Instance: 0x05191D80
Class: RSeqEvent_ThugStartledByEnvironment                     - Instance: 0x05192710
Class: RAEC_EscapeFromVolumes                                  - Instance: 0x05192F5C
Class: RAEC_EscapeFromVolumes_Solo                             - Instance: 0x05193300
Class: RAEC_ExplodedJammer                                     - Instance: 0x0519459C
Class: RAEC_Sub_ExplodedJammer                                 - Instance: 0x05195690
Class: RGroupOverlookNavHandleWrapper                          - Instance: 0x05197A2C
Class: RAEC_ExplodedWall_GroupCheck                            - Instance: 0x05197DA8
Class: RAEC_ExplodedWall_Sub_Investigate                       - Instance: 0x0519A458
Class: RAEC_ExplodedWall_GroupCheck_Perimeter                  - Instance: 0x0519BAC8
Class: RAEC_ExplodedWall_Sub_CheckWall                         - Instance: 0x0519BDA8
Class: RAEC_FearDart                                           - Instance: 0x051A2944
Class: RAEC_FearDart_Sub_Armed                                 - Instance: 0x051A2D4C
Class: RAEC_FearDart_Watcher                                   - Instance: 0x051A302C
Class: RBMAIAction_FearDartFire                                - Instance: 0x051A4994
Class: RBMAIAction_FearDartWearOff                             - Instance: 0x051A4FC8
Class: RAEC_FearDart_Watcher_Sub                               - Instance: 0x051A613C
Class: RAEC_GoggleBlinded_Group                                - Instance: 0x051A7F90
Class: RAEC_GoggleBlinded_Solo                                 - Instance: 0x051A83D0
Class: RAEC_GrateWatch                                         - Instance: 0x051A9470
Class: RAEC_GrateWatch_Solo                                    - Instance: 0x051A9814
Class: RAEC_PauseAndLook                                       - Instance: 0x051AAE70
Class: RPredHideFromBatmobilePoint                             - Instance: 0x051ABA04
Class: RAEC_HideFromBatmobile_Solo                             - Instance: 0x051AD664
Class: RBMAIAction_HideFromBMBL_Base                           - Instance: 0x051AE9E4
Class: RBMAIAction_HideFromBMBL_Stand                          - Instance: 0x051AEF34
Class: RBMAIAction_HideFromBMBL_Crouch                         - Instance: 0x051AF178
Class: RAEC_Sub_IceBreaker                                     - Instance: 0x051B0138
Class: RAEC_IncendiaryStartle                                  - Instance: 0x051B0A44
Class: RAEC_Sub_IncendiaryStartle                              - Instance: 0x051B0E84
Class: RAEC_JammedGun                                          - Instance: 0x051B1860
Class: RAEC_Sub_JammedGun                                      - Instance: 0x051B1C04
Class: RAEC_JammedGun_Solo_MinigunUnjam                        - Instance: 0x051B1EE4
Class: RBMAIAction_MinigunUnjam                                - Instance: 0x051B27EC
Class: RJobAssignment                                          - Instance: 0x051B319C
Class: RJobAssignment_LevelScripting                           - Instance: 0x051B4ADC
Class: RJobAssignment_MiniManDown                              - Instance: 0x051B67AC
Class: RJobAssignment_GrateGrenade                             - Instance: 0x051B7FD4
Class: RJobAssignment_GargMine                                 - Instance: 0x051B8F3C
Class: RAEC_Search_Sub_VantageMine                             - Instance: 0x051B97D4
Class: RJobAssignment_Minelayer                                - Instance: 0x051BA044
Class: RJobAssignment_TunnelGrenade                            - Instance: 0x051BB954
Class: RJobAssignment_SentryGun                                - Instance: 0x051BC8E4
Class: RAEC_LiteCas                                            - Instance: 0x051C0B28
Class: RAEC_LiteFindCas                                        - Instance: 0x051C157C
Class: RAEC_LockedIn                                           - Instance: 0x051C2860
Class: RLockedInReactionPoint                                  - Instance: 0x051C2BDC
Class: RAEC_LockedIn_Fallback                                  - Instance: 0x051C2FE8
Class: RAEC_LockedInRoot                                       - Instance: 0x051C3978
Class: RSeqEvent_StartBangOnDoor                               - Instance: 0x051C636C
Class: RAEC_MissingGrate                                       - Instance: 0x051C6A8C
Class: RAEC_Sub_MissingGrate                                   - Instance: 0x051C783C
Class: RAEC_Search_Formation                                   - Instance: 0x051C81A8
Class: RAEC_MuseumBooth                                        - Instance: 0x051C9104
Class: RAEC_MuseumBooth_PerPoint                               - Instance: 0x051C9A5C
Class: RPred_MuseumBoothReactionPointBase                      - Instance: 0x051C9DD0
Class: RAEC_Sub_MuseumBooth                                    - Instance: 0x051CB27C
Class: RAEC_OrderedOutOfVolume_Solo                            - Instance: 0x051CCA64
Class: RBMAIAction_CommJam                                     - Instance: 0x051CD564
Class: RAEC_TriggerManDownCountResponse                        - Instance: 0x051CF8A8
Class: RAEC_PostRagdollLookaround                              - Instance: 0x051CFC24
Class: RAEC_SearchLite                                         - Instance: 0x051D0194
Class: RAEC_Search_Sub_FormationLeader                         - Instance: 0x051D1478
Class: RAEC_Sub_PlaceSentryGun                                 - Instance: 0x051D1234
Class: RBMAIAction_LookAllDirections                           - Instance: 0x051D2808
Class: RAEC_Search_Sub                                         - Instance: 0x051DD36C
Class: RAEC_Search_Sub_Terrified                               - Instance: 0x051DD128
Class: RAEC_Search_Sub_RestoreRECedGear                        - Instance: 0x051DD6E8
Class: RAEC_Search_Sub_GeneratorSmash                          - Instance: 0x051DEBE0
Class: RAEC_Search_Sub_RunToGuardVol                           - Instance: 0x051DEF5C
Class: RAEC_Search_Sub_CornerTerrified                         - Instance: 0x051DFD44
Class: RAEC_Search_Sub_Follower                                - Instance: 0x051E0F78
Class: RBMAIAction_PairedCorner                                - Instance: 0x051E3304
Class: RAEC_Search_Sub_Corner                                  - Instance: 0x051E5460
Class: RAEC_Search_Formation_Corner                            - Instance: 0x051E6600
Class: RAEC_Search_Formation_PairUp                            - Instance: 0x051E7680
Class: RAEC_Search_Sub_WaitForBuddy                            - Instance: 0x051E7A24
Class: RAEC_Search_Sub_JoiningBuddy                            - Instance: 0x051E7DC8
Class: RAEC_Search_Formation_SideRoom                          - Instance: 0x051E8594
Class: RSideRoomVolume                                         - Instance: 0x051E8874
Class: RAEC_Search_Sub_SideRoom                                - Instance: 0x051E8B54
Class: RAEC_Search_Formation_Standard                          - Instance: 0x051E9FC8
Class: RAEC_Search_Sub_BuddyBump                               - Instance: 0x051EAF44
Class: RAEC_Search_Sub_BuddyBanter                             - Instance: 0x051EB574
Class: RAEC_Search_Sub_SplitGroup                              - Instance: 0x051EDD70
Class: RAEC_Search_Sub_PredatorPoint                           - Instance: 0x051EE4E4
Class: RAEC_Search_Sub_Grate                                   - Instance: 0x051EEA84
Class: RAEC_Search_Sub_Ledge                                   - Instance: 0x051EF024
Class: RAEC_Search_Sub_WeakWall                                - Instance: 0x051EF528
Class: RBMAIAction_FollowSearch                                - Instance: 0x051F0A50
Class: RAEC_Search_Sub_Standard                                - Instance: 0x051F27C0
Class: RBMAIAction_NervousSearchMove                           - Instance: 0x051F3434
Class: RBMAIAction_NervousSearchMove_Raw                       - Instance: 0x051F58C8
Class: RBMAIAction_NervousSearchMove_Tree                      - Instance: 0x051F5FEC
Class: RBMAIAction_PauseCheckArea                              - Instance: 0x051F6E7C
Class: RBMAIAction_Slaved                                      - Instance: 0x051F7C60
Class: RBMAIAction_BuddyBanter                                 - Instance: 0x051F8DFC
Class: RBMAIAction_NervousMoveTo_Backwards                     - Instance: 0x051F90DC
Class: RBMAIAction_BuddyBump                                   - Instance: 0x051F9C98
Class: RBMAIAction_NervousCorner_Out                           - Instance: 0x051FD9FC
Class: RBMAIAction_NervousCorner_In                            - Instance: 0x051FF980
Class: RBMAIAction_NervousCorner_In_Left                       - Instance: 0x051FF73C
Class: RBMAIAction_NervousCorner_In_Right                      - Instance: 0x051FFE84
Class: RBMAIAction_NervousCorner_Out_Left                      - Instance: 0x05200B44
Class: RBMAIAction_NervousCorner_Out_Right                     - Instance: 0x05200E4C
Class: RBMAIAction_TerrorCorner                                - Instance: 0x05201FC4
Class: RBMAIAction_TerrorMoveTo                                - Instance: 0x052022A4
Class: RBMAIAction_TerrorCorner_Left                           - Instance: 0x05202944
Class: RBMAIAction_TerrorCorner_Right                          - Instance: 0x05202C4C
Class: RSeqEvent_GrateBlownUp                                  - Instance: 0x05207944
Class: RBMAIAction_LookInGrate                                 - Instance: 0x0520EDAC
Class: RBMAIAction_PlaceMine                                   - Instance: 0x0520FEEC
Class: RBMAIAction_ShootGarg                                   - Instance: 0x05217384
Class: RBMAIAction_ShootGen                                    - Instance: 0x052184D4
Class: RBMAIAction_PeekIntoTunnel                              - Instance: 0x052200F4
Class: RProjectile_GrenadeBase                                 - Instance: 0x052212B8
Class: RBMAIAction_PostGrenadeTunnelLook                       - Instance: 0x05221700
Class: RBMAIAction_HoldGuardPoint                              - Instance: 0x052222B0
Class: RBMAIAction_DroneComFixDisruption                       - Instance: 0x05222DB4
Class: RHostageGrabPoint                                       - Instance: 0x05224018
Class: RBMAIAction_KillHostage                                 - Instance: 0x05224F8C
Class: RBMAIAction_BuddyJoin                                   - Instance: 0x05225C3C
Class: RBMAIAction_RestoreSpecial                              - Instance: 0x052339B8
Class: RBMAIAction_RestoreJammer                               - Instance: 0x05233BFC
Class: RBMAIAction_RestoreThermal                              - Instance: 0x05233E40
Class: RBMAIAction_RestoreMines                                - Instance: 0x05234084
Class: RBMAIAction_GestureGroupSplit                           - Instance: 0x05238C50
Class: RBMAIAction_TerrifiedSearchMove                         - Instance: 0x05239BC0
Class: RAEC_SearchlightCower                                   - Instance: 0x0523EBA4
Class: RAEC_Sub_SearchlightCower                               - Instance: 0x0523EF48
Class: RAEC_SearchLite_Sub_Perim                               - Instance: 0x0523FFC8
Class: RBMAIAction_RoofPerimMove                               - Instance: 0x05241E14
Class: RBMAIAction_PatrolWaitBase                              - Instance: 0x05242CEC
Class: RBMAIAction_RoofPerimWait                               - Instance: 0x05242AA8
Class: RAEC_SetBombOnPlant                                     - Instance: 0x052436A8
Class: RAEC_SetBombOnPlant_Solo                                - Instance: 0x05243E44
Class: RBMAIAction_SetBombOnPlant                              - Instance: 0x05244CA4
Class: RAEC_ShootGelMine                                       - Instance: 0x05245934
Class: RAEC_ShootGelMine_Solo                                  - Instance: 0x05246228
Class: RBMAIAction_SmokeStunNoGun                              - Instance: 0x05247BA8
Class: RBMAIAction_SmokePerim                                  - Instance: 0x05248924
Class: RBMAIAction_ThermalSmokePerim                           - Instance: 0x05248C04
Class: RAEC_SonicBatarang                                      - Instance: 0x05249834
Class: RBMAIAction_InvestigateSentryKit                        - Instance: 0x0524DE20
Class: RBMAIAction_MinigunnerInvStartlePoint                   - Instance: 0x0524E498
Class: RBMAIAction_PokeAtWall                                  - Instance: 0x0524E93C
Class: RBMAIAction_InvestigateMine                             - Instance: 0x0524EDE8
Class: RBMAIAction_MinigunnerLookInGrate                       - Instance: 0x0524F164
Class: RBMAIAction_InvestigateLocker                           - Instance: 0x0524F750
Class: RBMAIAction_DroneComLostDroneStartle                    - Instance: 0x05254500
Class: RBMAIAction_DroneConStartle                             - Instance: 0x05254918
Class: RSeqEvent_BagCarrierStartedShootingPlayer               - Instance: 0x05254DF4
Class: RSeqEvent_StartledByPlayer                              - Instance: 0x05255038
Class: RBMAIAction_WaitForWeaponToSettle                       - Instance: 0x052564B8
Class: RBMAIAction_PickupWeapon                                - Instance: 0x05256964
Class: RBMAIAction_GrabFromLocker                              - Instance: 0x05256EDC
Class: RBMAIAction_SmashIcedThug                               - Instance: 0x0525AC78
Class: RBMAIAction_StartledByIncendiary                        - Instance: 0x0525B82C
Class: RBMAIAction_GunJamDiscovery                             - Instance: 0x0525C0B8
Class: RBMAIAction_DiscoverMissingGrate                        - Instance: 0x0525DEB8
Class: RBMSeqEvent_BoothTriggered                              - Instance: 0x0525EC40
Class: RBMAIAction_ReactPoint                                  - Instance: 0x0525F274
Class: RBMAIAction_SearchLightCower                            - Instance: 0x05260624
Class: RSeqEvent_ManDownCountResponse                          - Instance: 0x052616F0
Class: RBMBehaviour_Flee_PredHostage                           - Instance: 0x052673F4
Class: RAIBrain_RedHood                                        - Instance: 0x0526E1F0
Class: RAllInOneVisionPostProcess                              - Instance: 0x0526FC78
Class: RAnimNotify_AnimSpeech                                  - Instance: 0x0528C328
Class: RAnimNotify_AnimStopSpeech                              - Instance: 0x0528C5E4
Class: RAnimNotify_Foley                                       - Instance: 0x0528DC48
Class: RAnimNotify_IK                                          - Instance: 0x0528E96C
Class: RAnimNotify_IK_Offset_Hit                               - Instance: 0x0528EC04
Class: RAnimNotify_IK_Offset_Keep                              - Instance: 0x0528EE9C
Class: RAnimNotify_IK_Offset_Lock                              - Instance: 0x0528F134
Class: RAnimNotify_IK_Offset_Off                               - Instance: 0x0528F3CC
Class: RAnimNotify_IK_Offset_Predict                           - Instance: 0x0528F664
Class: RAnimNotify_MotionExtractionType                        - Instance: 0x052905B8
Class: RArkhamKnightSniperPostProcess                          - Instance: 0x0529E048
Class: RARZoneBase                                             - Instance: 0x0529E5AC
Class: RAudioPoint                                             - Instance: 0x052A3210
Class: RAudioHornSpeakerPoint                                  - Instance: 0x052A3A0C
Class: RAudioPointController                                   - Instance: 0x052A420C
Class: RAudioPoint_DisplayCase                                 - Instance: 0x052A5CCC
Class: RAudioPoint_Helicopter                                  - Instance: 0x052A778C
Class: RAudioPoint_Tannoy                                      - Instance: 0x052A924C
Class: RAutoRescueCamera                                       - Instance: 0x052AC0EC
Class: RBackScreenViewPostProcess                              - Instance: 0x052AD17C
Class: RBankDoorControlPanelBase                               - Instance: 0x052ADFC4
Class: RBMAIAction_OpenBankDoor                                - Instance: 0x052B1E30
Class: RBarkConvoAction_Pause                                  - Instance: 0x052C3184
Class: RSwordProjectile                                        - Instance: 0x052DC9A4
Class: RBatarangElectrifyVolume                                - Instance: 0x052E0414
Class: RSeqEvent_BatarangElectrified                           - Instance: 0x052E0AC0
Class: RSeqEvent_ThugHitByBolas                                - Instance: 0x052E728C
Class: RSeqEvent_BatarangStartle                               - Instance: 0x052E8E14
Class: RDmgType_SonicBatarangShock                             - Instance: 0x052FAC38
Class: RBreakableTV                                            - Instance: 0x052FB800
Class: RBatmobileAbseilHookBase                                - Instance: 0x052FF904
Class: RBatmobileAntiPersonelGun                               - Instance: 0x05307F1C
Class: RBatmobileBooster                                       - Instance: 0x0530C518
Class: RBatmobileDroneScanner                                  - Instance: 0x05318BD8
Class: RSeqEvent_DroneScanComplete                             - Instance: 0x05319CC0
Class: RBatmobileMissile                                       - Instance: 0x05326C14
Class: RBatmobileForensicsBaseActor                            - Instance: 0x0532A838
Class: RBatmobileForensicsFinishPoint                          - Instance: 0x0532B940
Class: RBatmobileForensicsStartPoint                           - Instance: 0x0532C1FC
Class: RBatmobileForensicsTrailNode                            - Instance: 0x0532CABC
Class: RBatmobileGelGun                                        - Instance: 0x0532D41C
Class: RBatmobileLightsVolume                                  - Instance: 0x05334DF8
Class: RBatmobileMine                                          - Instance: 0x05337758
Class: RBatmobileMineLauncher                                  - Instance: 0x05339448
Class: RBatmobileRocket_Projectile                             - Instance: 0x0534ACD8
Class: RBatmobileRockets                                       - Instance: 0x0534CA90
Class: RSeqEvent_FailedToInteract                              - Instance: 0x05352320
Class: RBatmobileScrewHookBase                                 - Instance: 0x05352B9C
Class: RSeqAct_SetBatmobileForensicsBase                       - Instance: 0x05359140
Class: RBatmobileVehicleTracker                                - Instance: 0x0535BF28
Class: RElectricWinchableInterface                             - Instance: 0x05367F34
Class: RSeqEvent_PredIdleConfigCanSpeak                        - Instance: 0x053A54AC
Class: RBM2IdleLookAtConfigs                                   - Instance: 0x053A5B98
Class: RBMAIAction_AttackFromGarg                              - Instance: 0x053A7694
Class: RBMWeaponRiflePredThug                                  - Instance: 0x053A8A24
Class: RBMAIAction_ClimbToGarg                                 - Instance: 0x053B3878
Class: RBMAIAction_Cower                                       - Instance: 0x053B54AC
Class: RBMAIAction_DropFromGarg                                - Instance: 0x053BEC3C
Class: RBMAIAction_EscapeStumble                               - Instance: 0x053C0A2C
Class: RBMAIAction_GargLurk                                    - Instance: 0x053C4D8C
Class: RBMAIAction_GetEatenByPlant                             - Instance: 0x053C766C
Class: RSeqEvent_HostageGrabbed                                - Instance: 0x053CBD30
Class: RSeqEvent_GunJammedDiscovery                            - Instance: 0x053CD83C
Class: RBMAIAction_HardDriveLeaderBase                         - Instance: 0x053CF0E4
Class: RBMAIAction_HoldGuardPoint_Aiming                       - Instance: 0x053D27A8
Class: RBMAIAction_MoveAndTransition                           - Instance: 0x053E3210
Class: RTransitionFromRunConfig                                - Instance: 0x053E3884
Class: RBMAIAction_OnGarg                                      - Instance: 0x053EDC9C
Class: RSeqEvent_TargettedRedhood                              - Instance: 0x053F0C78
Class: RBMAIAction_PatrolWait                                  - Instance: 0x053F3E44
Class: RBMAIAction_PatrolWalk                                  - Instance: 0x053F4ED0
Class: RBMAIAction_PauseCheckVerts                             - Instance: 0x053F81FC
Class: RBMAIAction_PerimPeekInward                             - Instance: 0x053FCF5C
Class: RBMAIAction_PlaceMineVent                               - Instance: 0x05400858
Class: RCombatMove_PredAttack                                  - Instance: 0x05403ED0
Class: RBMAIAction_RiotRunBase                                 - Instance: 0x0540FA3C
Class: RBMAIAction_RiotRunMilitia                              - Instance: 0x0541738C
Class: RBMAIAction_ShootBatarang                               - Instance: 0x05421930
Class: RBMAIAction_ShootBatmobile                              - Instance: 0x05422620
Class: RBMAIAction_StompBatarang                               - Instance: 0x0542F898
Class: RBMAIAction_TerrorGuardPoint                            - Instance: 0x054362F0
Class: RBMAIAction_ThermalCheck                                - Instance: 0x05437CF4
Class: RBMAIAction_ThermalCheck_Cocky                          - Instance: 0x05439B7C
Class: RBMAIAction_ThermalCheck_Nervous                        - Instance: 0x0543A33C
Class: RBMAIAction_WallSmashBatarang                           - Instance: 0x05443000
Class: RBMBehaviour_DefaultIdle                                - Instance: 0x054443AC
Class: RJokerHallucinationCombatController                     - Instance: 0x054445F0
Class: RBMBehaviour_JokerIncedental                            - Instance: 0x054454E0
Class: RBMBehaviour_JokerEndOfCombat                           - Instance: 0x05445DA4
Class: RDisableAIDivingAwayFromVehiclesVolume                  - Instance: 0x05449C64
Class: RSeqEvent_ShotAt                                        - Instance: 0x054534F8
Class: RBMCutscene_BatClawCam                                  - Instance: 0x05466A30
Class: RBMCutscene_SilentPredatorFinale                        - Instance: 0x05466C74
Class: RBMCutscene_LineLauncherKill                            - Instance: 0x05466EB8
Class: RBMCutscene_MultiBatClawCam                             - Instance: 0x054670FC
Class: RBMCutscene_JokerGunCam                                 - Instance: 0x05467340
Class: RBMCutscene_FallingFinale                               - Instance: 0x05467584
Class: RBMBehaviour_BatClawedMultiWeapon                       - Instance: 0x0547A77C
Class: RBMBehaviour_ChangeAlternativeWeapConfig                - Instance: 0x0547E014
Class: RBMBehaviour_CheckOutcastFlag                           - Instance: 0x0547E7B8
Class: RBMBehaviour_StartWandering                             - Instance: 0x0547EDA8
Class: RBMBehaviour_ChinookAbseil                              - Instance: 0x0547F610
Class: RBMBehaviour_ChinookPassenger                           - Instance: 0x05487B54
Class: RBMBehaviour_CityRunAwayBase                            - Instance: 0x0548956C
Class: RCombatMove_VillainEvade                                - Instance: 0x0549B754
Class: RWeaponPickupSearch                                     - Instance: 0x0549EA20
Class: RCombatMove_VillainPushedIntoThug                       - Instance: 0x054A4E38
Class: RCombatMove_VillainShoved                               - Instance: 0x054A5448
Class: RCombatMove_VillainThrowBrick                           - Instance: 0x054AA5A0
Class: RCombatMove_ThrowGrenadeAtBatmobile                     - Instance: 0x054AABBC
Class: RCombatMove_VillainStampOnFingers                       - Instance: 0x054AB290
Class: RSeqEvent_TauntingPlayer                                - Instance: 0x054B06E4
Class: RSeqEvent_SniperDisabled                                - Instance: 0x054B1278
Class: RCombatMove_VillainReviveCasualty                       - Instance: 0x054B9450
Class: RCombatMove_VillainPickupWeapon                         - Instance: 0x054B9F5C
Class: RBMBehaviour_Combat2D                                   - Instance: 0x054BC83C
Class: RCombatMove_2DVillainHighLowAttack                      - Instance: 0x054BCD48
Class: RCombatMove_VillainThrowHeavyObject                     - Instance: 0x054C0DDC
Class: RCombatMove_VillainHeavySmashAttack                     - Instance: 0x054C1020
Class: RCombatMove_VillainDropHeavyObject                      - Instance: 0x054C17B0
Class: RBMBehaviour_CombatKnife                                - Instance: 0x054C29D8
Class: RCombatMove_LieutenantSledgehammerAttack                - Instance: 0x054C5234
Class: RCombatMove_LieutenantJumpAttack                        - Instance: 0x054C4FF0
Class: RBMBehaviour_CombatPipe                                 - Instance: 0x054C6508
Class: RBMBehaviour_CombatMiniSledgehammer                     - Instance: 0x054C6FD4
Class: RBMBehaviour_CombatMoveControlled                       - Instance: 0x054C7614
Class: RCombatMove_NinjaCombatRoll                             - Instance: 0x054D29D4
Class: RCombatMove_VillainRifleAttack                          - Instance: 0x054D6770
Class: RCombatMove_VillainRifleBatmobileAttack                 - Instance: 0x054D6E64
Class: RBMBehaviour_CombatRifleRobot                           - Instance: 0x054D90D8
Class: RBMBehaviour_CombatShield                               - Instance: 0x054DA190
Class: RBMBehaviour_CombatThugStrong                           - Instance: 0x054DE264
Class: RCombatMove_VillainClash                                - Instance: 0x054DE808
Class: RBMBehaviour_CoopPatrol                                 - Instance: 0x054DFBFC
Class: RBMBehaviour_CornerActionTest                           - Instance: 0x054E22A4
Class: RBMBehaviour_DebugGrenadeTrial                          - Instance: 0x054E38D8
Class: RDmgType_BatmobileZap                                   - Instance: 0x054E8430
Class: RDmgType_Dive                                           - Instance: 0x054E8674
Class: RBMSeqEvent_ExitedVehicle                               - Instance: 0x054EE754
Class: RDmgType_RagdollNoStars                                 - Instance: 0x054F0F1C
Class: RBMBehaviour_FearGasPanic                               - Instance: 0x054F1E80
Class: RDmgType_LandedOn                                       - Instance: 0x054F4530
Class: RBMBehaviour_Flee                                       - Instance: 0x054FA2B8
Class: RBMBehaviour_Follow                                     - Instance: 0x054FEE94
Class: RBMBehaviour_ForceDeath                                 - Instance: 0x055009C8
Class: RBMBehaviour_GiveWeapon                                 - Instance: 0x0550AE64
Class: RBMBehaviour_GrabHostage                                - Instance: 0x0550B464
Class: RBMBehaviour_HitReaction_Minigunner                     - Instance: 0x0550BF20
Class: RBMBehaviour_HitReactionMultiWeaponREC                  - Instance: 0x0550CFCC
Class: RBMBehaviour_Interrogation                              - Instance: 0x0550FB60
Class: RBMBehaviour_LineLauncherGrabbed                        - Instance: 0x0551B320
Class: RBMBehaviour_LookAtSpeaker                              - Instance: 0x0551BC98
Class: RBMBehaviour_Magnetised                                 - Instance: 0x0551C3E8
Class: RBMBehaviour_MoveToMultiplePoints                       - Instance: 0x0552105C
Class: RBMBehaviour_MoveToNavMesh                              - Instance: 0x05523C00
Class: RBMBehaviour_MoveToRandomPoint                          - Instance: 0x055296A0
Class: RBMBehaviour_NeedsRescue                                - Instance: 0x0552BCA0
Class: RBMBehaviour_Patrol                                     - Instance: 0x0552C5E4
Class: RBMBehaviour_PlaceMine                                  - Instance: 0x0552CDDC
Class: RBMBehaviour_PlayAnimFromAnimset                        - Instance: 0x0552E2F0
Class: RBMBehaviour_PostFlee                                   - Instance: 0x0552FAF0
Class: RBMBehaviour_PredatorSniper                             - Instance: 0x0552FF80
Class: RBMBehaviour_PredGuard                                  - Instance: 0x05531408
Class: RDmgType_Bomb                                           - Instance: 0x05534560
Class: RBMBehaviour_RocketLauncher                             - Instance: 0x05535D9C
Class: RBMBehaviour_RunToCombat                                - Instance: 0x0553622C
Class: RBMBehaviour_RunToCombatNoPoseChange                    - Instance: 0x05536F84
Class: RBMBehaviour_SetIdleStance                              - Instance: 0x0553787C
Class: RBMWeaponSniperBase                                     - Instance: 0x0553A5A0
Class: RBMBehaviour_StandingTalk                               - Instance: 0x055487DC
Class: RBMBehaviour_ThermalCheck                               - Instance: 0x05549210
Class: RCrossLevelVantageProxy                                 - Instance: 0x0554958C
Class: RBMBehaviour_VoiceControl                               - Instance: 0x0554A558
Class: RBMCameraEmitterBloodSplat                              - Instance: 0x0555FE4C
Class: RBMSeqEvent_EnvironmentObjectDestroyed                  - Instance: 0x0556B808
Class: RCombatMove_VillainGetWeaponFromEnvironment             - Instance: 0x0556F338
Class: RBMWeapon_SmashedSegment                                - Instance: 0x0557B530
Class: RBMCombatThrownObject_BatDestroyedPart1                 - Instance: 0x0557ECA4
Class: RBMWeaponPipeBase                                       - Instance: 0x05581114
Class: RBMWeaponBatBase                                        - Instance: 0x05580ED0
Class: RBMCombatThrownObject_Grenade                           - Instance: 0x05583598
Class: RBMCombatThrownObject_GunDestroyed                      - Instance: 0x05584FA8
Class: RBMCombatThrownObject_Rifle                             - Instance: 0x05587A38
Class: RBMCombatThrownObject_RifleDestroyed                    - Instance: 0x05588F8C
Class: RBMCombatThrownObject_RifleDestroyedPart3               - Instance: 0x05589294
Class: RBMCombatThrownObject_RifleDestroyedPart1               - Instance: 0x055894D8
Class: RBMCombatThrownObject_RifleDestroyedPart2               - Instance: 0x0558971C
Class: RBMDeathCutscene_360Spin                                - Instance: 0x0559D39C
Class: RBMDeathCutscene_FinalTakedownCam                       - Instance: 0x0559FEF8
Class: RBMDeathCutscene_FloorTakedownCam                       - Instance: 0x055A1D04
Class: RBMExitCondition_Flag                                   - Instance: 0x055A4758
Class: RBMExitCondition_RangeOrLOS                             - Instance: 0x055A514C
Class: RBMExitCondition_Triggered                              - Instance: 0x055A638C
Class: RElectrifiedFloorPanel_RobotSpawnerBase                 - Instance: 0x055B7348
Class: RPawnVillainThug_SuicideRobotBase                       - Instance: 0x055B823C
Class: RBMSeqAct_AttachPawnToBehaviour                         - Instance: 0x055B9D90
Class: RBMSeqAct_StopSpeech                                    - Instance: 0x055BA64C
Class: RBMSeqEvent_DualplayAdrenalineSpent                     - Instance: 0x055BACC4
Class: RBMSeqEvent_DualTakedownStateChange                     - Instance: 0x055BB084
Class: RBMSeqEvent_HostageSeePlayer_Left                       - Instance: 0x055BB73C
Class: RBMSeqEvent_HostageSeePlayer_Right                      - Instance: 0x055BBAFC
Class: RBMSeqEvent_ManBatDone                                  - Instance: 0x055BBEBC
Class: RBMSeqEvent_ManBatFailed                                - Instance: 0x055BC27C
Class: RBMSeqEvent_ManBatGrabStart                             - Instance: 0x055BC63C
Class: RBMSeqEvent_PredEnd_HostageFree                         - Instance: 0x055BC9FC
Class: RBMSeqEvent_PredEnd_HostageStillBound                   - Instance: 0x055BCDBC
Class: RBMSeqEvent_RiddlerKO                                   - Instance: 0x055BD17C
Class: RBMSeqEvent_StartleDestroyed                            - Instance: 0x055BD53C
Class: RBMSeqEvent_StartleFired                                - Instance: 0x055BD8FC
Class: RBMSeqEvent_StartleKnockedMinigunnnerOut                - Instance: 0x055BDE14
Class: RBMSeqEvent_StartleKnockedThugOut                       - Instance: 0x055BE32C
Class: RCombatMove_VillainSmokeBombReaction_Pipe               - Instance: 0x055D2B38
Class: RCombatMove_VillainPipeAttack                           - Instance: 0x055D2D7C
Class: RSeqEvent_JammedGunKilledThug                           - Instance: 0x055E39A4
Class: RDmgType_CombatRifle                                    - Instance: 0x055EA174
Class: RCombatMove_VillainSmokeBombReaction_Gun                - Instance: 0x055EA3B8
Class: RBMWeaponCombatRifle                                    - Instance: 0x055EB6EC
Class: RRocketLauncherEdge                                     - Instance: 0x055F3830
Class: RBMWeaponShieldBase                                     - Instance: 0x055F51C8
Class: RBotExclusionVolume                                     - Instance: 0x055F9C48
Class: RSeqEvent_TVBroken                                      - Instance: 0x055FD1A8
Class: RCapeOnlyBlockingVolume                                 - Instance: 0x0561023C
Class: RCartoonViewPostProcess                                 - Instance: 0x056191AC
Class: RChapterBarkSet                                         - Instance: 0x0562FDE0
Class: RChapterLineSet                                         - Instance: 0x05630078
Class: RCharacter_Guard                                        - Instance: 0x05632E3C
Class: RCharacter_Thug                                         - Instance: 0x05633808
Class: RGFxWorldMovieActor                                     - Instance: 0x056515BC
Class: RGFxWorldMovieActorMap3D                                - Instance: 0x05651378
Class: RCinematicCustomActor                                   - Instance: 0x05696AF4
Class: RCombatEvent_CombatTakedown                             - Instance: 0x056A0BD0
Class: RCombatMove_2DVillainBlock                              - Instance: 0x056A1404
Class: RPawnVillainPrototype2DBase                             - Instance: 0x056A19E0
Class: RDmgType_AerialJump                                     - Instance: 0x056A9A2C
Class: RCombatMove_BatmanAerialToBeatdown                      - Instance: 0x056AF424
Class: RCombatMove_BatmanBarge                                 - Instance: 0x056B21CC
Class: RCombatMove_BatmanBatclawRedirect                       - Instance: 0x056B431C
Class: RDmgType_RedirectChargerRagdoll                         - Instance: 0x056B4CF0
Class: RDmgType_BatClawSlamSuper                               - Instance: 0x056B6F68
Class: RCombatMove_BatmanBeginCombat                           - Instance: 0x056BF744
Class: RSeqEvent_TakedownBase                                  - Instance: 0x056C7B30
Class: RSeqEvent_NoisyTakedown                                 - Instance: 0x056C78EC
Class: RCombatMove_BatmanDropWeapon                            - Instance: 0x056C9D8C
Class: RCombatMove_BatmanFinishedCombat                        - Instance: 0x056D5768
Class: RSeqEvent_FloorTakedown                                 - Instance: 0x056DC0C4
Class: RSeqEvent_TakedownUnarmedThug                           - Instance: 0x056DC308
Class: RCombatMove_BatmanGrabThrownObject                      - Instance: 0x056DDC1C
Class: RCrowdSequence_BatAttractCamera                         - Instance: 0x056E6C24
Class: RCombatMove_BatmanMultiStrike                           - Instance: 0x056F3D24
Class: RCombatMove_BatmanPickupThrownObject                    - Instance: 0x056F512C
Class: RCombatMove_BatmanStrikeCE                              - Instance: 0x056FC68C
Class: RCombatMove_BatmanStrikeCEBlock                         - Instance: 0x056FEEFC
Class: RCombatMove_BatmanSuperBatclawSlam                      - Instance: 0x05708168
Class: RDmgType_HeavyObject                                    - Instance: 0x05711C44
Class: RCombatMove_BatmanWallStrike                            - Instance: 0x057146D0
Class: RDmgType_GroupTrip                                      - Instance: 0x0571FF94
Class: RDmgType_StrikeNoRepel                                  - Instance: 0x057201D8
Class: RCombatMove_CatwomanStunStrike                          - Instance: 0x0572091C
Class: RCombatMove_GadgetAreaStun                              - Instance: 0x0573CF88
Class: RCombatMove_GadgetBatarang                              - Instance: 0x0573D510
Class: RCombatMove_GadgetBatClaw                               - Instance: 0x0573DA98
Class: RCombatMove_GadgetBullwhip                              - Instance: 0x0573E020
Class: RCombatMove_GadgetCaltrops                              - Instance: 0x0573E5A8
Class: RCombatMove_GadgetExplosiveGel                          - Instance: 0x0573EB30
Class: RCombatMove_GadgetFreezeBlast                           - Instance: 0x0573F0B8
Class: RCombatMove_GadgetFreezeCluster                         - Instance: 0x0573F640
Class: RCombatMove_GadgetREC                                   - Instance: 0x0573FBC8
Class: RCombatMove_GadgetRicochetSticks                        - Instance: 0x05740150
Class: RCombatMove_GadgetShieldBash                            - Instance: 0x057406D8
Class: RCombatMove_GadgetStickyBomb                            - Instance: 0x05740C60
Class: RCombatMove_GadgetWristDart                             - Instance: 0x057411E8
Class: RSpecialMoveInstance_DiveOverRailing                    - Instance: 0x057461C8
Class: RCombatMove_JokerBoxerGrab                              - Instance: 0x0574B788
Class: RCombatMove_JokerTeaseCombatThug                        - Instance: 0x0574C1E0
Class: RDmgType_SledgeHammer                                   - Instance: 0x0574D5C8
Class: RDmgType_SledgeHammerNoRagdoll                          - Instance: 0x0574D80C
Class: RCombatMove_LieutenantMFAReaction                       - Instance: 0x05750414
Class: RCombatMove_LieutenantSmokeReaction                     - Instance: 0x0575161C
Class: RCombatMove_NinjaDodgeStrike                            - Instance: 0x05753038
Class: RDmgType_NinjaSword                                     - Instance: 0x05756D30
Class: RCombatMove_VillainMultiAttackAndCounter                - Instance: 0x0575CA54
Class: RDmgType_KnifeCombo                                     - Instance: 0x05760198
Class: RDmgType_NinjaSwordCombo                                - Instance: 0x057603DC
Class: RCombatMove_RasMultiAttackAndChoke                      - Instance: 0x05766BD8
Class: RCombatMove_RiddlerMechChargeUp                         - Instance: 0x057672A0
Class: RCombatMove_RiddlerMechFarAttack                        - Instance: 0x05768EF0
Class: RCombatMove_RiddlerMechMakeRobotCharge                  - Instance: 0x0576CEC0
Class: RCombatMove_RiddlerMechPowerUpRobot                     - Instance: 0x0576D428
Class: RCombatMove_RiddlerMechRevive                           - Instance: 0x0576D974
Class: RCombatMove_RiddlerMechToggleRobotColour                - Instance: 0x057716F4
Class: RCombatMove_RobotChargeAttack                           - Instance: 0x05773B6C
Class: RCombatMove_VillainDodge                                - Instance: 0x05789CC4
Class: RCombatMove_VillainHoldingFizzingFireEx                 - Instance: 0x05793704
Class: RCombatMove_VillainJump                                 - Instance: 0x057940C8
Class: RCombatMove_VillainJumpAttack                           - Instance: 0x057952E4
Class: RCombatMove_VillainPushThug                             - Instance: 0x0579FA08
Class: RCombatMove_VillainRobotRifleAttack                     - Instance: 0x057A8BE4
Class: RDmgType_StrikeSimultaneous                             - Instance: 0x057B728C
Class: RSeqEvent_CommandBeaconDialogueTrigger                  - Instance: 0x057C6E70
Class: RSeqAct_CommandBeacon                                   - Instance: 0x057CAE80
Class: RHUDInterface                                           - Instance: 0x057CE8AC
Class: RSeqEvent_CommandBeaconShotByBMBL                       - Instance: 0x057D3528
Class: RCornerPoint                                            - Instance: 0x057D4CF8
Class: RCornerPointUniversal                                   - Instance: 0x057D5460
Class: RCrowdAttractor_Player                                  - Instance: 0x057DF8A4
Class: RCrowdAttractor_Test                                    - Instance: 0x057E0128
Class: RCrowdSequence_BatAttract                               - Instance: 0x057E1DC0
Class: RCrowdSpawner_BatAttract                                - Instance: 0x057E44E8
Class: RCrowdSequence_BatmanAppear                             - Instance: 0x057E472C
Class: RCrowdSpawner_BatmanAppear                              - Instance: 0x057E550C
Class: RCrowdSequence_BatmanAppearInitial                      - Instance: 0x057E5750
Class: RCrowdSpawner_BatmanAppearInitial                       - Instance: 0x057E6530
Class: RCrowdSequence_BatmanVanish                             - Instance: 0x057E6774
Class: RCrowdSpawner_BatmanVanish                              - Instance: 0x057E7554
Class: RCrowdSequence_Flock                                    - Instance: 0x057E7798
Class: RCrowdSpawner_FlockingBats                              - Instance: 0x057E8658
Class: RCrowdSequence_SimplePath                               - Instance: 0x057E889C
Class: RCrowdSpawner_XPCutsceneBats                            - Instance: 0x057ED094
Class: RSeqEvent_DamagePawnVolumeDLC                           - Instance: 0x05810330
Class: RSeqEvent_DamagePawnVolume                              - Instance: 0x05810574
Class: RDeathCamera                                            - Instance: 0x058217D4
Class: RDebugCameraHUD                                         - Instance: 0x05826B40
Class: ScreenShotSpotLight                                     - Instance: 0x0582942C
Class: ScreenShotPointLight                                    - Instance: 0x058297D0
Class: RSeqAct_ChangeDebugLabelText                            - Instance: 0x0582E9A4
Class: RDebugMenuContent                                       - Instance: 0x058407E0
Class: RDeferred_PointLight                                    - Instance: 0x0585BE70
Class: RDeferred_PointLight_Quadratic                          - Instance: 0x0585C64C
Class: RDeferred_PointLight_Shadowed                           - Instance: 0x0585CE2C
Class: RDeferred_PointLight_Quadratic_Shadowed                 - Instance: 0x0585D60C
Class: RDeferred_SpotLight_LightShaft                          - Instance: 0x0585DDEC
Class: RDeferred_SpotLight_Quadratic                           - Instance: 0x0585EA94
Class: RDeferred_SpotLight_Quadratic_Shadowed                  - Instance: 0x0585F2C4
Class: RSeqEvent_DestructiblePropDamage                        - Instance: 0x0586D938
Class: RSeqEvent_DestructiblePropDamageSuppressed              - Instance: 0x0586DCDC
Class: RDmgType_ShockedStumble                                 - Instance: 0x05876ECC
Class: RDestructibleProp_PointLight                            - Instance: 0x05878F40
Class: RDestructibleProp_SignPost                              - Instance: 0x0587A070
Class: RDestructibleProp_SpotLight                             - Instance: 0x0587AF64
Class: RDestructibleProp_TrafficLight                          - Instance: 0x0587C100
Class: RDirectionalLightStaticShadows                          - Instance: 0x05883B98
Class: RDisableEvadeVolume                                     - Instance: 0x05885A48
Class: RDisorientationPostProcess                              - Instance: 0x05886B28
Class: RRemoteControlHighSecurityInterface                     - Instance: 0x05887E8C
Class: RSeqEvent_DeviceDisrupted                               - Instance: 0x0588E3E4
Class: RDisruptableItem                                        - Instance: 0x0589085C
Class: RSeqAct_RestrictDisruptorTargets                        - Instance: 0x0589956C
Class: RDmgType_Barge2                                         - Instance: 0x058A6958
Class: RDmgType_BigZapHit                                      - Instance: 0x058A8884
Class: RDmgType_BurlyBrawl                                     - Instance: 0x058A97AC
Class: RDmgType_CaltropsTrapSwipe                              - Instance: 0x058A9F10
Class: RDmgType_Challenge_Seen                                 - Instance: 0x058AA454
Class: RDmgType_Challenge_TimeOut                              - Instance: 0x058AA7E0
Class: RDmgType_ChargeStrike                                   - Instance: 0x058AAB6C
Class: RDmgType_CriticalCounter                                - Instance: 0x058ABA88
Class: RDmgType_DestructibleNoWeaponDamage                     - Instance: 0x058AC0D4
Class: RDmgType_DoorReaction                                   - Instance: 0x058AC5A8
Class: RDmgType_DropTakedown                                   - Instance: 0x058AC934
Class: RDmgType_EnemyTankMissile                               - Instance: 0x058AD898
Class: RDmgType_Excavator                                      - Instance: 0x058ADC24
Class: RDmgType_Explosive_HeavyObject                          - Instance: 0x058AE10C
Class: RDmgType_FearGas                                        - Instance: 0x058AE798
Class: RDmgType_FlamingTorch                                   - Instance: 0x058AEDB8
Class: RDmgType_Fracture                                       - Instance: 0x058AF300
Class: RDmgType_FreezeGun                                      - Instance: 0x058AF654
Class: RDmgType_Harpoon                                        - Instance: 0x058B0088
Class: RDmgType_HeavyStrikeUnblockable                         - Instance: 0x058B055C
Class: RDmgType_HeavySwordStrike                               - Instance: 0x058B08FC
Class: RDmgType_HitByTrain                                     - Instance: 0x058B11C0
Class: RDmgType_InstantDeath                                   - Instance: 0x058B1694
Class: RDmgType_JokerBoxerCloseAttackStrike                    - Instance: 0x058B1A90
Class: RDmgType_JokerGun                                       - Instance: 0x058B1E30
Class: RDmgType_JokerShotgun                                   - Instance: 0x058B21BC
Class: RDmgType_JokerTeeth                                     - Instance: 0x058B2548
Class: RDmgType_KnifeCounter                                   - Instance: 0x058B2B64
Class: RDmgType_KnockBack                                      - Instance: 0x058B2EF0
Class: RDmgType_MultiStrike                                    - Instance: 0x058B4124
Class: RDmgType_SilentTakedown                                 - Instance: 0x058B4754
Class: RDmgType_OrderedTakedown                                - Instance: 0x058B4AE0
Class: RDmgType_Piston                                         - Instance: 0x058B4FC8
Class: RDmgType_Poison                                         - Instance: 0x058B549C
Class: RDmgType_PounceBlast                                    - Instance: 0x058B5984
Class: RDmgType_QuickSwordStrike                               - Instance: 0x058B5FC8
Class: RDmgType_Ras                                            - Instance: 0x058B64B0
Class: RDmgType_RasCharge                                      - Instance: 0x058B683C
Class: RDmgType_RiddlerLaser                                   - Instance: 0x058B72A4
Class: RDmgType_ThugMineExplosion_Player                       - Instance: 0x058B7630
Class: RDmgType_RiddlerMineExplosion_Player                    - Instance: 0x058B79BC
Class: RDmgType_RigidBody                                      - Instance: 0x058B7E90
Class: RDmgType_RiotDamage                                     - Instance: 0x058B832C
Class: RDmgType_RunningBlockBreaker                            - Instance: 0x058B86B8
Class: RDmgType_Strangle                                       - Instance: 0x058B9F88
Class: RDmgType_Takedown_Corner                                - Instance: 0x058BA964
Class: RDmgType_Takedown_GlassAttack                           - Instance: 0x058BAD60
Class: RDmgType_Takedown_Grate                                 - Instance: 0x058BB0EC
Class: RDmgType_Takedown_InvertedCeiling                       - Instance: 0x058BB5C0
Class: RDmgType_Takedown_Ledge                                 - Instance: 0x058BB94C
Class: RDmgType_Takedown_LedgeHang                             - Instance: 0x058BBCD8
Class: RDmgType_Takedown_LineLauncher                          - Instance: 0x058BC064
Class: RDmgType_Takedown_ReverseLedge                          - Instance: 0x058BC3F0
Class: RDmgType_Takedown_VentAttack                            - Instance: 0x058BC77C
Class: RDmgType_ThugMineExplosion                              - Instance: 0x058BCD4C
Class: RDmgType_WallStrike                                     - Instance: 0x058BD220
Class: RDmgType_WhipMiss                                       - Instance: 0x058BD7E8
Class: RDownloadableContentManager                             - Instance: 0x058C0418
Class: RDroneChaseVolume                                       - Instance: 0x058C0D20
Class: RDummyTarget_Dialogue                                   - Instance: 0x058C1828
Class: RDummyTarget_Dialogue_Spawnable                         - Instance: 0x058C2370
Class: RDroneTrackingVolume                                    - Instance: 0x058C32D8
Class: RSeqEvent_ResonatorFailedJammed                         - Instance: 0x058CA9FC
Class: RDummyTarget_LookAt                                     - Instance: 0x058CF4CC
Class: RDummyTarget_Spawnable                                  - Instance: 0x058CFAE0
Class: RDynamicCeilingClimbVolume                              - Instance: 0x058D0EE8
Class: RSeqEvent_BatmanOnElectrifiedPanel                      - Instance: 0x058D45C8
Class: RSeqEvent_ElectricFloorKOdThugs                         - Instance: 0x058D584C
Class: REvadeOverrideVolume                                    - Instance: 0x058D91C8
Class: RXPSequence                                             - Instance: 0x058DACFC
Class: RExplosiveGelableInterface                              - Instance: 0x058E1DC0
Class: RFallingRescueVolume                                    - Instance: 0x058F669C
Class: RFixedCombatCamera                                      - Instance: 0x058F9038
Class: RFlashCWViewPostProcess                                 - Instance: 0x058FC194
Class: RFlashNightWingViewPostProcess                          - Instance: 0x058FC6F8
Class: RFlashViewPostProcess                                   - Instance: 0x058FCC5C
Class: RSeqAct_ToggleDoDamage                                  - Instance: 0x058FFA6C
Class: RSeqEvent_LandedOnRaft                                  - Instance: 0x0590677C
Class: RSeqEvent_SideStoryLocationDiscovered                   - Instance: 0x0591500C
Class: RSideStoryDiscoveryActor                                - Instance: 0x05915ABC
Class: RSeqEvent_FilterMode                                    - Instance: 0x0591C0AC
Class: RXRayViewPostProcess                                    - Instance: 0x0591C69C
Class: RRadioViewPostProcess                                   - Instance: 0x0591CB0C
Class: RXrayOffViewPostProcess                                 - Instance: 0x0591CF7C
Class: RSeqEvent_EvidenceTrailAdvanced                         - Instance: 0x05922C24
Class: RSeqEvent_CrimeSceneEvidenceScanning                    - Instance: 0x05926318
Class: RSeqEvent_CrimeSceneCompleted                           - Instance: 0x059267F4
Class: RPhysicalEvidenceTrail                                  - Instance: 0x0592B930
Class: RSeqEvent_SpecialTrackingThresholdBreached              - Instance: 0x0592C7CC
Class: RForensicsMovieTestActor                                - Instance: 0x05935FB8
Class: RFractureManager                                        - Instance: 0x05936D08
Class: RFractureWall                                           - Instance: 0x0593FF9C
Class: RMagneticProp                                           - Instance: 0x059442DC
Class: RFrameRateKiller                                        - Instance: 0x05944520
Class: RSeqEvent_FreezeBlastHit                                - Instance: 0x0594C9A4
Class: RSeqEvent_CreatedRaft                                   - Instance: 0x05951DA4
Class: RGameSearchCoop                                         - Instance: 0x0596BA2C
Class: RGameViewportClient                                     - Instance: 0x0596C17C
Class: RGFxMovieVideoOverlay                                   - Instance: 0x0597FE18
Class: RGFxMovieCustom                                         - Instance: 0x0598D824
Class: RGFxMovieGadgetReward                                   - Instance: 0x059942A8
Class: RSeqAct_ShowGadgetReward                                - Instance: 0x05994588
Class: RGFxMovieGenericError                                   - Instance: 0x05994E40
Class: RSeqAct_MultipleMobileObjectives                        - Instance: 0x0599DFA4
Class: RGFxMoviePLMResume                                      - Instance: 0x059B4664
Class: RGFxMovieScoreHUD                                       - Instance: 0x059C2F94
Class: RGFxMovieUI_ConceptGallery                              - Instance: 0x059CDE24
Class: RGFxMovieUI_CustomBackScreen                            - Instance: 0x059D1C44
Class: RGFxMovieUI_Pause                                       - Instance: 0x059D7138
Class: RGFxMovieUI_PauseOptionsGame                            - Instance: 0x059D745C
Class: RGFxMovieUI_PauseOptionsAudio                           - Instance: 0x059D7780
Class: RGFxMovieUI_PauseOptionsControls                        - Instance: 0x059D7AA4
Class: RGFxMovieUI_PauseOptionsControlsKeyboard                - Instance: 0x059D7EA8
Class: RGFxMovieUI_PauseOptionsExtras                          - Instance: 0x059E4C70
Class: RGFxMovieUI_PauseOptionsPlayer                          - Instance: 0x059EBEF0
Class: RGFxMovieUI_PhotoModeOverlay                            - Instance: 0x059ECA6C
Class: RSeqAct_FlashTextureMovieControlBase                    - Instance: 0x059F75F4
Class: RGFxMovieWorldBase                                      - Instance: 0x059FA704
Class: RGFxMovieWorldMap3D                                     - Instance: 0x059FAC08
Class: RSeqEvent_GlideOutOfBounds                              - Instance: 0x05A0BF50
Class: RSeqEvent_BeginGooing                                   - Instance: 0x05A11738
Class: RSpecialMoveInstance_PlaceGooMine                       - Instance: 0x05A12F68
Class: RSpecialMoveConfig_PlaceGooMine                         - Instance: 0x05A131AC
Class: RGrenadeGrateAssignmentPicker                           - Instance: 0x05A1DD10
Class: RSeqEvent_MultipleThugsStartledByEnvironment            - Instance: 0x05A2511C
Class: RGunStartleNoise_AlertProxy                             - Instance: 0x05A2A984
Class: RSmashablePropSpawnable                                 - Instance: 0x05A2E3E8
Class: RRemovableInterface                                     - Instance: 0x05A362BC
Class: RSpecialMoveInstance_FireBatClaw                        - Instance: 0x05A3FCFC
Class: RHazardousObject                                        - Instance: 0x05A436B8
Class: RHelicopterControlVolume                                - Instance: 0x05A4D50C
Class: RHelicopterPointOfInterest                              - Instance: 0x05A58130
Class: RMatineeController                                      - Instance: 0x05A6CC00
Class: RHostageSeesPlayerVolume                                - Instance: 0x05A80EE4
Class: RSeqAct_DownloadProgress                                - Instance: 0x05A9E324
Class: RHudModuleGadgetSelect                                  - Instance: 0x05AA2B38
Class: RHudModulePerformanceTest                               - Instance: 0x05AB5270
Class: RInvestigationActor                                     - Instance: 0x05ADB598
Class: RInvestigationInterface                                 - Instance: 0x05ADBA78
Class: RJokerBillboardToggleable                               - Instance: 0x05AE6F7C
Class: RSeqEvent_SpecialCaseVoiceSynthDisable                  - Instance: 0x05AEECC4
Class: RSeqEvent_PlayScriptedFirstNervousLine                  - Instance: 0x05AEF12C
Class: RSeqEvent_WinchPoint                                    - Instance: 0x05AF0F70
Class: RSeqEvent_UsedDoor                                      - Instance: 0x05B01F08
Class: RWaterGeneratorBase                                     - Instance: 0x05B04F74
Class: RSuperRECGeneratorBase                                  - Instance: 0x05B05254
Class: RSeqEvent_MagneticSurfacePlayerTooClose                 - Instance: 0x05B06D04
Class: RSpecialMoveConfig_MagnetiseObject                      - Instance: 0x05B093FC
Class: RSeqEvent_UsedDoorDuringGlobalLock                      - Instance: 0x05B16798
Class: RSpecialMoveInstance_LineLauncherFlipAndAim             - Instance: 0x05B32288
Class: RLineList                                               - Instance: 0x05B372B8
Class: RSeqEvent_StartBangOnDoor_Minigun                       - Instance: 0x05B378E8
Class: RSeqEvent_StartBangOnDoor_Normal                        - Instance: 0x05B37B2C
Class: RNavMeshObstacleForLockinVol                            - Instance: 0x05B3814C
Class: RLootSourceBankBase                                     - Instance: 0x05B442BC
Class: RMagneticBlastInterface                                 - Instance: 0x05B4924C
Class: RSeqEvent_DisarmedByMagBlast                            - Instance: 0x05B51C88
Class: RSeqEvent_MagneticDynamicObject                         - Instance: 0x05B59D5C
Class: RSeqEvent_MagneticMatineeObject                         - Instance: 0x05B61F2C
Class: RSeqEvent_MagneticSurface                               - Instance: 0x05B66310
Class: RMakeGrateIndestructibleForHarleyVolume                 - Instance: 0x05B6AE94
Class: RMoveableCinematicCameraActor                           - Instance: 0x05B72088
Class: RMovingRadialImpulseActor                               - Instance: 0x05B72908
Class: RMultipleBatarangCamera                                 - Instance: 0x05B77274
Class: RNinjaWaypointLocation                                  - Instance: 0x05B9220C
Class: RSeqEvent_NinjaWaypointReached                          - Instance: 0x05B92A50
Class: RNoDeleteCameraActor                                    - Instance: 0x05B93708
Class: RObjectCounterVolume                                    - Instance: 0x05B957E4
Class: RSeqEvent_ObjectCountIsNonZero                          - Instance: 0x05B96088
Class: RSeqEvent_ObjectCountIsZero                             - Instance: 0x05B9642C
Class: ROnlineStatsWriteMostWanted                             - Instance: 0x05B9B814
Class: ROutcastWaveController                                  - Instance: 0x05B9C490
Class: ROverrideGrappleVolume                                  - Instance: 0x05B9D190
Class: RSeqEvent_OWPopulationVolumeEvent                       - Instance: 0x05BA48F8
Class: RPathGateComponent                                      - Instance: 0x05BA8C50
Class: RPatrolPoint_Moveable                                   - Instance: 0x05BAA0B0
Class: RSpecialMoveInstance_EjectIntoFirefly                   - Instance: 0x05BB041C
Class: RSeqAct_FireCrewController                              - Instance: 0x05BB86E8
Class: RPawnHarleyChokePointBase                               - Instance: 0x05BBA200
Class: RPawnManBatAppearance                                   - Instance: 0x05BC2668
Class: RSeqAct_FireFPSGunDuringMatinee                         - Instance: 0x05BCB0DC
Class: RPawnPlayerJokerBase                                    - Instance: 0x05BD0854
Class: RSeqAct_UpdateJokerNukeBase                             - Instance: 0x05BD1028
Class: RPawnSpawnObject                                        - Instance: 0x05BDE138
Class: RPawnVillainAbseilBatmobileTakedownTarget               - Instance: 0x05BDE618
Class: RPhotoCameraHUD                                         - Instance: 0x05C213C8
Class: RPhotoViewPostProcess                                   - Instance: 0x05C2DD48
Class: RSeqEvent_RiddleScanned                                 - Instance: 0x05C4C3C0
Class: RSeqAct_DynamicPostProcess                              - Instance: 0x05C52CA8
Class: RSeqAct_DisableDualPlayerCharacterSwitch                - Instance: 0x05C5E074
Class: RShowcaseCamera                                         - Instance: 0x05C625E4
Class: RSeqAct_HeavyTankScanningBase                           - Instance: 0x05C6AC24
Class: RRiddleCipher                                           - Instance: 0x05C6B8AC
Class: RSeqEvent_HelicopterAggroStateChanged                   - Instance: 0x05C6DB9C
Class: RSeqEvent_InterrogationStarted                          - Instance: 0x05C6E508
Class: RSpecialMoveInstance_Slide                              - Instance: 0x05C805D4
Class: RVentChuteCamera                                        - Instance: 0x05C961C8
Class: RSeqAct_GameActionPerformed                             - Instance: 0x05C995B8
Class: RSeqEvent_FailedTakedown                                - Instance: 0x05C9D984
Class: RSeqAct_AwardXP                                         - Instance: 0x05CA8250
Class: RSeqEvent_InterrogateTutorial                           - Instance: 0x05CB7F30
Class: RSeqEvent_RiddlerProgressionAdvanced                    - Instance: 0x05CC14DC
Class: RSeqEvent_RiddlerPlayerSwitched                         - Instance: 0x05CCD398
Class: RSpecialMoveConfig_PoseTransition                       - Instance: 0x05CE7CC4
Class: RSpecialMoveConfig_Land                                 - Instance: 0x05CE7A80
Class: RSpecialMoveConfig_CapeBreakFall                        - Instance: 0x05CE783C
Class: RProfileSettings                                        - Instance: 0x05D214EC
Class: RSeqEvent_CustomBackscreenRequestedBase                 - Instance: 0x05D331D0
Class: RSeqEvent_CustomBackscreenRequested                     - Instance: 0x05D32F8C
Class: RPlayerDamagedPostProcess                               - Instance: 0x05D637AC
Class: RStopBatmanFromUsingAirshipTiltVolume                   - Instance: 0x05D64854
Class: RSeqAct_StopSmokeBombFromAutomaticallyTurningDetectiveModeOn - Instance: 0x05D66658
Class: RSeqAct_HushCounterController                           - Instance: 0x05D6F0C4
Class: RSeqAct_ArkhamKnightClash                               - Instance: 0x05D6F4DC
Class: RSeqAct_QuickGadgetAction                               - Instance: 0x05D6FC00
Class: RTauntVolume                                            - Instance: 0x05D6FEE0
Class: RSeqEvent_BatmobileRiddlerButton                        - Instance: 0x05D7A04C
Class: RSeqEvent_BatmobileFailedToRoute                        - Instance: 0x05D829DC
Class: RRbStealthTakeDownStage_WaitForBatmanBase               - Instance: 0x05D9A6F4
Class: RSeqEvent_RobinAndBatmanTakedown                        - Instance: 0x05D9AC90
Class: RVehicleBehaviour_BatmanOnRoof                          - Instance: 0x05D9C8B4
Class: RSeqAct_MostWantedUpdate                                - Instance: 0x05D9D124
Class: RSeqAct_CodeDrivenThought                               - Instance: 0x05D9D7CC
Class: RSavedMove                                              - Instance: 0x05DA72C4
Class: RSeqAct_ComboValueReached                               - Instance: 0x05DA78F8
Class: RSeqEvent_EnvironmentTakedown                           - Instance: 0x05DB7FEC
Class: RSeqEvent_HitByFlashBang                                - Instance: 0x05DCDB50
Class: RSeqEvent_FlashBangMultiHit                             - Instance: 0x05DCE0C8
Class: RPointLightEnvironment                                  - Instance: 0x05DDA91C
Class: RPopulationDistrictVolume                               - Instance: 0x05DDB510
Class: RSeqAct_PauseRestartRandomPopulation                    - Instance: 0x05DEA034
Class: RSeqEvent_MostWantedApcSpawned                          - Instance: 0x05DF2A54
Class: RSeqAct_SetBatmobileAvailabilityForDistrict             - Instance: 0x05DF8E10
Class: RSeqAct_ModifyRandomPopulation                          - Instance: 0x05DF94DC
Class: RSeqEvent_MostWantedApcDestroyed                        - Instance: 0x05DFA9F8
Class: RSeqEvent_DistrictClearedOfDrones                       - Instance: 0x05E0A780
Class: RPostFleePoint                                          - Instance: 0x05E0C268
Class: RPredator_Tannoy                                        - Instance: 0x05E0F95C
Class: RSeqEvent_GunLockerKnockedThugOut                       - Instance: 0x05E11C14
Class: RSeqEvent_RemoteControl                                 - Instance: 0x05E14CD4
Class: RPredHostageFleePoint_Cower                             - Instance: 0x05E1AD88
Class: RProjectile_RiddlerMech                                 - Instance: 0x05E1FCAC
Class: RPrototank_Base                                         - Instance: 0x05E214D0
Class: RPulleyActor                                            - Instance: 0x05E2477C
Class: RRadioCWViewPostProcess                                 - Instance: 0x05E25640
Class: RRadioNWViewPostProcess                                 - Instance: 0x05E25AB0
Class: RSeqEvent_PredatorTarget                                - Instance: 0x05E336F8
Class: RSeqEvent_TakedownBegun                                 - Instance: 0x05E3393C
Class: RSeqEvent_FearTakedown                                  - Instance: 0x05E36BAC
Class: RSeqEvent_LedgeFearTakedown                             - Instance: 0x05E36DF0
Class: RSeqEvent_LineLauncherTakedown                          - Instance: 0x05E37034
Class: RSeqEvent_TakedownFromAbove                             - Instance: 0x05E37278
Class: RSeqEvent_SilentTakedown                                - Instance: 0x05E374BC
Class: RSeqEvent_SnaredTakedown                                - Instance: 0x05E37AF8
Class: RSeqEvent_IceSmashTakeDown                              - Instance: 0x05E38070
Class: RStartlePoint_Bank                                      - Instance: 0x05E448C0
Class: RSeqEvent_RemoteSwitch                                  - Instance: 0x05E451B4
Class: RSeqAct_ToggleRemoteSwitchUsable                        - Instance: 0x05E458D8
Class: RSeqAct_RestrictRHDTargets                              - Instance: 0x05E5AE1C
Class: RRiddleProjectedQuestionMark                            - Instance: 0x05E6A85C
Class: RSeqAct_BeginCarryJokerThugBase                         - Instance: 0x05E8B768
Class: RRocketLauncherEdgeRenderingComponent                   - Instance: 0x05E940D4
Class: RRocketMineTargetBase                                   - Instance: 0x05E9453C
Class: RRope2DirectConnectPhysicsUpdater                       - Instance: 0x05E999C8
Class: RScanSolution                                           - Instance: 0x05EA4550
Class: RUninformedTreeEndPathWrapper                           - Instance: 0x05EA6968
Class: RSpecialMoveInstance_TakedownSentryGunBase              - Instance: 0x05EBC740
Class: RSeqEvent_SentryGunTakenDown                            - Instance: 0x05EBE3C0
Class: RSeqEvent_DynamicallyDeployedSentryGunDestroyed         - Instance: 0x05EBE604
Class: RSeqEvent_SentryGunTakenDownWhileBlinded                - Instance: 0x05EBE848
Class: RSeqEvent_SentryGunDamagedPlayer                        - Instance: 0x05EBFCFC
Class: RSeqEvent_SentryGunDeployed                             - Instance: 0x05EC0F84
Class: RSeqAct_ActivateTunnelGrate                             - Instance: 0x05EC9ED8
Class: RSeqAct_AddOrRemovePersistentHudTarget                  - Instance: 0x05ECB094
Class: RSeqAct_AimPawn                                         - Instance: 0x05ECDCAC
Class: RSeqAct_SetPhysicsVelocity                              - Instance: 0x05ECE884
Class: RSeqAct_AimPhysicsVelocity                              - Instance: 0x05ECF5A0
Class: RSeqAct_AllowFakeTakedown                               - Instance: 0x05ED2C30
Class: RSeqAct_ApplyForceToUnfixedBones                        - Instance: 0x05ED31CC
Class: RSeqAct_ArePawnsInSmoke                                 - Instance: 0x05ED3D54
Class: RSeqAct_AreSnipersActive                                - Instance: 0x05ED4564
Class: RSeqAct_AssignHostageToSeePlayerVol                     - Instance: 0x05ED5200
Class: RSeqAct_AssociateMovingBlocksWithTiltVolume             - Instance: 0x05ED57B0
Class: RSeqAct_AttachDetachPlayerInteractions                  - Instance: 0x05ED608C
Class: RSeqAct_AttachPawnToAudioPointController                - Instance: 0x05ED66D0
Class: RSeqAct_AttachRopeToActor                               - Instance: 0x05ED6A74
Class: RSeqAct_AudioWhiteOut                                   - Instance: 0x05ED7F58
Class: RSeqAct_BankMoneyControllerBase                         - Instance: 0x05EDC8E8
Class: RSeqAct_BankXP                                          - Instance: 0x05EDD4CC
Class: RSeqAct_BatFlock                                        - Instance: 0x05EDD934
Class: RSeqAct_BatSpawner                                      - Instance: 0x05EE2018
Class: RSeqAct_BossHudBase                                     - Instance: 0x05EEF588
Class: RSeqAct_CameraLookAt                                    - Instance: 0x05EF012C
Class: RSeqAct_CanPlayCombatBark                               - Instance: 0x05EF25A0
Class: RSeqAct_CanSeePawn                                      - Instance: 0x05EF2BFC
Class: RSeqAct_CanStartConversation                            - Instance: 0x05EF45AC
Class: RSeqAct_ChangeCape                                      - Instance: 0x05EF57E0
Class: RSeqAct_ChangeWaterFlow                                 - Instance: 0x05EF64E4
Class: RSeqAct_ChangeWind                                      - Instance: 0x05EF72E8
Class: RSeqAct_TakeoverVideoScreenVisibleBase                  - Instance: 0x05EFF4C4
Class: RSeqAct_CheckPredatorAttackState                        - Instance: 0x05EFFCB0
Class: RSeqAct_CinematicSetForensicMode                        - Instance: 0x05F02B08
Class: RSeqAct_ClearAllSmokeScreens                            - Instance: 0x05F03164
Class: RSeqAct_CommandBeaconToggle                             - Instance: 0x05F054F4
Class: RSeqAct_CompletedBatcaveWithBeatdowns                   - Instance: 0x05F05A00
Class: RSeqAct_CompletedSilentKnightWithKnockoutSmashes        - Instance: 0x05F060D8
Class: RSeqAct_CountEventsInPeriod                             - Instance: 0x05F067B0
Class: RSeqAct_DestroyCombatWeaponPickups                      - Instance: 0x05F083CC
Class: RSeqAct_DialogueActive                                  - Instance: 0x05F08834
Class: RSeqAct_DisableAutoJump                                 - Instance: 0x05F08BF0
Class: RSeqAct_DisableCombatBarksOnCurrentThugs                - Instance: 0x05F09190
Class: RSeqAct_DisableCombatIfFarFromThugs                     - Instance: 0x05F099B4
Class: RSeqAct_DisableCombatLock                               - Instance: 0x05F09F74
Class: RSeqAct_DisableEnemyAttacks                             - Instance: 0x05F0A9E8
Class: RSeqAct_DisableTakedowns                                - Instance: 0x05F0AE50
Class: RSeqAct_DisableVoiceSynthesiserOnIdleConfigThug         - Instance: 0x05F0B410
Class: RSeqAct_DrainJammerGadget                               - Instance: 0x05F0D36C
Class: RSeqAct_DuckDialogue                                    - Instance: 0x05F0D92C
Class: RSeqAct_EndPredIdleConfigSpeech                         - Instance: 0x05F0F894
Class: RSeqAct_ExitVehicleWithAnim                             - Instance: 0x05F10824
Class: RSeqAct_ExplodeFractureWall                             - Instance: 0x05F11180
Class: RSeqAct_FindMostAwareThug                               - Instance: 0x05F13868
Class: RSeqAct_FireflyHud                                      - Instance: 0x05F17280
Class: RSeqAct_FireflySpawnChecker                             - Instance: 0x05F17AF0
Class: RSeqAct_ForceCombatCamera                               - Instance: 0x05F1A5BC
Class: RSeqAct_ForceJokerBillboards                            - Instance: 0x05F1B258
Class: RSeqAct_GameActionPerformedWithTarget                   - Instance: 0x05F1E1A0
Class: RSeqAct_GetCameraStatus                                 - Instance: 0x05F1EA9C
Class: RSeqAct_GetComboMultiplier                              - Instance: 0x05F1F0F8
Class: RSeqAct_GetCurrentAPC                                   - Instance: 0x05F1F5F8
Class: RSeqAct_GetCurrentTankPopulation                        - Instance: 0x05F1FAF4
Class: RSeqAct_GetNotifyTime                                   - Instance: 0x05F1FFF4
Class: RSeqAct_GetNumberOfWeapons                              - Instance: 0x05F20784
Class: RSeqAct_GetThreatLevel                                  - Instance: 0x05F21FD0
Class: RSeqAct_GetVelocityVector                               - Instance: 0x05F2260C
Class: RSeqAct_GiveWeapon                                      - Instance: 0x05F22EE0
Class: RSeqAct_HasVillainRecently                              - Instance: 0x05F23BF4
Class: RSpecialMoveConfig_SlideToCover                         - Instance: 0x05F27300
Class: RSeqAct_HudExtensionControl                             - Instance: 0x05F28268
Class: RSeqAct_InCinematicMode                                 - Instance: 0x05F2AC7C
Class: RSeqAct_InDialogue                                      - Instance: 0x05F2B0E4
Class: RSeqAct_IsBatmobileDrifting                             - Instance: 0x05F2CA08
Class: RSeqAct_IsBehindMe                                      - Instance: 0x05F2D480
Class: RSeqAct_IsDefaultPlayerSkin                             - Instance: 0x05F2DAC4
Class: RSeqAct_IsFirecrewDialogueAllowed                       - Instance: 0x05F2E128
Class: RSeqAct_IsInCombo                                       - Instance: 0x05F2E9F4
Class: RSeqAct_IsThugAbleToAct                                 - Instance: 0x05F2EEF8
Class: RSeqAct_KillPawnsInVolume                               - Instance: 0x05F32EA0
Class: RSeqAct_LoadCapeAnims                                   - Instance: 0x05F340E4
Class: RSeqAct_LoadConversation                                - Instance: 0x05F34AF0
Class: RSeqAct_LockDown                                        - Instance: 0x05F351D0
Class: RSeqAct_MagneticBlastResetPlayer                        - Instance: 0x05F35574
Class: RSeqAct_MuseumBoothActivated                            - Instance: 0x05F3EDF0
Class: RSeqAct_NewCombatMusic                                  - Instance: 0x05F3F2FC
Class: RSeqAct_Objective                                       - Instance: 0x05F3F6B8
Class: RSeqAct_OverrideHudPrompt                               - Instance: 0x05F43484
Class: RSeqAct_OverrideTargetPlayerCombat                      - Instance: 0x05F441CC
Class: RSeqAct_OverrideWalkCamera                              - Instance: 0x05F44A0C
Class: RSeqAct_PlayAnimOnMesh                                  - Instance: 0x05F46328
Class: RSeqAct_Player2DDistanceCheck                           - Instance: 0x05F4D6D0
Class: RSeqAct_PlayerInFinalBlowCam                            - Instance: 0x05F4E57C
Class: RSeqAct_PlayPADialogue                                  - Instance: 0x05F50210
Class: RSeqAct_PlayRandomLine                                  - Instance: 0x05F50850
Class: RSeqAct_PlayRefConversation                             - Instance: 0x05F50C0C
Class: RSeqAct_PlaySpeechCombined                              - Instance: 0x05F50FC8
Class: RSeqAct_PutBatmanInCover                                - Instance: 0x05F520B8
Class: RSeqAct_ReduceCombatBarkFrequency                       - Instance: 0x05F532A8
Class: RSeqAct_RemoveGrate                                     - Instance: 0x05F53DB4
Class: RSeqAct_RepairFractureWall                              - Instance: 0x05F548AC
Class: RSeqAct_ResonatorLookAt                                 - Instance: 0x05F54E44
Class: RSeqAct_RestoreHealth                                   - Instance: 0x05F562F8
Class: RSeqAct_RestoreVibrationStateForDeathMovie              - Instance: 0x05F56928
Class: RSeqAct_RestrictVoiceSynthesiserTargets                 - Instance: 0x05F57EA4
Class: RSeqAct_RiddlerBillboardExternalControl                 - Instance: 0x05F58B7C
Class: RSeqAct_SaveGameStartPoint                              - Instance: 0x05F59AC0
Class: RSeqAct_SecretsLeft                                     - Instance: 0x05F5A7A4
Class: RSeqAct_SendToGuardPoint                                - Instance: 0x05F5AC0C
Class: RSeqAct_SetAIAwareness                                  - Instance: 0x05F5B1BC
Class: RSeqAct_SetAICanAttack                                  - Instance: 0x05F5B6C0
Class: RSeqAct_SetAICollision                                  - Instance: 0x05F5BB28
Class: RSeqAct_SetAllowedAttacks                               - Instance: 0x05F5C2A8
Class: RSeqAct_SetAPCDistrictSpawnPoints                       - Instance: 0x05F5D10C
Class: RSeqAct_SetAPCSideStoryPopulation                       - Instance: 0x05F5E960
Class: RSeqAct_SetBatarangParams                               - Instance: 0x05F5EE00
Class: RSeqAct_SetBrainScriptImportance                        - Instance: 0x05F60A3C
Class: RSeqAct_SetChaseInProgress                              - Instance: 0x05F61084
Class: RSeqAct_SetCombatParams                                 - Instance: 0x05F616C0
Class: RSeqAct_SetCombatParamsForPawns                         - Instance: 0x05F628A0
Class: RSeqAct_SetCurrentGadget                                - Instance: 0x05F63304
Class: RSeqAct_SetDialogueMaxLines                             - Instance: 0x05F63958
Class: RSeqAct_SetDifficultyChapter                            - Instance: 0x05F63D14
Class: RSeqAct_SetDynamicPopulationSpawning                    - Instance: 0x05F644A0
Class: RSeqAct_SetExtendableHudVisibility                      - Instance: 0x05F64C44
Class: RSeqAct_SetGrateAllowTakedownOnly                       - Instance: 0x05F656B8
Class: RSeqAct_SetJokerBillboardFrequency                      - Instance: 0x05F65F2C
Class: RSeqAct_SetJokerTannoyState                             - Instance: 0x05F66BA4
Class: RSeqAct_SetMaxCombatPawns                               - Instance: 0x05F67208
Class: RSeqAct_SetMedicRevivesRemaining                        - Instance: 0x05F67708
Class: RSeqAct_SetMedicToPrioritiseReviving                    - Instance: 0x05F67CAC
Class: RSeqAct_SetNinjaCounters                                - Instance: 0x05F68A24
Class: RSeqAct_SetNinjaDespawn                                 - Instance: 0x05F69080
Class: RSeqAct_SetPawnHealthMultiplier                         - Instance: 0x05F696DC
Class: RSeqAct_SetPopulationVolumeState                        - Instance: 0x05F6A1C0
Class: RSeqAct_SetRandomRiotPopulation                         - Instance: 0x05F6A8A8
Class: RSeqAct_SetRandomVehicleFormationsForPopulation         - Instance: 0x05F6AD48
Class: RSeqAct_SetRandomVehiclePopulation                      - Instance: 0x05F6B1E8
Class: RSeqAct_SetResonatorDifficulty                          - Instance: 0x05F6B688
Class: RSeqAct_SetSimultaneousCounters                         - Instance: 0x05F6C62C
Class: RSeqAct_SetThugBarkState                                - Instance: 0x05F6D200
Class: RSeqAct_SetVehicleNPCWeaponScripted                     - Instance: 0x05F6FE44
Class: RSeqAct_SetVisionCone                                   - Instance: 0x05F705C4
Class: RSeqAct_SlowMo                                          - Instance: 0x05F72F90
Class: RSeqAct_SmashablePropChange                             - Instance: 0x05F739D8
Class: RSeqAct_StartCounterTutorial                            - Instance: 0x05F7C5C0
Class: RSeqAct_StopCasualtyBeeps                               - Instance: 0x05F7E5C0
Class: RSeqAct_StunPlayer                                      - Instance: 0x05F7F3A8
Class: RSeqAct_SuppressFinalBlow                               - Instance: 0x05F8032C
Class: RSeqAct_SuppressTalkTo                                  - Instance: 0x05F80BEC
Class: RSeqAct_SwitchDualPlayerCharacter                       - Instance: 0x05F81A3C
Class: RSeqAct_TacticianControl                                - Instance: 0x05F83930
Class: RSeqAct_ThugKnownAs                                     - Instance: 0x05F85920
Class: RSeqAct_ToggleDetectiveModeDetector                     - Instance: 0x05F85FA4
Class: RSeqAct_ToggleIdleAim                                   - Instance: 0x05F86610
Class: RSeqAct_ToggleRoadLinkAlt                               - Instance: 0x05F86F00
Class: RSeqAct_ToggleValidVoiceSynthesiserTarget               - Instance: 0x05F887B8
Class: RSeqAct_ToggleWeaponVisibility                          - Instance: 0x05F88B5C
Class: RSeqAct_TriggerDeathHint                                - Instance: 0x05F89068
Class: RSeqAct_TriggerExecute                                  - Instance: 0x05F896C4
Class: RSeqAct_TriggerGunStartle                               - Instance: 0x05F89C64
Class: RSeqAct_TriggerLightning                                - Instance: 0x05F8A170
Class: RSeqAct_TriggerOnce                                     - Instance: 0x05F8A858
Class: RSeqAct_TriggerSpecialMoveInDirection                   - Instance: 0x05F8BCB0
Class: RSeqAct_UnduckDialogue                                  - Instance: 0x05F8E9EC
Class: RSeqAct_UpdatePlayerSkin                                - Instance: 0x05F90358
Class: RSeqAct_UpdateTurret                                    - Instance: 0x05F90A60
Class: RSeqAct_VehicleDriveRoute                               - Instance: 0x05F918EC
Class: RSeqAct_VehicleForceAudioSuspend                        - Instance: 0x05F979A8
Class: RSeqAct_WaitAllPawnsToBeDead                            - Instance: 0x05F98494
Class: RSeqAct_WaitForCutscenesToFinish                        - Instance: 0x05F99A1C
Class: RSeqAct_WaitForLevelLoadComplete                        - Instance: 0x05F9A518
Class: RSeqAct_WhichCharacterAmI                               - Instance: 0x05F9ACB8
Class: RSeqCond_AreSideStoriesDisabled                         - Instance: 0x05F9B56C
Class: RSeqCond_InLevel                                        - Instance: 0x05F9B9B8
Class: RSeqCond_LevelLoaded                                    - Instance: 0x05F9C310
Class: RSeqEvent_3GelWallsUsedForTakedowns                     - Instance: 0x05F9CCC4
Class: RSeqEvent_AboutToBeRescued                              - Instance: 0x05F9D32C
Class: RSeqEvent_AirshipTiltVolumeHardened                     - Instance: 0x05F9D6EC
Class: RSeqEvent_BagCarrierPointUsed                           - Instance: 0x05F9DC28
Class: RSeqEvent_BreakablePropDamage                           - Instance: 0x05F9F194
Class: RSeqEvent_CaltropedThugOnLadder                         - Instance: 0x05F9FC60
Class: RSeqEvent_CustomVoiceSynth                              - Instance: 0x05FA1E84
Class: RSeqEvent_CustomVoiceSynthProhibited                    - Instance: 0x05FA2244
Class: RSeqEvent_DoorHitByREC                                  - Instance: 0x05FA389C
Class: RSeqEvent_DroneGrapplePointFound                        - Instance: 0x05FA40AC
Class: RSeqEvent_ElectroBlastBigDrop                           - Instance: 0x05FA4C20
Class: RSeqEvent_ElectroBlastHit                               - Instance: 0x05FA4FE0
Class: RSeqEvent_FallingTakeDown                               - Instance: 0x05FA6D54
Class: RSeqEvent_FinishedGooing                                - Instance: 0x05FA7758
Class: RSeqEvent_Firefly                                       - Instance: 0x05FA7DEC
Class: RSeqEvent_FirstRiddlerTrophyCollected                   - Instance: 0x05FA8250
Class: RSeqEvent_GooAnimationStarted                           - Instance: 0x05FA932C
Class: RSeqEvent_GunLockerAlarmOff                             - Instance: 0x05FA9CB8
Class: RSeqEvent_GunLockerAlarmOn                              - Instance: 0x05FAA078
Class: RSeqEvent_HarpoonWall                                   - Instance: 0x05FAA70C
Class: RSeqEvent_HostageTakerHeardGadget                       - Instance: 0x05FAB728
Class: RSeqEvent_JokerAnnouncedTakedown                        - Instance: 0x05FACC34
Class: RSeqEvent_MadHatterChaseFinished                        - Instance: 0x05FAE908
Class: RSeqEvent_MagneticMesh                                  - Instance: 0x05FAFC60
Class: RSeqEvent_MayhemModeChanged                             - Instance: 0x05FB089C
Class: RSeqEvent_MedicKOedBySnapFlash                          - Instance: 0x05FB0DB4
Class: RSeqEvent_NightwingTripleKnockdown                      - Instance: 0x05FB1898
Class: RSeqEvent_PenguinVanSpawned                             - Instance: 0x05FB29A0
Class: RSeqEvent_PredatorDroneDisabled                         - Instance: 0x05FB3458
Class: RSeqEvent_RedHoodShotUnawareThug                        - Instance: 0x05FB3DE4
Class: RSeqEvent_SetMatineeController                          - Instance: 0x05FB8388
Class: RSeqEvent_SnapFlashedAStunnedThug                       - Instance: 0x05FB94B8
Class: RSeqEvent_TakedownBeepStarted                           - Instance: 0x05FBC168
Class: RSeqEvent_TakedownChainHitMedicJammerAndCamo            - Instance: 0x05FBC7FC
Class: RSeqEvent_TakedownFront                                 - Instance: 0x05FBCD48
Class: RSeqEvent_TankHitByIneffectiveAttack                    - Instance: 0x05FBD4F4
Class: RSeqEvent_TurretEvent                                   - Instance: 0x05FBEE6C
Class: RSeqEvent_VoiceSynthTargetted                           - Instance: 0x05FBFACC
Class: RSeqEvent_VoiceSynthToTripleFearTakedown                - Instance: 0x05FBFE8C
Class: RSlideVolume                                            - Instance: 0x05FCE4F8
Class: RSpecialMoveConfig_ActivePoseTransition                 - Instance: 0x05FD27D8
Class: RSpecialMoveInstance_ActivePoseTransition               - Instance: 0x05FD328C
Class: RSpecialMoveConfig_ActivePoseTransitionWithOffset       - Instance: 0x05FD34D0
Class: RSpecialMoveConfig_AdditiveAnim                         - Instance: 0x05FD3D38
Class: RSpecialMoveConfig_AlignedPoseTransition                - Instance: 0x05FD4AB4
Class: RSpecialMoveInstance_AlignedPoseTransition              - Instance: 0x05FD5088
Class: RSpecialMoveConfig_AnimMove                             - Instance: 0x05FD52CC
Class: RSpecialMoveInstance_AnimMove                           - Instance: 0x05FD5B6C
Class: RSpecialMoveInstance_CapeBreakFall                      - Instance: 0x05FD6AE4
Class: RSpecialMoveConfig_CatchLedge                           - Instance: 0x05FD6D28
Class: RSpecialMoveConfig_ChuteToCrawlSpace                    - Instance: 0x05FD7448
Class: RSpecialMoveConfig_ChuteToCrawlSpaceDLC                 - Instance: 0x05FD8440
Class: RSpecialMoveInstance_ChuteToCrawlSpaceDLC               - Instance: 0x05FD8924
Class: RSpecialMoveConfig_CrawlSpaceToChute                    - Instance: 0x05FD8B68
Class: RSpecialMoveConfig_DisableSuperHeavyTankShield          - Instance: 0x05FD9334
Class: RSpecialMoveInstance_DisableSuperHeavyTankShield        - Instance: 0x05FD9740
Class: RSpecialMoveConfig_DiveOverRailing                      - Instance: 0x05FD9984
Class: RSpecialMoveConfig_DiveSwingToGlide                     - Instance: 0x05FD9FC4
Class: RSpecialMoveInstance_DiveSwingToGlide                   - Instance: 0x05FDA500
Class: RSpecialMoveConfig_DoubleTeamVantageEscape              - Instance: 0x05FDA744
Class: RSpecialMoveInstance_DoubleTeamVantageEscape            - Instance: 0x05FDAB50
Class: RSpecialMoveConfig_DriveCar                             - Instance: 0x05FDAD94
Class: RSpecialMoveConfig_EjectIntoFirefly                     - Instance: 0x05FDB434
Class: RSpecialMoveConfig_Falling                              - Instance: 0x05FDC140
Class: RSpecialMoveConfig_FireBatClaw                          - Instance: 0x05FDC514
Class: RSpecialMoveConfig_FloorGrateFar                        - Instance: 0x05FDCC2C
Class: RSpecialMoveConfig_FloorGrateFarCw                      - Instance: 0x05FDD340
Class: RSpecialMoveInstance_FloorGrateFarCw                    - Instance: 0x05FDD770
Class: RSpecialMoveConfig_GlideWallStick                       - Instance: 0x05FDD9B4
Class: RSpecialMoveConfig_GrateToPerchLedge                    - Instance: 0x05FDDFA4
Class: RSpecialMoveInstance_GrateToPerchLedge                  - Instance: 0x05FDE584
Class: RSpecialMoveConfig_HarpoonDragObject                    - Instance: 0x05FDE7C8
Class: RSpecialMoveConfig_HarpoonDragTrigger                   - Instance: 0x05FDF2C0
Class: RSpecialMoveInstance_HarpoonDragTrigger                 - Instance: 0x05FDF6DC
Class: RSpecialMoveConfig_HarpoonFail                          - Instance: 0x05FDF920
Class: RSpecialMoveInstance_HarpoonFail                        - Instance: 0x05FDFCF4
Class: RSpecialMoveConfig_HarpoonThug                          - Instance: 0x05FDFF38
Class: RSpecialMoveConfig_HarpoonGlideKick                     - Instance: 0x05FE0D30
Class: RSpecialMoveInstance_HarpoonGlideKick                   - Instance: 0x05FE11F8
Class: RSpecialMoveConfig_HoldLedge                            - Instance: 0x05FE143C
Class: RSpecialMoveInstance_HoldLedge                          - Instance: 0x05FE1CA8
Class: RSpecialMoveConfig_JumpToPerchLedge                     - Instance: 0x05FE2B94
Class: RSpecialMoveInstance_JumpToPerchLedge                   - Instance: 0x05FE3348
Class: RSpecialMoveConfig_LedgeShimmy                          - Instance: 0x05FE358C
Class: RSpecialMoveInstance_LedgeShimmy                        - Instance: 0x05FE3998
Class: RSpecialMoveConfig_LineLauncher                         - Instance: 0x05FE3BDC
Class: RSpecialMoveConfig_LineLauncherFlipAndAim               - Instance: 0x05FE6E24
Class: RSpecialMoveConfig_LineLauncherRescueFinish             - Instance: 0x05FE7294
Class: RSpecialMoveInstance_LineLauncherRescueFinish           - Instance: 0x05FE77E0
Class: RSpecialMoveConfig_LineLauncherTakedownFinish           - Instance: 0x05FE7A24
Class: RSpecialMoveInstance_LineLauncherTakedownFinish         - Instance: 0x05FE8014
Class: RSpecialMoveInstance_MagnetiseObject                    - Instance: 0x05FE8660
Class: RSpecialMoveConfig_OmnitronPasswordCracking             - Instance: 0x05FE88A4
Class: RSpecialMoveConfig_OmnitronRemoteControl                - Instance: 0x05FE93A8
Class: RSpecialMoveConfig_PerchLedgeToGrate                    - Instance: 0x05FE99DC
Class: RSpecialMoveInstance_PerchLedgeToGrate                  - Instance: 0x05FE9DE8
Class: RSpecialMoveConfig_PullDriverFromCar                    - Instance: 0x05FEA5DC
Class: RSpecialMoveInstance_PullDriverFromCar                  - Instance: 0x05FEAE3C
Class: RSpecialMoveConfig_RelativeAnimMoveSkippable            - Instance: 0x05FEB080
Class: RSpecialMoveInstance_RelativeAnimMoveSkippable          - Instance: 0x05FEB524
Class: RSpecialMoveConfig_RelativeIdle                         - Instance: 0x05FEB768
Class: RSpecialMoveInstance_RelativeIdle                       - Instance: 0x05FEC94C
Class: RSpecialMoveConfig_ResonateObject                       - Instance: 0x05FECB90
Class: RSpecialMoveConfig_Shimmy                               - Instance: 0x05FED868
Class: RSpecialMoveConfig_Slide                                - Instance: 0x05FEE3A4
Class: RSpecialMoveConfig_SmokeBombGrapple                     - Instance: 0x05FEF2B0
Class: RSpecialMoveInstance_SmokeBombGrapple                   - Instance: 0x05FEF8C4
Class: RSpecialMoveConfig_SwingToChutePoint                    - Instance: 0x05FF0B48
Class: RSpecialMoveInstance_SwingToChutePoint                  - Instance: 0x05FF1068
Class: RSpecialMoveConfig_SwingToGlide                         - Instance: 0x05FF12AC
Class: RSpecialMoveInstance_SwingToGlide                       - Instance: 0x05FF1728
Class: RSpecialMoveConfig_SwingToLedge                         - Instance: 0x05FF196C
Class: RSpecialMoveConfig_VantageGrapple                       - Instance: 0x05FF1F1C
Class: RSpecialMoveInstance_VantageGrapple                     - Instance: 0x05FF2328
Class: RSpecialMoveConfig_WhipRappel_Batman                    - Instance: 0x05FF256C
Class: RSpecialMoveInstance_WhipRappel_Batman                  - Instance: 0x05FF2C54
Class: RSpecialMoveConfig_WhipRappel_Catwoman                  - Instance: 0x05FF2E98
Class: RSpecialMoveInstance_WhipRappel_Catwoman                - Instance: 0x05FF4060
Class: RSpecialMoveInstance_AdditiveAnim                       - Instance: 0x05FF5288
Class: RStringUpRope                                           - Instance: 0x0602948C
Class: RSwingingDirectorCamera                                 - Instance: 0x0606E4B0
Class: RStartlePointTargetVolume                               - Instance: 0x0607A090
Class: RStartlePoint_TwoFaceDLC                                - Instance: 0x0607BDA0
Class: RStationaryTutorialPoint                                - Instance: 0x0607E64C
Class: RStealthTakeDownStage_ChainTakedown_CombatTakedownStart - Instance: 0x06083B2C
Class: RStealthTakeDownStage_ChainTakedown_GlassFinish         - Instance: 0x06085568
Class: RStealthTakeDownStage_ChainTakedown_DropThroughCeilingGrateFinish - Instance: 0x0608664C
Class: RStealthTakedownStage_ChainTakedown_DropToGrab          - Instance: 0x06087624
Class: RStealthTakeDownStage_ChainTakedown_GlassAttack         - Instance: 0x0608A07C
Class: RStealthTakeDownStage_ChainTakedown_GlassAttack_Rb      - Instance: 0x0608AAB0
Class: RStealthTakedownStage_ChainTakedown_GlideStart          - Instance: 0x0608B384
Class: RStealthTakeDownStage_ChainTakedown_GrabFromGargoyleHangStart - Instance: 0x0608BCFC
Class: RStealthTakedownStage_ChainTakedown_GrateFinish         - Instance: 0x0608CED8
Class: RStealthTakedownStage_ChainTakedown_GrateStart          - Instance: 0x0608DD94
Class: RStealthTakeDownStage_ChainTakedown_HopOffLedgeStart    - Instance: 0x0608EA68
Class: RStealthTakedownStage_ChainTakedown_IceSmash            - Instance: 0x0608FC3C
Class: RStealthTakedownStage_ChainTakedown_LedgeHangDropToGrab - Instance: 0x06090840
Class: RStealthTakeDownStage_ChainTakedown_LedgeHangRailingStart - Instance: 0x06091450
Class: RStealthTakedownStage_ChainTakedown_LedgeHangNoRailingStart - Instance: 0x06092060
Class: RStealthTakedownStage_ChainTakedown_Loop                - Instance: 0x060929D8
Class: RStealthTakeDownStage_ChainTakedown_ReverseChoke        - Instance: 0x06093CE4
Class: RStealthTakedownStage_ChainTakedown_StandStart          - Instance: 0x060951B0
Class: RStealthTakedownStage_ChainTakedown_VentAttack          - Instance: 0x06095BEC
Class: RStealthTakedownStage_ChainTakedown_WeakWall            - Instance: 0x06096CCC
Class: RStealthTakedownStage_CornerTakedown                    - Instance: 0x0609CDE0
Class: RStealthTakeDownStage_CornerTakedownSuccess             - Instance: 0x0609FAEC
Class: RStealthTakeDownStageDoubleBase                         - Instance: 0x060A0798
Class: RStealthTakeDownStage_DoubleGrabFromHang                - Instance: 0x060A1A68
Class: RStealthTakeDownStage_DoubleHangingFearFinish           - Instance: 0x060A38B0
Class: RStealthTakeDownStage_DoubleHead                        - Instance: 0x060A5B50
Class: RStealthTakeDownStage_DoubleHeadRb                      - Instance: 0x060A7698
Class: RStealthTakeDownStage_DoubleLedgeAttack                 - Instance: 0x060A802C
Class: RStealthTakedownStage_ExplosiveVestStanding             - Instance: 0x060AF8D0
Class: RStealthTakeDownStage_FallingTakeDown_Minigun           - Instance: 0x060B2398
Class: RStealthTakeDownStage_FallingTakeDown_MultiStage        - Instance: 0x060B3240
Class: RStealthTakeDownStage_FromAbove                         - Instance: 0x060B3EFC
Class: RStealthTakeDownStage_FromAboveEnd                      - Instance: 0x060B5548
Class: RStealthTakeDownStage_GlassWallAttack                   - Instance: 0x060B71DC
Class: RStealthTakedownStage_GrabFromGlide                     - Instance: 0x060BDA64
Class: RStealthTakeDownStage_HopOffLedgeStart                  - Instance: 0x060C33DC
Class: RStealthTakedownStage_IceSmash                          - Instance: 0x060C4580
Class: RStealthTakeDownStage_LedgeAttackNw                     - Instance: 0x060C6C04
Class: RStealthTakeDownStage_LedgeAttackRb                     - Instance: 0x060C7574
Class: RStealthTakedownStage_LedgeHangDropToGrab               - Instance: 0x060C7EE4
Class: RStealthTakedownStage_RailingTakedown                   - Instance: 0x060CD784
Class: RStealthTakeDownStage_StandingFearFinish                - Instance: 0x060D1EA4
Class: RStealthTakeDownStage_StandingSilentFinish              - Instance: 0x060D2768
Class: RStealthTakeDownStage_TeleportGrateAttack               - Instance: 0x060D302C
Class: RStealthTakedownStage_TunnelGrateGrab                   - Instance: 0x060D4344
Class: RStealthTakedownStage_VentAttack                        - Instance: 0x060D58BC
Class: RSuperComboPostProcess                                  - Instance: 0x060DB114
Class: RSwarmerMissileProjectile                               - Instance: 0x060DBCAC
Class: RTemperatureViewPostProcess                             - Instance: 0x060EB808
Class: RTrailProximityNode                                     - Instance: 0x06101FD0
Class: RTriggerVolumeChokePoint                                - Instance: 0x06102994
Class: RTriggerVolumeMissionBasedDisabled                      - Instance: 0x06103688
Class: RTunnelNetworkWallMarker                                - Instance: 0x06112E44
Class: RTwoFaceTannoy                                          - Instance: 0x06121D30
Class: RVehicleBehaviour_AttackEscortVehicle                   - Instance: 0x0613B750
Class: RVehicleBehaviour_Wander                                - Instance: 0x0613F214
Class: RVehicleBehaviour_Stopping                              - Instance: 0x06142958
Class: RVehicleBehaviour_CarChase                              - Instance: 0x06145D38
Class: RVehicleBehaviour_Chase                                 - Instance: 0x06146BA8
Class: RVehicleBehaviour_ChasingCop                            - Instance: 0x06147DD8
Class: RVehicleBehaviour_CommandTankSearch                     - Instance: 0x061543E4
Class: RVehicleBehaviour_DriveOffAndDespawn                    - Instance: 0x0615AA18
Class: RVehicleBehaviour_DriveToGoalPoint                      - Instance: 0x0615BB0C
Class: RVehicleBehaviour_DriveToGCPD                           - Instance: 0x0615D964
Class: RVehicleBehaviour_DroneHackerSuicide                    - Instance: 0x0615E54C
Class: RVehicleBehaviour_DroppedFromTransport                  - Instance: 0x0615F8D0
Class: RVehicleBehaviour_FlyingDeathSpiral                     - Instance: 0x061602E8
Class: RVehicleBehaviour_FlyingGuard                           - Instance: 0x06160FF0
Class: RVehicleBehaviour_FlyingStrafe                          - Instance: 0x06161FBC
Class: RVehicleBehaviour_FollowRoute                           - Instance: 0x06165A70
Class: RVehicleBehaviour_Idle                                  - Instance: 0x06166B64
Class: RVehicleBehaviour_LightTankFlushOutBatmobile            - Instance: 0x061681C4
Class: RVehicleBehaviour_MonitorPlayer                         - Instance: 0x06168B18
Class: RVehicleBehaviour_PursuitCop                            - Instance: 0x0616943C
Class: RVehicleBehaviour_RangedAttack                          - Instance: 0x0616B330
Class: RVehicleBehaviour_RunAwayCop                            - Instance: 0x0616C00C
Class: RVehicleBehaviour_Uturn                                 - Instance: 0x0616C958
Class: RVehicleBehaviour_TankGuard                             - Instance: 0x06170FBC
Class: RVehicleBehaviour_TurretsDrone                          - Instance: 0x061765A8
Class: RVehicleNavVolume                                       - Instance: 0x061AC338
Class: RWalkerProjectile                                       - Instance: 0x061DB84C
Class: RWeatherAttachedToCameraBase                            - Instance: 0x061EB78C
Class: RWhipRappelVolume                                       - Instance: 0x061EC788
Class: RXPSequence_Teeth                                       - Instance: 0x061F6560
Class: RXrayInteractableItem                                   - Instance: 0x061F6D88
Class: RXrayInteractableItemMoveable                           - Instance: 0x061F76EC
Class: RXrayWire                                               - Instance: 0x061F911C
Class: TriggerVolumeDisabled                                   - Instance: 0x061FB4A8

Processing Package: BmScript

ScriptStruct: SubMapDefault                                    - Instance: 0x06E343CC
ScriptStruct: DialogEntry                                      - Instance: 0x06E345CC
ScriptStruct: PromptEntry                                      - Instance: 0x06E354E4
ScriptStruct: HelicopterHighPriorityTarget                     - Instance: 0x06E686A4
ScriptStruct: chargeInfo                                       - Instance: 0x06F318BC
ScriptStruct: GlideOutAnim                                     - Instance: 0x06F5EBA0
ScriptStruct: PressurePadMICList                               - Instance: 0x084D7928
ScriptStruct: BestCountArray                                   - Instance: 0x084EE52C
ScriptStruct: droppedBoxInfo                                   - Instance: 0x084FB3F8
ScriptStruct: SS_IconEntry                                     - Instance: 0x08508110
ScriptStruct: YankStage                                        - Instance: 0x08513848
ScriptStruct: StruggleSequence                                 - Instance: 0x08513A48
ScriptStruct: RockRainMapSettings                              - Instance: 0x50CE4680
ScriptStruct: dialogueTimingInfo                               - Instance: 0x7EF6A150
ScriptStruct: ChallengeGoal                                    - Instance: 0xBA08FCF0
ScriptStruct: RivalGoalData                                    - Instance: 0xBA08FDC0
Const: CONST_WAYPOINT_DIST_THRESHOLD                           - Instance: 0x06D96020
Const: CONST_ASSUMED_MAX_LOOT_SOURCE_DISTANCE                  - Instance: 0x06D9F8EC
Const: CONST_MIN_STAIR_ANGLE_DEG_0                             - Instance: 0x06DAC0BC
Const: CONST_LOOKAHEAD_DIST_2_0                                - Instance: 0x06DAC128
Const: CONST_LOOKAHEAD_DIST_3_0                                - Instance: 0x06DAC194
Const: CONST_kBodySearchRange                                  - Instance: 0x06E06294
Const: CONST_kMaxThrowDist                                     - Instance: 0x06E06300
Const: CONST_kMaxThrowVelocity                                 - Instance: 0x06E0636C
Const: CONST_kMaxThrowHeight                                   - Instance: 0x06E063D8
Const: CONST_MaxYawDeltaDeg                                    - Instance: 0x06E06444
Const: CONST_BlindedFlickerPeriod                              - Instance: 0x06E6846C
Const: CONST_THOUGHT_Z_OFFSET                                  - Instance: 0x06E77030
Const: CONST_SEARCHLIGHT_COUNT                                 - Instance: 0x06F121AC
Const: CONST_SEARCHLIGHT_SCAN_DISTANCE                         - Instance: 0x06F12218
Const: CONST_SEARCHLIGHT_FAR_VISIBILITY                        - Instance: 0x06F12284
Const: CONST_SEARCHLIGHT_LIGHT_RADIUS_INNER                    - Instance: 0x06F122F0
Const: CONST_SEARCHLIGHT_LIGHT_RADIUS_OUTER                    - Instance: 0x06F1235C
Const: CONST_SEARCHLIGHT_LIGHT_SOCKET                          - Instance: 0x06F123C8
Const: CONST_SEARCHLIGHT_WEAPON_SOCKET                         - Instance: 0x06F12434
Const: CONST_SEARCHLIGHT_SCAN_INTERPOLATION                    - Instance: 0x06F124A0
Const: CONST_SEARCHLIGHT_MOVE_INTERPOLATION                    - Instance: 0x06F1250C
Const: CONST_SEARCHLIGHT_COLOR_INTERPOLATION                   - Instance: 0x06F12578
Const: CONST_TARGET_REFRESH_LIST_DELAY                         - Instance: 0x06F125E4
Const: CONST_TARGET_DEFAULT_VALIDATE_DELAY                     - Instance: 0x06F12650
Const: CONST_ATTACK_DISTANCE                                   - Instance: 0x06F126BC
Const: CONST_ATTACK_VANTAGE_POINT_MAX_DISTANCE                 - Instance: 0x06F12728
Const: CONST_ATTACK_VANTAGE_POINT_MIN_DISTANCE                 - Instance: 0x06F12794
Const: CONST_ATTACK_VANTAGE_POINT_DISTANCE                     - Instance: 0x06F12800
Const: CONST_ATTACK_VANTAGE_POINT_MAX_HEIGHT                   - Instance: 0x06F1286C
Const: CONST_ATTACK_VANTAGE_POINT_MIN_HEIGHT                   - Instance: 0x06F128D8
Const: CONST_ATTACK_VANTAGE_POINT_HEIGHT                       - Instance: 0x06F12944
Const: CONST_ATTACK_DEFAULT_POWERUP_TIME                       - Instance: 0x06F129B0
Const: CONST_ATTACK_DEFAULT_WEAPON_TIME                        - Instance: 0x06F12A1C
Const: CONST_ATTACK_LONGER_WEAPON_TIME                         - Instance: 0x06F12A88
Const: CONST_ATTACK_EXPIRE_INVISIBLE_TIME                      - Instance: 0x06F12AF4
Const: CONST_INVESTIGATE_LOCATION_TIME                         - Instance: 0x06F12B60
Const: CONST_MALFUNCTION_MAX_VIBRATE_ANGLE                     - Instance: 0x06F12BCC
Const: CONST_CODE_DOWNLOAD_TIME                                - Instance: 0x06F12C38
Const: CONST_max_charges                                       - Instance: 0x06F3201C
Const: CONST_MAT_LOCKED                                        - Instance: 0x084BD6D4
Const: CONST_MAT_OPEN                                          - Instance: 0x084BD740
Const: CONST_MAT_UNLOCKED                                      - Instance: 0x084BD7AC
Const: CONST_MAX_CHALLENGE_SCORE                               - Instance: 0xBB456AE0
Const: CONST_MAX_CHALLENGE_TIME                                - Instance: 0xBB456920
Enum: EeLootPointInteractDirection                             - Instance: 0x06D95FB4
Enum: EHeliDialogue                                            - Instance: 0x06E67E78
Enum: EHeliAttackMode                                          - Instance: 0x06E68400
Enum: ELightColour                                             - Instance: 0x06E684D8
Enum: ELightCol                                                - Instance: 0x06EFFE58
Enum: ELightColorState                                         - Instance: 0x06F11CC0
Enum: ESearchLightTargetMode                                   - Instance: 0x06F11D2C
Enum: EMalfunctionSource                                       - Instance: 0x06F11D98
Enum: ESS_TriBool                                              - Instance: 0x06F542E8
Enum: EPortraitNames                                           - Instance: 0x06F570E8
Enum: ESACBCB_OUT_Links                                        - Instance: 0x06F58768
Enum: EWhichBatmobileMode                                      - Instance: 0x084F195C
Enum: ESubChapter_0                                            - Instance: 0x084F8C24
Enum: ESS_IconControl_Action                                   - Instance: 0x08507F6C
Enum: ESS_LinkIDs                                              - Instance: 0x08509148
Enum: ESS_Query_Action                                         - Instance: 0x085091B4
Enum: EStoryUI                                                 - Instance: 0x0850A648
Enum: EUnlockChallengeAction                                   - Instance: 0x0850C8A0
Enum: ETankDropState                                           - Instance: 0x50D28D90
Enum: EHelicopterStates                                        - Instance: 0x50D29570
Enum: EDSFinaleState                                           - Instance: 0x50D28310
Enum: EVehiclePatrolState                                      - Instance: 0x50D28230
Enum: EWaypointTrackerPhase                                    - Instance: 0x5D949340
Enum: EFFDialogueType                                          - Instance: 0x7EEFD500
Enum: EPopUpTypes_0                                            - Instance: 0xA19BB3A0
Enum: EICC_IN_Links                                            - Instance: 0xBB4568B0
Enum: EICC_OUT_Links                                           - Instance: 0xBB456840
Enum: EChallengeHudVariation                                   - Instance: 0xBB456CA0
Class: RBatarang_Controllable                                  - Instance: 0x06D5D060
Class: RBatarangProjectile_RoundTheBackarang                   - Instance: 0x06D64C4C
Class: RBatarangProjectile_ControllableBm                      - Instance: 0x06D64F70
Class: RBatarangBm                                             - Instance: 0x06D65224
Class: RBatarang_MultiTarget                                   - Instance: 0x06D6700C
Class: RBatarangProjectileBm                                   - Instance: 0x06D693AC
Class: RBatarangProjectile_MultiTarget                         - Instance: 0x06D714E8
Class: RBatarang_Multi_Target_Quick                            - Instance: 0x06D7172C
Class: RBatDistract                                            - Instance: 0x06D7F938
Class: RBatDistractProjectileBm                                - Instance: 0x06D80E84
Class: RBatDistractProjectile_Detonatable                      - Instance: 0x06D80C40
Class: RBatmanForensicsDevice                                  - Instance: 0x06D8AC18
Class: RBatmobileRemoteBm                                      - Instance: 0x06D8D05C
Class: RBMAIAction_RiotFollow                                  - Instance: 0x06D940F8
Class: RBMBehaviour_GangMovementBase                           - Instance: 0x06D94510
Class: RBMAIAction_RiotRun                                     - Instance: 0x06D955CC
Class: RBMBehaviour_BagCarrier                                 - Instance: 0x06D95D70
Class: RBMBehaviour_CityRunAway                                - Instance: 0x06DAC6C8
Class: RBMBehaviour_CityJogAway                                - Instance: 0x06DACCFC
Class: RBMBehaviour_CombatRobot                                - Instance: 0x06DAE55C
Class: RCombatMove_VillainRobotAttack                          - Instance: 0x06DAEB94
Class: RGangSpectatorPoint                                     - Instance: 0x06DB1A64
Class: RSeqEvent_GangEvent                                     - Instance: 0x06DB1D6C
Class: RRiotObject                                             - Instance: 0x06DB5A70
Class: RBMBehaviour_GangIdleOrGroupAnimationPoint              - Instance: 0x06DB9630
Class: RBMBehaviour_GangSpectatorAnimationPoint                - Instance: 0x06DBCD30
Class: RBMBehaviour_GangFleeAnimationPoint                     - Instance: 0x06DBD514
Class: RBMBehaviour_GangIdleOrGroupAnimationPointWeapon        - Instance: 0x06DBEFDC
Class: RBMBehaviour_GangPickUpObjectPoint                      - Instance: 0x06DC086C
Class: RGangInteractWindow                                     - Instance: 0x06DC1014
Class: RBMBehaviour_GasJoker                                   - Instance: 0x06DC6C80
Class: RBMBehaviour_RiotIdle                                   - Instance: 0x06DC9434
Class: RRiotZoneVolume                                         - Instance: 0x06DC9DD0
Class: RBMCombatPoint_FloorVent                                - Instance: 0x06DCAF98
Class: RFreezeBlastIceSphere                                   - Instance: 0x06DCC2B4
Class: RBMCombatPoint_GunDispenser                             - Instance: 0x06DCE67C
Class: RCombatMove_VillainGunLocker                            - Instance: 0x06DCF938
Class: RBMCombatPoint_GunCrate                                 - Instance: 0x06DD12E8
Class: RBMCombatPoint_LoFuseBox                                - Instance: 0x06DD5EF4
Class: RBMCombatPoint_LoPipes                                  - Instance: 0x06DD95CC
Class: RBMCombatPoint_LoPipesControlBox                        - Instance: 0x06DDA5D8
Class: RBMCombatPoint_LoSpotLight                              - Instance: 0x06DDE22C
Class: RBMCombatThrownObject_DroneRemote                       - Instance: 0x06DE1194
Class: RBMCombatThrownObject_PredatorRifle                     - Instance: 0x06DE2378
Class: RBMWeaponRiflePredFull                                  - Instance: 0x06DE3558
Class: RBmStealthTakedownStage_ChainTakedown_LRRailingTakedown - Instance: 0x06DE379C
Class: RBmStealthTakedownStage_ChainTakedown_LRLedgeTakedown   - Instance: 0x06DE4114
Class: RBmStealthTakedownStage_LRLedgeTakedown                 - Instance: 0x06DE4A8C
Class: RBmStealthTakedownStage_LRLedgeTakedownSuccess          - Instance: 0x06DE53FC
Class: RBmStealthTakedownStage_LRRailingTakedown               - Instance: 0x06DE61C8
Class: RBmStealthTakeDownStage_VentAttack                      - Instance: 0x06DE86AC
Class: RPawnVillainGunPredAsset                                - Instance: 0x06DE9BAC
Class: RPawnVillainGunPredFull                                 - Instance: 0x06DE9968
Class: RProjectile_Grenade                                     - Instance: 0x06DED840
Class: RChallengeModeStartPoint                                - Instance: 0x06DEDC00
Class: RSeqEvent_ChallengeMode                                 - Instance: 0x06DF0EDC
Class: RCharacter_MultiStage                                   - Instance: 0x06DF573C
Class: RCharacter_MultiStageMilitia                            - Instance: 0x06DF5C08
Class: RCharacter_Robot                                        - Instance: 0x06DF5FD4
Class: RCinematicBatman                                        - Instance: 0x06DF74BC
Class: RCombatMove_MinigunThugClash                            - Instance: 0x06DFD2AC
Class: RCombatMove_MultiStageChargeAttack                      - Instance: 0x06DFF41C
Class: RCombatMove_MultiStageRepel                             - Instance: 0x06DFF984
Class: RPawnVillainMultiStage                                  - Instance: 0x06DFFECC
Class: RCombatMove_MultiStageShieldAttack                      - Instance: 0x06E00DA8
Class: RCombatMove_VillainStunStickAttack                      - Instance: 0x06E01704
Class: RCombatMove_MultiStageStunStickAttack                   - Instance: 0x06E04634
Class: RCombatMove_MultiStageThrowThugAttack                   - Instance: 0x06E05458
Class: RDisruptorSniperBm                                      - Instance: 0x06E102CC
Class: RDmgType_Flamethrower                                   - Instance: 0x06E15700
Class: RDmgType_PredatorMiniDrone                              - Instance: 0x06E15A20
Class: RExplosiveGooMineBm                                     - Instance: 0x06E15F30
Class: RWaterVolume                                            - Instance: 0x06E17250
Class: RExplosiveGooMine_Combat                                - Instance: 0x06E1C828
Class: RFloatingIceRaft                                        - Instance: 0x06E1E7C8
Class: RFreezeClusterGrenadeBm                                 - Instance: 0x06E21DF4
Class: RFreezeClusterGrenadeProjectileBm                       - Instance: 0x06E255BC
Class: RFreezeClusterTrap                                      - Instance: 0x06E25D04
Class: RFreezeSprayBm                                          - Instance: 0x06E2B058
Class: RFreezeSprayProjectileBm                                - Instance: 0x06E2EEDC
Class: RGangInteractPoint                                      - Instance: 0x06E31168
Class: RGFxMovieBackScreen_Normal                              - Instance: 0x06E34050
Class: RGooSprayBm                                             - Instance: 0x06E52CCC
Class: RGrappleGunBm                                           - Instance: 0x06E58A68
Class: RGrappleProjectileBm                                    - Instance: 0x06E60FA0
Class: RHarpoonGunBm                                           - Instance: 0x06E62358
Class: RHarpoonProjectileBm                                    - Instance: 0x06E62790
Class: RHelicopterHangPoint                                    - Instance: 0x06E6692C
Class: RSeqEvent_HelicopterDialogueTrigger                     - Instance: 0x06E67B9C
Class: RHelicopterIntermediate                                 - Instance: 0x06E681BC
Class: RSeqAct_SpawnDrone                                      - Instance: 0x06E68E58
Class: RHelicopterRocket                                       - Instance: 0x06E7AE8C
Class: RHidePointLineLauncher_RopeComponent                    - Instance: 0x06E84CCC
Class: RHidePoint_LineLauncherWire                             - Instance: 0x06E85388
Class: RPawnPlayerBm                                           - Instance: 0x06E8610C
Class: RPawnPlayer_Azrael                                      - Instance: 0x06E85EC8
Class: RIncendiaryGrenadeCharge                                - Instance: 0x06E87008
Class: RJammerGadgetBm                                         - Instance: 0x06E89DDC
Class: RLineLauncherBm                                         - Instance: 0x06E8B4F8
Class: RLineLauncherProjectile                                 - Instance: 0x06E8B894
Class: RMagBlastLight                                          - Instance: 0x06E902A8
Class: RMagneticBlastBm                                        - Instance: 0x06E9121C
Class: RMagneticBlastReceiverBm                                - Instance: 0x06E93FE0
Class: RSmokeBombBm                                            - Instance: 0x06EA6760
Class: RRHDBm                                                  - Instance: 0x06EA69A4
Class: RVoiceSynthesiserBm                                     - Instance: 0x06EA6BE8
Class: RResonatorTunerBm                                       - Instance: 0x06EA8060
Class: RPawnVillainMilitiaCaptain                              - Instance: 0x06EAB1B0
Class: RPawnVillainMilitiaCaptainPred                          - Instance: 0x06EAB3F4
Class: RStealthTakedownStage_ChainTakedown_FearFromAbove       - Instance: 0x06EB6C74
Class: RStealthTakedownStage_ChainTakedown_FearFromAboveEnd    - Instance: 0x06EB6EB8
Class: RStealthTakedownStage_ChainTakedown_FearFromAboveOnSpotEnd - Instance: 0x06EB70FC
Class: RStealthTakedownStage_SilentFromAboveEndSuccess         - Instance: 0x06EB7340
Class: RStealthTakedownStage_ChainTakedown_GrappleBoostTakedown - Instance: 0x06EB7584
Class: RStealthTakedownStage_ChainTakedown_LineLauncherAttack  - Instance: 0x06EB77C8
Class: RStealthTakeDownStage_BmDoubleTunnelGrateGrab           - Instance: 0x06EB7A0C
Class: RStealthTakeDownStage_BmDoubleTunnelGrateGrabEnd        - Instance: 0x06EB7C50
Class: RStealthTakeDownStage_HidePointGrateAbove               - Instance: 0x06EB80D8
Class: RStealthTakeDownStage_ChainTakedown_HidePointGrateAbove - Instance: 0x06EB7E94
Class: RStealthTakeDownStage_ChainTakedown_HidePointGrateAboveEnd - Instance: 0x06EB831C
Class: RStealthTakedownStage_SilentFromAbove                   - Instance: 0x06EB8560
Class: RStealthTakedownStage_SilentFromAboveEnd                - Instance: 0x06EB87A4
Class: RStealthTakeDownStage_BmTunnelGrateGrab                 - Instance: 0x06EB89E8
Class: RStealthTakedownStage_GlideBoostTackle                  - Instance: 0x06EB8C2C
Class: RStealthTakedownStage_SuperGlideTakedown                - Instance: 0x06EB8E70
Class: RStealthTakedownStage_GrappleBoostTakedown              - Instance: 0x06EB90B4
Class: RStealthTakedownStage_LineLauncherAttack                - Instance: 0x06EB92F8
Class: RStealthTakeDownStage_BmTunnelGrateGrabEnd              - Instance: 0x06EB953C
Class: RStealthTakedownStage_BmTunnelGrateAlignedFinish        - Instance: 0x06EB9780
Class: RStealthTakedownStage_GrateInvertedTakedown             - Instance: 0x06EB99C4
Class: RStealthTakedownStage_GrateInvertedTakedownEnd          - Instance: 0x06EB9C08
Class: RStealthTakeDownStage_HidePointGrateAboveEnd            - Instance: 0x06EB9E4C
Class: RSentryGun                                              - Instance: 0x06ECE698
Class: RProjectile_Grenade_Incendiary                          - Instance: 0x06ECEA44
Class: RVantageMine                                            - Instance: 0x06ECEDE8
Class: RPawnVillainGunMiniDroneController                      - Instance: 0x06ED9E48
Class: RPredatorDroneMini                                      - Instance: 0x06EDB2BC
Class: RPawnVillainThug_Robot                                  - Instance: 0x06EFFB78
Class: RSpecialMoveConfig_CalibrateVoiceSynthesiserForRobot    - Instance: 0x06F0BED4
Class: RSpecialMoveInstance_CalibrateVoiceSynthesiserForRobot  - Instance: 0x06F0C2E0
Class: RPawnVillainThug_RobotPuzzle                            - Instance: 0x06F0C524
Class: RPredatorDroneMiniSpotlight                             - Instance: 0x06F167CC
Class: RSeqEvent_MinidroneAndThugInteractions                  - Instance: 0x06F1845C
Class: RSeqEvent_PredatorDroneHasAttackedObject                - Instance: 0x06F27C54
Class: RRbStealthTakedownStage_OrderedTakedown                 - Instance: 0x06F36D98
Class: RVehicleBehaviour_DriveToRiotPoint                      - Instance: 0x06F46288
Class: RSentryGunLights                                        - Instance: 0x06F46648
Class: RSeqEvent_SentryGunEvent                                - Instance: 0x06F47F88
Class: RSeqAct_AddBatmobileWeapon                              - Instance: 0x06F502E4
Class: RSeqAct_AnyButtonSkips                                  - Instance: 0x06F50A80
Class: RSeqAct_GiveUpUtilityBelt                               - Instance: 0x06F51EF8
Class: RSeqAct_MostWantedSelectMission                         - Instance: 0x06F529A8
Class: RSeqAct_SelectNonSideStoryMapMarker                     - Instance: 0x06F53448
Class: RSeqAct_SideStory_Update                                - Instance: 0x06F540A4
Class: RSeqAct_StartGauntletMovie                              - Instance: 0x06F56E08
Class: RSeqEvent_DisabledControlChopper                        - Instance: 0x06F580D4
Class: RSmokeScreenBM                                          - Instance: 0x06F58EF8
Class: RSmokeBombProjectileBm                                  - Instance: 0x06F5C8A0
Class: RSpecialMoveConfig_HangOnHelicopter                     - Instance: 0x06F5E824
Class: RSpecialMoveInstance_HangOnHelicopter                   - Instance: 0x06F5FBF0
Class: RSpecialMoveConfig_PlaceGooOnEnemy                      - Instance: 0x06F5FE34
Class: RSpecialMoveInstance_PlaceGooOnEnemy                    - Instance: 0x06F60560
Class: RSpecialMoveConfig_TakedownSentryGun                    - Instance: 0x06F607A4
Class: RSpecialMoveInstance_TakedownSentryGun                  - Instance: 0x06F60E30
Class: RSpecialMoveInstance_GrappleThruGrate                   - Instance: 0x06F61514
Class: RTunnelGrateShared                                      - Instance: 0x06F82B18
Class: MSeqCond_IsDetectiveVisionActivated                     - Instance: 0x08460B80
Class: RAmbient_DirectionalLight                               - Instance: 0x08460FCC
Class: RBabyProofingVolume                                     - Instance: 0x08461760
Class: RBatarangCameraVolume                                   - Instance: 0x08461F38
Class: RBMBehaviour_AbandonedVehicleAnimationPoint             - Instance: 0x08462BA8
Class: RGangInteractPointAbandonedVehicle                      - Instance: 0x08463184
Class: RBMBehaviour_JokerRooftop                               - Instance: 0x08468D14
Class: RJokerRooftopPoint                                      - Instance: 0x0846908C
Class: RBMBehaviour_JumpOutOfVan                               - Instance: 0x0846A584
Class: RBMBehaviour_RiotFlee                                   - Instance: 0x0846B6B4
Class: RBMCombatThrownObject_Baton                             - Instance: 0x084705C0
Class: RBMCombatThrownObject_BatonPart1                        - Instance: 0x084708C8
Class: RBMWeaponBat                                            - Instance: 0x08471CEC
Class: RBMWeaponBaton                                          - Instance: 0x08471AA8
Class: RBMCombatThrownObject_Bottle                            - Instance: 0x08472EC8
Class: RBMWeaponKnifeBase                                      - Instance: 0x084742EC
Class: RBMWeaponBottle                                         - Instance: 0x084740A8
Class: RBMCombatThrownObject_BottleDestroyed                   - Instance: 0x08474530
Class: RBMCombatThrownObject_HeavyObject                       - Instance: 0x08475898
Class: RBMCombatThrownObject_Knife                             - Instance: 0x08477CBC
Class: RBMWeaponKnife                                          - Instance: 0x08478E98
Class: RBMCombatThrownObject_KnifeDestroyed                    - Instance: 0x084790DC
Class: RBMCombatThrownObject_PredatorShotgun                   - Instance: 0x0847AF78
Class: RBMWeaponShotgun                                        - Instance: 0x0847C158
Class: RBMCombatThrownObject_RocketLauncher                    - Instance: 0x0847C39C
Class: RBMWeaponRocketLauncher                                 - Instance: 0x0847D818
Class: RBMCombatThrownObject_ShotgunDestroyed                  - Instance: 0x0847DA5C
Class: RBMCombatThrownObject_ShotgunDestroyedPart3             - Instance: 0x0847DD64
Class: RBMCombatThrownObject_ShotgunDestroyedPart1             - Instance: 0x0847DFA8
Class: RBMCombatThrownObject_ShotgunDestroyedPart2             - Instance: 0x0847E1EC
Class: RCombatMove_VillainSmokeBombReaction_Knife              - Instance: 0x084887EC
Class: RBMWeaponHeavyObject                                    - Instance: 0x0848A9B8
Class: RBMWeaponPipe                                           - Instance: 0x0848F3B0
Class: RPrototank_Missile                                      - Instance: 0x08493F04
Class: RBreakableVentLight                                     - Instance: 0x084990DC
Class: RCarListenerInterface                                   - Instance: 0x0849A6EC
Class: RCheckpointBlockade                                     - Instance: 0x0849AA48
Class: RCheckPointMineLights                                   - Instance: 0x0849D278
Class: RCheckPointMine                                         - Instance: 0x0849E04C
Class: RSeqAct_CheckPointMine                                  - Instance: 0x0849F59C
Class: RDestructibleProp_TakeoverVideoScreen                   - Instance: 0x084A849C
Class: RDmgType_DiveBoostShockwave                             - Instance: 0x084A9E94
Class: RDynamicBlockingVolumeDisabled                          - Instance: 0x084AA234
Class: RExplosiveGooMine_SprayOnObject                         - Instance: 0x084AAA28
Class: RFearGasNoEntryVolume                                   - Instance: 0x084AC9C8
Class: RGangFleePressPoint                                     - Instance: 0x084AD738
Class: RGangInteractBillboard                                  - Instance: 0x084ADDF0
Class: RGangInteractChineseStandGlass                          - Instance: 0x084AF334
Class: RGangRunAwayPoint                                       - Instance: 0x084B1AA0
Class: RHidePoint_Grate                                        - Instance: 0x084B2018
Class: RHidePoint_OWGargoyle                                   - Instance: 0x084B5B98
Class: RHidePoint_Rope                                         - Instance: 0x084B72CC
Class: RHidePointWire_RopeComponent                            - Instance: 0x084B8530
Class: RHidePoint_Wire                                         - Instance: 0x084B8BF8
Class: RLadder                                                 - Instance: 0x084BA030
Class: RLevelTransitionDoorBunkerBase                          - Instance: 0x084BCA7C
Class: RLevelTransitionDoubleDoors                             - Instance: 0x084C271C
Class: RLevelTransitionShutterDoors                            - Instance: 0x084C62B4
Class: RLevelTransitionShutterDoorsRiddler                     - Instance: 0x084C95A8
Class: RLevelVolumeOverride                                    - Instance: 0x084CC950
Class: RLiftBrakeSwitch                                        - Instance: 0x084CD988
Class: RockDecalToggleable                                     - Instance: 0x084D033C
Class: RPickup_MilitiaShield                                   - Instance: 0x084D0D2C
Class: RPredatorGunLockerMesh                                  - Instance: 0x084D37AC
Class: RPredatorGunLocker                                      - Instance: 0x084D5E54
Class: RPresurePad                                             - Instance: 0x084D7510
Class: RSeqEvt_PressurePad                                     - Instance: 0x084D8654
Class: RSeqAct_TogglePressurePad                               - Instance: 0x084D9D7C
Class: RRadarTower                                             - Instance: 0x084DE778
Class: RRiddlerRewardCage                                      - Instance: 0x084E2ABC
Class: RSeqAct_AssignToGuardVolume                             - Instance: 0x084E4BF8
Class: RSeqAct_ChatterBox                                      - Instance: 0x084E5244
Class: RSeqAct_CheckKnightFallState                            - Instance: 0x084E762C
Class: RSeqAct_CheckThreatAsset                                - Instance: 0x084E850C
Class: RSeqAct_CountThreatAssets                               - Instance: 0x084E8C0C
Class: RSeqAct_DisableSideStories                              - Instance: 0x084E9604
Class: RSeqAct_DriveBatmobileToLocation                        - Instance: 0x084E9D78
Class: RSeqAct_FlashTextureMovieControl                        - Instance: 0x084EB3DC
Class: RSeqAct_ForceNoStasis                                   - Instance: 0x084EC920
Class: RSeqAct_GetNumSecretsFound                              - Instance: 0x084ED3C8
Class: RSeqAct_GetTransInFromGangPoint                         - Instance: 0x084EDAB8
Class: RSeqAct_GetZoneWithMostSecretsLeft                      - Instance: 0x084EE1C0
Class: RSeqAct_GFxMovieUI                                      - Instance: 0x084EEE30
Class: RSeqAct_GivenPlayerUpgrade                              - Instance: 0x084EFAE0
Class: RSeqAct_IsChallengeActive                               - Instance: 0x084F0124
Class: RSeqAct_IsCurrentObjective                              - Instance: 0x084F0784
Class: RSeqAct_IsHeavyTankEncounterActive                      - Instance: 0x084F10E0
Class: RSeqAct_IsInBatmobile                                   - Instance: 0x084F15E4
Class: RSeqAct_IsLowUrgencyObjectiveActive                     - Instance: 0x084F1DF0
Class: RSeqAct_IsPlayerLockedInBatmobile                       - Instance: 0x084F2740
Class: RSeqAct_JokerRooftopController                          - Instance: 0x084F2CDC
Class: RSeqAct_MakeBatmanFaceObject                            - Instance: 0x084F8114
Class: RSeqAct_MostWantedEndOfGameState                        - Instance: 0x084F88B0
Class: RSeqAct_ObjectiveFailed                                 - Instance: 0x084F91F8
Class: RSeqAct_Ocean                                           - Instance: 0x084F9F70
Class: RSeqAct_OverrideDetectiveMaterials                      - Instance: 0x084FA788
Class: RSeqAct_PenguinCarChase                                 - Instance: 0x084FB07C
Class: RSeqAct_PenguinIntel                                    - Instance: 0x084FEF88
Class: RSeqAct_PlayVehicleBark                                 - Instance: 0x084FF5EC
Class: RSeqAct_RemoveHighlightFromXrayWire                     - Instance: 0x084FFCC4
Class: RSeqAct_RiddlerSpeaking                                 - Instance: 0x085004F4
Class: RSeqAct_RiotPropHasBeenRemoved                          - Instance: 0x08500AB4
Class: RSeqAct_SetAllowedToChatter                             - Instance: 0x08501118
Class: RSeqAct_SetBatmobilePassenger                           - Instance: 0x085018B4
Class: RSeqAct_SetBatmobileState                               - Instance: 0x0850217C
Class: RSeqAct_SetHeartbeatType                                - Instance: 0x08503BB8
Class: RSeqAct_SetHelicopterPointOfInterestActive              - Instance: 0x08504358
Class: RSeqAct_SetHostile                                      - Instance: 0x08504AF8
Class: RSeqAct_SetSideStoryWithoutMapMarker                    - Instance: 0x085050A0
Class: RSeqAct_SetVehicleProperties                            - Instance: 0x0850579C
Class: RVehicleHush                                            - Instance: 0x085067BC
Class: RSeqAct_ShowTextOverFade                                - Instance: 0x08506C10
Class: RSeqAct_ShowVehicleOnHUD                                - Instance: 0x085075AC
Class: RSeqAct_SideStory_IconControl                           - Instance: 0x08507D28
Class: RSeqAct_SideStory_Query                                 - Instance: 0x08508F04
Class: RSeqAct_SideStory_Switch                                - Instance: 0x08509B40
Class: RSeqAct_SideStory_UIMessage                             - Instance: 0x0850A404
Class: RSeqAct_SideStoryCooldownTimer                          - Instance: 0x0850B3F8
Class: RSeqAct_UnlockAchievement                               - Instance: 0x0850C020
Class: RSeqAct_UnlockChallenge                                 - Instance: 0x0850C65C
Class: RSeqAct_UnlockCharacterBio                              - Instance: 0x0850D6D4
Class: RSeqAct_UnlockShowcaseCharacter                         - Instance: 0x0850E030
Class: RSeqAct_UnlockShowcaseVehicle                           - Instance: 0x0850E5D4
Class: RSeqAct_WaitForHud                                      - Instance: 0x0850EB78
Class: RSeqCond_CheckChapter                                   - Instance: 0x0850FF30
Class: RSeqEvent_BatmobileStuck                                - Instance: 0x08510714
Class: RSeqEvent_BatmobileWrongWay                             - Instance: 0x08510AD4
Class: RSeqEvent_CantPull                                      - Instance: 0x08510E94
Class: RSeqEvent_CustomBackscreenRequested_Normal              - Instance: 0x08511254
Class: RSeqEvent_EnteredBatmobile                              - Instance: 0x08511A10
Class: RSeqEvent_WinchAborted                                  - Instance: 0x08511F28
Class: RSmokeScreenFireEx                                      - Instance: 0x085125C0
Class: RSpecialMoveConfig_GrappleThruGrate                     - Instance: 0x085130C0
Class: RSpecialMoveConfig_OpenGrate                            - Instance: 0x085134CC
Class: RSpecialMoveInstance_OpenGrate                          - Instance: 0x08515264
Class: RSpecialMoveConfig_ShockwaveLand                        - Instance: 0x085154A8
Class: RSpecialMoveInstance_ShockwaveLand                      - Instance: 0x08516240
Class: RTakeoverVideoScreen                                    - Instance: 0x0851E3C0
Class: RTunnelGrate                                            - Instance: 0x0851F3D4
Class: RTunnelMesh                                             - Instance: 0x08522CAC
Class: RTurret_Watchtower                                      - Instance: 0x085234AC
Class: RVehicleBatmobile                                       - Instance: 0x0852A21C
Class: RVehicleBehaviour_APCRunAway                            - Instance: 0x0854016C
Class: RVehicleBehaviour_Parked                                - Instance: 0x08540E6C
Class: RVehicleBehaviour_StopAndSpawnHushBadGuys               - Instance: 0x08541790
Class: RWinchableJunctionBox                                   - Instance: 0x0854731C
Class: RWinchableRamp                                          - Instance: 0x0854ADA4
Class: RHidePoint_Batmobile                                    - Instance: 0x21FC49C0
Class: RSeqAct_PauseGameOnLoad                                 - Instance: 0x21B2C000
Class: RSeqAct_SelectLoadingScreen                             - Instance: 0x21B2FA80
Class: RSeqAct_Rain                                            - Instance: 0x21116490
Class: RSeqAct_SetRainCullDistance                             - Instance: 0x25840EA0
Class: RHelicopter                                             - Instance: 0x258409C0
Class: RHelicopterMultiRole                                    - Instance: 0x25841110
Class: RSeqAct_SetMultiroleHelicopterState                     - Instance: 0x25840750
Class: RSeqEvent_HelicopterDefeatedWithMissiles                - Instance: 0x25841380
Class: RPredatorDrone                                          - Instance: 0x258404E0
Class: RSeqAct_PlayCameraOverlay                               - Instance: 0x25842970
Class: RCinematicBatmobile                                     - Instance: 0x25BDF330
Class: RSeqAct_DeathstrokeTakedown                             - Instance: 0x242AE220
Class: RSeqAct_PutPlayerInBatmobile                            - Instance: 0x242AF0C0
Class: RVehicleBehaviour_Patrol                                - Instance: 0x242AE490
Class: RManBatAppearanceVolume                                 - Instance: 0x218A4750
Class: RSeqEvt_ManBatAppearance                                - Instance: 0x218A49C0
Class: RManbatPatrolPoint                                      - Instance: 0x218A4EA0
Class: RSeqAct_IsCurrentMostWantedMission                      - Instance: 0x5D891FB0
Class: RSeqAct_WaypointTraversingTargetTracker                 - Instance: 0x5D892E50
Class: RWaypointTraversalTrailNode                             - Instance: 0x5D8930C0
Class: RSeqEvent_TraversalWaypointReached                      - Instance: 0x5D893CF0
Class: RBespokeMapRefPoint                                     - Instance: 0x5D9EC750
Class: ROverheadWireEnd                                        - Instance: 0x5D9EC9C0
Class: RSeqAct_BatmobileStart                                  - Instance: 0x5D9ECC30
Class: RSeqAct_BespokeVineSonar                                - Instance: 0x5D9ECEA0
Class: RSeqAct_BespokePipeSonar                                - Instance: 0x5D9ED5F0
Class: RSeqAct_IsBatmobileDLC                                  - Instance: 0x5D9ED860
Class: RSeqAct_RasTrailsMobileWaypoint                         - Instance: 0x5D9EDAD0
Class: RSeqAct_RefreshAllCrimeScenes                           - Instance: 0x5D9EDD40
Class: RSeqAct_SetForensicTrail                                - Instance: 0x5D9EDFB0
Class: ROverworldSpawnPoint                                    - Instance: 0x7EC70EA0
Class: RBMBehaviour_FireflyFlee                                - Instance: 0x7EEBA970
Class: RPawnBossFirefly                                        - Instance: 0x7EEBB810
Class: RProjectile_GrenadeFirefly                              - Instance: 0x7EEBBA80
Class: RSeqAct_GetFireFlyDefine                                - Instance: 0x7EEBBCF0
Class: RSeqAct_ToggleMissionWheel                              - Instance: 0x7EEBB5A0
Class: RGrapplePoint_Unusable                                  - Instance: 0x7F58FCF0
Class: RTunnelGrate_NonInteractive                             - Instance: 0x7F6A8000
Class: RBMCombatThrownObject_Shield                            - Instance: 0x7FB59860
Class: RBMWeaponShield                                         - Instance: 0x7FB59AD0
Class: RBMCombatThrownObject_RiotShield                        - Instance: 0x7FB59D40
Class: RBMWeaponRiotShield                                     - Instance: 0x7FB59FB0
Class: RBMCombatThrownObject_RiotShieldDestroyed               - Instance: 0x7FB5A220
Class: RBMCombatThrownObject_ShieldDestroyed                   - Instance: 0x7FB5A490
Class: RPawnVillainMultiStageKnife                             - Instance: 0x7FB5AE50
Class: RBMCombatThrownObject_Minigun                           - Instance: 0x7FCCCEA0
Class: RBMWeaponMinigunPred                                    - Instance: 0x7FCCD110
Class: RPawnVillainGunPredMiniGun                              - Instance: 0x7FCCD5F0
Class: RPawnVillainGunJammerBase                               - Instance: 0x7FCCDFB0
Class: RPawnVillainGunJammer                                   - Instance: 0x7FCCE220
Class: RStealthTakedownStage_JammerSilentTakedown              - Instance: 0x7FCCE700
Class: RPawnVillainGunMinelayer                                - Instance: 0x7FCCE970
Class: RVentMine                                               - Instance: 0x7FCCEBE0
Class: RThugMine                                               - Instance: 0x7FCCEE50
Class: RBMCombatPoint_HiElectricalBox                          - Instance: 0xA0ACEBE0
Class: RBMCombatThrownObject_AirCondUnitSmashable              - Instance: 0xA0ACEE50
Class: RCrows                                                  - Instance: 0xA0ACF5A0
Class: RJokerHallucinationPoint                                - Instance: 0xA0ACFA80
Class: RLevelTransitionDoor                                    - Instance: 0xA0ACFCF0
Class: RLevelTransitionLadderAndHatchBase                      - Instance: 0xA0ACF330
Class: RLevelTransitionLadderAndHatch                          - Instance: 0xA0ACF0C0
Class: RSeqAct_JokerHallucinationController                    - Instance: 0xA0ACE700
Class: RSeqAct_JokerHallucinationFadeNotify                    - Instance: 0xA0ACE490
Class: RSeqAct_SetGrapplePointPriority                         - Instance: 0xA0ACC4E0
Class: RSingleCrow                                             - Instance: 0xA0ACC270
Class: RSwingChuteExit                                         - Instance: 0x21B2E220
Class: RSwingChutePoint                                        - Instance: 0xA0BD4000
Class: RBMCombatThrownObject_HeavyObjectFireExtinguisher       - Instance: 0xA19E5FB0
Class: RBMWeaponHeavyObjectFireExtinguisher                    - Instance: 0xA19E70C0
Class: RCandle                                                 - Instance: 0xA19E6970
Class: RGFxMovieUI_InstallationMessage                         - Instance: 0xA19E7330
Class: RSeqAct_EnsureChunkInstalled                            - Instance: 0xA19E5AD0
Class: RManagedFlammableStaticMeshActor                        - Instance: 0xA19E7810
Class: RSeqAct_LockForensicsOn                                 - Instance: 0xA19E7A80
Class: RSpecialMoveConfig_CustomDoorMove                       - Instance: 0xA19E6220
Class: RSpecialMoveInstance_CustomDoorMove                     - Instance: 0xA19E6700
Class: RBMCombatThrownObject_StunStick                         - Instance: 0xA1F9B0C0
Class: RBMWeaponStunStick                                      - Instance: 0xA1F9B330
Class: RBMCombatThrownObject_StunStickDestroyed                - Instance: 0xA1F9B5A0
Class: RBMCombatThrownObject_StunStickDestroyedPart1           - Instance: 0xA1F9B810
Class: RCombatMove_VillainSmokeBombReaction_Stun               - Instance: 0xA1F9ABE0
Class: RBMCombatThrownObject_CombatExpertSword                 - Instance: 0xA2920000
Class: RBMWeaponCombatExpertSword                              - Instance: 0xA2920270
Class: RBMCombatThrownObject_HeavyObjectCrate                  - Instance: 0xA29204E0
Class: RBMWeaponHeavyObjectCrate                               - Instance: 0xA2920750
Class: RBMCombatThrownObject_HeavyObjectExplosive              - Instance: 0xA29209C0
Class: RBMWeaponHeavyObjectExplosive                           - Instance: 0xA2921110
Class: RCharacter_Ninja                                        - Instance: 0xA2921860
Class: RPawnVillainCombatExpert                                - Instance: 0xA2921AD0
Class: RPawnVillainMultiStageArmoured                          - Instance: 0xA2921FB0
Class: RGenericGenerator                                       - Instance: 0xA2AEDAD0
Class: RSeqEvent_WaterGenerator                                - Instance: 0xA2AED860
Class: RSeqAct_WaterGenerator                                  - Instance: 0xA2AECEA0
Class: RFakeLockedDoor                                         - Instance: 0xA2AEF5A0
Class: RHidePoint_Clocktower                                   - Instance: 0xA2AEFA80
Class: RHidePoint_Gargoyle                                     - Instance: 0xA2AEFCF0
Class: RLevelTransitionPoint                                   - Instance: 0xA2AEF810
Class: RSeqAct_CompareNumHostileVehicles                       - Instance: 0xA2AEC000
Class: RSwingChutePoint_Vent                                   - Instance: 0xA2AEC4E0
Class: RPawnVillainMultiStageUltimate                          - Instance: 0xA62CFA80
Class: RBreakableTV_CRT                                        - Instance: 0xA65E0C30
Class: RBreakableTV_CRT_Dynamic                                - Instance: 0xA65E0EA0
Class: RPresurePadBomb                                         - Instance: 0xA65E1110
Class: RSeqAct_FakeTickOffRiddlerRiotBomb                      - Instance: 0xA65E1380
Class: RSeqAct_SetTVTexture                                    - Instance: 0xA65E15F0
Class: RCrimeScene                                             - Instance: 0xA65E2490
Class: RSeqAct_SideStory_PygVictim                             - Instance: 0xA65E3810
Class: RSeqAct_SideStoryOverrideFocusText                      - Instance: 0xA65E35A0
Class: RSeqAct_UpdateDeadBody                                  - Instance: 0xA65E3A80
Class: RPawnVillainMultiStageShield                            - Instance: 0xA7089FB0
Class: RPawnVillainMultiStageStunStick                         - Instance: 0xA708A220
Class: RBMCombatThrownObject_HeavyObjectCrateAce               - Instance: 0xA708A490
Class: RBMWeaponHeavyObjectCrateAce                            - Instance: 0xA7089D40
Class: RRiddlerLight                                           - Instance: 0xA7362BE0
Class: RRiddlerResetLight                                      - Instance: 0xA7362E50
Class: RRiddlerSwitch                                          - Instance: 0xA73635A0
Class: RImpassableHazard                                       - Instance: 0xA73D8C30
Class: RSpecialMoveConfig_HazardStumble                        - Instance: 0xA73D8EA0
Class: RSpecialMoveInstance_HazardStumble                      - Instance: 0xA73D9110
Class: RWaterGenerator                                         - Instance: 0xA73D9860
Class: RBMRacePressurePad                                      - Instance: 0xA73DBA80
Class: RGlideUnderBridgesAchievementVolume                     - Instance: 0xA73DBCF0
Class: RSeqAct_SetFractureWallCanInteract                      - Instance: 0xA73DB0C0
Class: RSwingChuteExitDLC                                      - Instance: 0xA73DA220
Class: RSwingChutePointDLC                                     - Instance: 0xA73D95F0
Class: RLevelTransitionDoorSmall                               - Instance: 0xA8E02E50
Class: RPredatorDroneRotor                                     - Instance: 0xA8E035A0
Class: RSeqAct_ChallengeMode                                   - Instance: 0xA8E03A80
Class: RSeqAct_SetHelicopterHighPriorityTarget                 - Instance: 0xA8E03330
Class: RVehicleWalker                                          - Instance: 0xA9825AD0
Class: RElectrifiedFloorPanelCell                              - Instance: 0xA9233A80
Class: RSeqAct_SentryGun                                       - Instance: 0xA9232700
Class: RSpecialMoveConfig_CommandBeacon                        - Instance: 0xAA76DD40
Class: RSpecialMoveInstance_CommandBeacon                      - Instance: 0xAA76E220
Class: RCommandBeaconLights                                    - Instance: 0xAA76DFB0
Class: RCommandBeacon                                          - Instance: 0xAA76E490
Class: RSeqAct_CallBatmobileToLocation                         - Instance: 0xAA76EBE0
Class: RBatGelDestroyVolume                                    - Instance: 0xBA015FB0
Class: RBmPawnSpawner_ChallengeMode                            - Instance: 0xBA016E50
Class: RChallengeWall_Straight                                 - Instance: 0xBA017330
Class: RChallengeWall_Straight_Combat                          - Instance: 0xBA017A80
Class: RSeqAct_DespawnChallengePawns                           - Instance: 0xB93CB810
Class: RSeqAct_InfiniteCombatSpawner                           - Instance: 0xB93CAE50
Class: RSeqAct_IntegratedChallengeControl                      - Instance: 0xB93CA970
Class: RSeqAct_SetVehicleCombatDifficulty                      - Instance: 0xB938C000
Class: RSeqAct_ShowChallengeCombatSummary                      - Instance: 0xBA014EA0

BatmanAK generated in 1.48 seconds.
