Base: 0x140000000
GObjects: 0x14340CBE4
GNames: 0x143A208B8

BatmanAK objects cached in 2.576 seconds.

Processing Package: Core

ScriptStruct: Guid                                             - Instance: 0x0450116C
ScriptStruct: Array_Mirror                                     - Instance: 0x0453CD60
ScriptStruct: InlinePointerArray_Mirror                        - Instance: 0x04501234
ScriptStruct: Rotator                                          - Instance: 0x04502D94
ScriptStruct: Vector                                           - Instance: 0x04502F24
ScriptStruct: Plane                                            - Instance: 0x04502E5C
ScriptStruct: Vector2D                                         - Instance: 0x045049FC
ScriptStruct: Vector4                                          - Instance: 0x04504BEC
ScriptStruct: TwoVectors                                       - Instance: 0x04506678
ScriptStruct: LinearColor                                      - Instance: 0x0450C1B4
ScriptStruct: Color                                            - Instance: 0x0450C570
ScriptStruct: InterpCurvePointVector2D                         - Instance: 0x0450ED4C
Info: Extra padding detected!
Info: Property size 0x1D
Info: Min alignment 0x4
Info: Extra padding 0x3
ScriptStruct: InterpCurveVector2D                              - Instance: 0x0450EC84
Info: Extra padding detected!
Info: Property size 0x11
Info: Min alignment 0x4
Info: Extra padding 0x3
ScriptStruct: InterpCurvePointFloat                            - Instance: 0x045100DC
Info: Extra padding detected!
Info: Property size 0x11
Info: Min alignment 0x4
Info: Extra padding 0x3
ScriptStruct: InterpCurveFloat                                 - Instance: 0x0450EFE8
Info: Extra padding detected!
Info: Property size 0x11
Info: Min alignment 0x4
Info: Extra padding 0x3
ScriptStruct: Cylinder                                         - Instance: 0x0450F420
ScriptStruct: InterpCurvePointVector                           - Instance: 0x0450F8AC
Info: Extra padding detected!
Info: Property size 0x29
Info: Min alignment 0x4
Info: Extra padding 0x3
ScriptStruct: InterpCurveVector                                - Instance: 0x0450F7E4
Info: Extra padding detected!
Info: Property size 0x11
Info: Min alignment 0x4
Info: Extra padding 0x3
ScriptStruct: Quat                                             - Instance: 0x045128EC
ScriptStruct: Matrix                                           - Instance: 0x045147D4
ScriptStruct: BoxSphereBounds                                  - Instance: 0x0451489C
ScriptStruct: TAlphaBlend                                      - Instance: 0x04514CDC
Info: Extra padding detected!
Info: Property size 0x15
Info: Min alignment 0x4
Info: Extra padding 0x3
ScriptStruct: BoneAtom                                         - Instance: 0x04537958
ScriptStruct: OctreeElementId                                  - Instance: 0x04537A20
ScriptStruct: RenderCommandFence                               - Instance: 0x04537CB4
ScriptStruct: RChannel32                                       - Instance: 0x04538008
ScriptStruct: RChannel8                                        - Instance: 0x04538164
ScriptStruct: RawDistribution                                  - Instance: 0x0453952C
ScriptStruct: InterpCurvePointLinearColor                      - Instance: 0x0453A044
Info: Extra padding detected!
Info: Property size 0x35
Info: Min alignment 0x4
Info: Extra padding 0x3
ScriptStruct: InterpCurveLinearColor                           - Instance: 0x04539AB4
Info: Extra padding detected!
Info: Property size 0x11
Info: Min alignment 0x4
Info: Extra padding 0x3
ScriptStruct: InterpCurvePointQuat                             - Instance: 0x0453A6AC
Info: Extra padding detected!
Info: Property size 0x41
Info: Min alignment 0x10
Info: Extra padding 0xF
ScriptStruct: InterpCurveQuat                                  - Instance: 0x0453A2E0
Info: Extra padding detected!
Info: Property size 0x11
Info: Min alignment 0x4
Info: Extra padding 0x3
ScriptStruct: InterpCurvePointTwoVectors                       - Instance: 0x0453AD14
Info: Extra padding detected!
Info: Property size 0x4D
Info: Min alignment 0x4
Info: Extra padding 0x3
ScriptStruct: InterpCurveTwoVectors                            - Instance: 0x0453A948
Info: Extra padding detected!
Info: Property size 0x11
Info: Min alignment 0x4
Info: Extra padding 0x3
ScriptStruct: SimpleBox                                        - Instance: 0x0453B514
ScriptStruct: Box                                              - Instance: 0x0453B7A8
Info: Extra padding detected!
Info: Property size 0x19
Info: Min alignment 0x4
Info: Extra padding 0x3
ScriptStruct: TPOV                                             - Instance: 0x0453C118
ScriptStruct: SHVector                                         - Instance: 0x0453C474
ScriptStruct: SHVectorRGB                                      - Instance: 0x0453C1E0
ScriptStruct: IntPoint                                         - Instance: 0x0453C674
ScriptStruct: PackedNormal                                     - Instance: 0x0453C900
ScriptStruct: IndirectArray_Mirror                             - Instance: 0x0453CF60
ScriptStruct: FColorVertexBuffer_Mirror                        - Instance: 0x0453D1EC
ScriptStruct: RenderCommandFence_Mirror                        - Instance: 0x0453D478
ScriptStruct: UntypedBulkData_Mirror                           - Instance: 0x0453D834
ScriptStruct: BitArray_Mirror                                  - Instance: 0x0453E58C
ScriptStruct: SparseArray_Mirror                               - Instance: 0x0453E394
ScriptStruct: Set_Mirror                                       - Instance: 0x0453E2CC
ScriptStruct: MultiMap_Mirror                                  - Instance: 0x0453D990
ScriptStruct: Map_Mirror                                       - Instance: 0x0453E168
ScriptStruct: ThreadSafeCounter                                - Instance: 0x0453E8B4
ScriptStruct: Double                                           - Instance: 0x0453EE34
ScriptStruct: RawDistributionFloat                             - Instance: 0x045406D4
ScriptStruct: MatineeRawDistributionFloat                      - Instance: 0x04540838
ScriptStruct: RawDistributionVector                            - Instance: 0x04540EBC
Const: CONST_HalfPi                                            - Instance: 0x0453707C
Const: CONST_TwoPi                                             - Instance: 0x045370E8
Const: CONST_UnAToDeg                                          - Instance: 0x04537154
Const: CONST_DegToUnA                                          - Instance: 0x045371C0
Const: CONST_UnAToRad                                          - Instance: 0x0453722C
Const: CONST_RadToUnA                                          - Instance: 0x04537298
Const: CONST_InvAspectRatio16x9                                - Instance: 0x04537304
Const: CONST_InvAspectRatio5x4                                 - Instance: 0x04537370
Const: CONST_InvAspectRatio4x3                                 - Instance: 0x045373DC
Const: CONST_AspectRatio16x9                                   - Instance: 0x04537448
Const: CONST_AspectRatio5x4                                    - Instance: 0x045374B4
Const: CONST_AspectRatio4x3                                    - Instance: 0x04537520
Const: CONST_INDEX_NONE                                        - Instance: 0x0453758C
Const: CONST_UnrRotToDeg                                       - Instance: 0x045375F8
Const: CONST_DegToUnrRot                                       - Instance: 0x04537664
Const: CONST_RadToUnrRot                                       - Instance: 0x045376D0
Const: CONST_UnrRotToRad                                       - Instance: 0x0453773C
Const: CONST_DegToRad                                          - Instance: 0x045377A8
Const: CONST_RadToDeg                                          - Instance: 0x04537814
Const: CONST_Pi                                                - Instance: 0x04537880
Const: CONST_MaxInt                                            - Instance: 0x045378EC
Enum: EDebugBreakType                                          - Instance: 0x04509AF8
Enum: EAutomatedRunResult                                      - Instance: 0x04509B64
Enum: EAspectRatioAxisConstraint                               - Instance: 0x0450CC1C
Enum: EInterpCurveMode                                         - Instance: 0x0450F3B4
Enum: EInterpMethodType                                        - Instance: 0x0450F4E8
Enum: EAxis                                                    - Instance: 0x04514C70
Enum: ETickingGroup                                            - Instance: 0x04537010
Enum: EInputEvent                                              - Instance: 0x0453BB7C
Enum: ESimpleAxis                                              - Instance: 0x0453BBE8
Enum: EAlphaBlendType                                          - Instance: 0x0453BC54
Enum: EDecalDrawMode                                           - Instance: 0x0453C040
Enum: EDecalPriority                                           - Instance: 0x0453C0AC
Enum: ECollisionFilter                                         - Instance: 0x0453F9C8
Enum: EDistributionVectorLockFlags                             - Instance: 0x04540DE4
Enum: EDistributionVectorMirrorFlags                           - Instance: 0x04540E50
Class: Object                                                  - Instance: 0x0321E700
Class: TextBuffer                                              - Instance: 0x04340270
Class: Subsystem                                               - Instance: 0x0421C000
Class: System                                                  - Instance: 0x04340000
Class: StateObject                                             - Instance: 0x0421C4E0
Class: PackageMap                                              - Instance: 0x0421C9C0
Class: ObjectSerializer                                        - Instance: 0x0421CEA0
Class: ObjectRedirector                                        - Instance: 0x0421D380
Class: MetaData                                                - Instance: 0x0421D860
Class: Linker                                                  - Instance: 0x0421E700
Class: LinkerSave                                              - Instance: 0x0421DD40
Class: LinkerLoad                                              - Instance: 0x0421E220
Class: Interface                                               - Instance: 0x0421EBE0
Class: Field                                                   - Instance: 0x0321E490
Class: Struct                                                  - Instance: 0x0321EBE0
Class: ScriptStruct                                            - Instance: 0x0421F0C0
Class: Function                                                - Instance: 0x0421F5A0
Class: Property                                                - Instance: 0x04244000
Class: StructProperty                                          - Instance: 0x0421FA80
Class: StrProperty                                             - Instance: 0x0421F810
Class: ObjectProperty                                          - Instance: 0x0421DAD0
Class: ComponentProperty                                       - Instance: 0x0421EE50
Class: ClassProperty                                           - Instance: 0x0421E490
Class: NameProperty                                            - Instance: 0x0421D110
Class: MapProperty                                             - Instance: 0x0421C750
Class: IntProperty                                             - Instance: 0x0421CC30
Class: InterfaceProperty                                       - Instance: 0x0421DFB0
Class: FloatProperty                                           - Instance: 0x0421F330
Class: DelegateProperty                                        - Instance: 0x0421E970
Class: ByteProperty                                            - Instance: 0x0421C270
Class: BoolProperty                                            - Instance: 0x0421FCF0
Class: ArrayProperty                                           - Instance: 0x04244270
Class: Enum                                                    - Instance: 0x042444E0
Class: Const                                                   - Instance: 0x0321DFB0
Class: Factory                                                 - Instance: 0x0321F0C0
Class: TextBufferFactory                                       - Instance: 0x0321C270
Class: Exporter                                                - Instance: 0x0321E220
Class: Component                                               - Instance: 0x0321CEA0
Class: DistributionVector                                      - Instance: 0x0321C000
Class: DistributionFloat                                       - Instance: 0x0321C750
Class: Commandlet                                              - Instance: 0x0321DD40
Class: HelpCommandlet                                          - Instance: 0x0321D5F0
Class: State                                                   - Instance: 0x0321F330
Class: Package                                                 - Instance: 0x0321FA80
Class: Class                                                   - Instance: 0x0321F810

Processing Package: Engine

ScriptStruct: AkPropagationShell                               - Instance: 0x045478FC
ScriptStruct: AkPropagationDesc                                - Instance: 0x045436E0
ScriptStruct: AkSoundHandle                                    - Instance: 0x045437A8
ScriptStruct: AkLoopingEvent                                   - Instance: 0x04543A34
ScriptStruct: AkParameterSetting                               - Instance: 0x04543DE8
ScriptStruct: AkSwitchSetting                                  - Instance: 0x04543FD8
ScriptStruct: AkEnvironmentSettings                            - Instance: 0x045441C8
ScriptStruct: AkEnvironmentMixLevel                            - Instance: 0x04544454
ScriptStruct: AkEnvironmentInfo                                - Instance: 0x045446D8
ScriptStruct: AkSourceSpatial                                  - Instance: 0x04544974
ScriptStruct: SimpleWhooshBy                                   - Instance: 0x04544B74
ScriptStruct: AkParticleEvents                                 - Instance: 0x04544E98
ScriptStruct: AkEnvelopeSettings                               - Instance: 0x045453C4
ScriptStruct: AkPhysInfo                                       - Instance: 0x04545770
ScriptStruct: AkPhysEvent                                      - Instance: 0x04546178
Info: Extra padding detected!
Info: Property size 0x51
Info: Min alignment 0x4
Info: Extra padding 0x3
ScriptStruct: AkFakePhysics                                    - Instance: 0x04546D4C
ScriptStruct: AkPropagationMaterial                            - Instance: 0x04547110
ScriptStruct: AkPropagationInfo                                - Instance: 0x04547394
ScriptStruct: AkWorldDataEntry                                 - Instance: 0x04548288
ScriptStruct: AkWorldData                                      - Instance: 0x04548480
ScriptStruct: AkInterpolationBuffer                            - Instance: 0x04548A04
ScriptStruct: StretchInstance                                  - Instance: 0x045521A8
Info: Extra padding detected!
Info: Property size 0x14
Info: Min alignment 0x10
Info: Extra padding 0xC
ScriptStruct: StretchPhaseInstances                            - Instance: 0x045523A0
ScriptStruct: StretchInstances                                 - Instance: 0x0454F6AC
ScriptStruct: FaceFXEmbeddedAnimSample                         - Instance: 0x0454F924
ScriptStruct: TwistBoneFixer                                   - Instance: 0x0454FA58
ScriptStruct: KneeElbowFixer                                   - Instance: 0x0454FD70
ScriptStruct: NeckTwistFixer                                   - Instance: 0x0454FF60
ScriptStruct: CollarTwistFixer                                 - Instance: 0x045501E8
ScriptStruct: Fixers                                           - Instance: 0x04550470
ScriptStruct: BreathingFixer                                   - Instance: 0x04550978
ScriptStruct: FaceFXRegisterTransition                         - Instance: 0x04550DC0
Info: Extra padding detected!
Info: Property size 0x15
Info: Min alignment 0x4
Info: Extra padding 0x3
ScriptStruct: FaceFXRegisterConstant                           - Instance: 0x04551274
Info: Extra padding detected!
Info: Property size 0x9
Info: Min alignment 0x4
Info: Extra padding 0x3
ScriptStruct: FaceFXBaseExpressionSample                       - Instance: 0x0455175C
ScriptStruct: FaceFXMatineeLookAt                              - Instance: 0x045519F0
ScriptStruct: StretchDescription                               - Instance: 0x04551E80
Info: Extra padding detected!
Info: Property size 0x19
Info: Min alignment 0x4
Info: Extra padding 0x3
ScriptStruct: AutoLODSetting                                   - Instance: 0x0455263C
ScriptStruct: TrackedNotify                                    - Instance: 0x04552EBC
ScriptStruct: CharacterMirrorBoneAction                        - Instance: 0x045531F0
ScriptStruct: CharacterMirrorBone                              - Instance: 0x04553528
ScriptStruct: BoneMass                                         - Instance: 0x04553720
ScriptStruct: RotationBoneMass                                 - Instance: 0x04553910
Info: Extra padding detected!
Info: Property size 0x18
Info: Min alignment 0x10
Info: Extra padding 0x8
ScriptStruct: NormalizedBoneMasses                             - Instance: 0x04553B9C
ScriptStruct: AnimatedMaterialParameter_Scalar                 - Instance: 0x04553ED4
ScriptStruct: AnimatedMaterialParameter_Vector                 - Instance: 0x045540C4
ScriptStruct: AnimatedMaterialParameters                       - Instance: 0x045542BC
ScriptStruct: SkelControlInstance                              - Instance: 0x045545F4
ScriptStruct: SkeletalMeshComponentExtraBounds                 - Instance: 0x04554CAC
ScriptStruct: SkeletalMeshComponentExtraBoundsInstance         - Instance: 0x04554E9C
ScriptStruct: BoneToTrack                                      - Instance: 0x0455508C
ScriptStruct: AudioBones                                       - Instance: 0x04555284
ScriptStruct: AudioBoneTracking                                - Instance: 0x04555954
ScriptStruct: PersistentSoundNotify                            - Instance: 0x04555B54
ScriptStruct: PersistentSoundData                              - Instance: 0x04555D4C
ScriptStruct: PendingTouch                                     - Instance: 0x045561FC
ScriptStruct: TimerData                                        - Instance: 0x0455666C
ScriptStruct: InvestigationData                                - Instance: 0x04557234
ScriptStruct: DetailThought                                    - Instance: 0x045574A0
ScriptStruct: Thought                                          - Instance: 0x0455786C
ScriptStruct: BlockingVolumeTypesContainer                     - Instance: 0x04557D70
ScriptStruct: TraceHitInfo                                     - Instance: 0x04560BE0
ScriptStruct: ImpactInfo                                       - Instance: 0x04561038
ScriptStruct: AnimSlotInfo                                     - Instance: 0x045614A8
ScriptStruct: AnimSlotDesc                                     - Instance: 0x04561734
ScriptStruct: PhysContactModificationData                      - Instance: 0x04561C30
ScriptStruct: RigidBodyState                                   - Instance: 0x04562370
Info: Extra padding detected!
Info: Property size 0x39
Info: Min alignment 0x10
Info: Extra padding 0x7
ScriptStruct: RigidBodyContactInfo                             - Instance: 0x04562888
ScriptStruct: CollisionImpactData                              - Instance: 0x04562CF0
ScriptStruct: PhysEffectInfo                                   - Instance: 0x04563028
ScriptStruct: ActorReference                                   - Instance: 0x045637A8
ScriptStruct: NavReference                                     - Instance: 0x045639A8
ScriptStruct: BasedPosition                                    - Instance: 0x04563BA8
ScriptStruct: ASyncLoadRequestInfo                             - Instance: 0x04563F7C
ScriptStruct: SeqOpInputLink                                   - Instance: 0x04588FF8
ScriptStruct: AkPreferredVoice                                 - Instance: 0x04596BE0
ScriptStruct: AkSpeechCallbacks                                - Instance: 0x045956F0
ScriptStruct: AkSpeechOptions                                  - Instance: 0x0459558C
ScriptStruct: KeyValuePair                                     - Instance: 0x0459CE98
ScriptStruct: PlayerResponseLine                               - Instance: 0x0459D088
ScriptStruct: ServerResponseLine                               - Instance: 0x0459D600
ScriptStruct: LocalizedStringSetting                           - Instance: 0x0459E914
Info: Extra padding detected!
Info: Property size 0x9
Info: Min alignment 0x4
Info: Extra padding 0x3
ScriptStruct: SettingsData                                     - Instance: 0x0459EED0
ScriptStruct: SettingsProperty                                 - Instance: 0x0459EE08
Info: Extra padding detected!
Info: Property size 0x15
Info: Min alignment 0x4
Info: Extra padding 0x3
ScriptStruct: IdToStringMapping                                - Instance: 0x0459FFE4
ScriptStruct: StringIdToStringMapping                          - Instance: 0x045A6524
ScriptStruct: LocalizedStringSettingMetaData                   - Instance: 0x045A4224
ScriptStruct: SettingsPropertyPropertyMetaData                 - Instance: 0x045A6AA0
ScriptStruct: UniqueNetId                                      - Instance: 0x045A853C
ScriptStruct: OnlineRegistrant                                 - Instance: 0x045A8274
ScriptStruct: OnlineArbitrationRegistrant                      - Instance: 0x045A8474
ScriptStruct: NamedSession                                     - Instance: 0x045A7FE0
ScriptStruct: NamedInterface                                   - Instance: 0x045A99BC
ScriptStruct: SocialPostImageFlags                             - Instance: 0x045AFD74
ScriptStruct: SocialPostImageInfo                              - Instance: 0x045AFCAC
ScriptStruct: SocialPostLinkInfo                               - Instance: 0x045AFBE4
ScriptStruct: SocialPostPrivileges                             - Instance: 0x045AFF6C
ScriptStruct: OnlinePartyMember                                - Instance: 0x045B0578
ScriptStruct: AchievementDetails                               - Instance: 0x045B1194
ScriptStruct: CommunityContentMetadata                         - Instance: 0x045B1A14
ScriptStruct: CommunityContentFile                             - Instance: 0x045B1E74
ScriptStruct: TitleFile                                        - Instance: 0x045B2108
ScriptStruct: EmsFile                                          - Instance: 0x045B27A0
ScriptStruct: NamedInterfaceDef                                - Instance: 0x045B2BA8
ScriptStruct: OnlineFriendMessage                              - Instance: 0x045B2FE8
ScriptStruct: RemoteTalker                                     - Instance: 0x045B30B0
ScriptStruct: LocalTalker                                      - Instance: 0x045B359C
ScriptStruct: OnlinePlayerScore                                - Instance: 0x045B3D58
ScriptStruct: SpeechRecognizedWord                             - Instance: 0x045B4050
ScriptStruct: OnlineContent                                    - Instance: 0x045B439C
ScriptStruct: OnlineCrossTitleContent                          - Instance: 0x045B42D4
ScriptStruct: OnlineFriend                                     - Instance: 0x045B4608
ScriptStruct: OnlineStoreContentOffering                       - Instance: 0x045B4FCC
ScriptStruct: OnlineStoreContent                               - Instance: 0x045B4E70
ScriptStruct: FriendsQuery                                     - Instance: 0x045B62F4
ScriptStruct: BaseAuthSession                                  - Instance: 0x045B6CC8
ScriptStruct: PendingClientAuth                                - Instance: 0x045B7538
ScriptStruct: ServerAuthRetry                                  - Instance: 0x045B7738
ScriptStruct: AuthSession                                      - Instance: 0x045BCD38
ScriptStruct: LocalAuthSession                                 - Instance: 0x045BE03C
ScriptStruct: MaterialViewRelevance                            - Instance: 0x045C579C
ScriptStruct: RBCollisionChannelContainer                      - Instance: 0x045C674C
ScriptStruct: PhysXShapeFilterFlagsContainer                   - Instance: 0x045C68B0
ScriptStruct: LightingChannelContainer                         - Instance: 0x045C6AB0
ScriptStruct: SCSelfShadowingSpotlightParams                   - Instance: 0x045D8B8C
ScriptStruct: SCSelfShadowingParams                            - Instance: 0x045D8CF0
ScriptStruct: SCMacCormackAdvectionParams                      - Instance: 0x045D8E54
ScriptStruct: SCStochasticParticleAdvectionParams              - Instance: 0x045D8FB8
ScriptStruct: SCMultigridParams                                - Instance: 0x045D911C
ScriptStruct: SCBuoyancyAdvancedParams                         - Instance: 0x045DA39C
ScriptStruct: SCExpansionAdvancedParams                        - Instance: 0x045DA6B4
ScriptStruct: SCDensityParams                                  - Instance: 0x045D9314
ScriptStruct: SCGridToParticleCouplingParams                   - Instance: 0x045D9478
ScriptStruct: SCParticleToGridCouplingParams                   - Instance: 0x045D95DC
ScriptStruct: SFSelfShadowingSpotlightParams                   - Instance: 0x045DC380
ScriptStruct: SFSelfShadowingParams                            - Instance: 0x045DC4E4
ScriptStruct: SFMacCormackAdvectionParams                      - Instance: 0x045DC648
ScriptStruct: SFStochasticParticleAdvectionParams              - Instance: 0x045DC7AC
ScriptStruct: SFMultigridParams                                - Instance: 0x045DC910
ScriptStruct: SFBuoyancyAdvancedParams                         - Instance: 0x045DDC2C
ScriptStruct: SFExpansionAdvancedParams                        - Instance: 0x045DDF44
ScriptStruct: SFDensityParams                                  - Instance: 0x045DCB08
ScriptStruct: SFGridToParticleCouplingParams                   - Instance: 0x045DCC6C
ScriptStruct: SFParticleToGridCouplingParams                   - Instance: 0x045DCDD0
ScriptStruct: SGridIntRange                                    - Instance: 0x045DF660
ScriptStruct: SGridFloatRange                                  - Instance: 0x045DF850
ScriptStruct: VisiblePortalInfo                                - Instance: 0x045E6AAC
ScriptStruct: TViewTarget                                      - Instance: 0x045FB804
ScriptStruct: LUTBlender                                       - Instance: 0x045FB8CC
ScriptStruct: PostProcessSettings                              - Instance: 0x045FBC94
ScriptStruct: RenderingPerformanceOverrides                    - Instance: 0x046010D4
ScriptStruct: ViewTargetTransitionParams                       - Instance: 0x04601D04
ScriptStruct: TCameraCache                                     - Instance: 0x04602034
ScriptStruct: SeqOpOutputInputLink                             - Instance: 0x0460D200
ScriptStruct: SeqOpOutputLink                                  - Instance: 0x0460B7FC
ScriptStruct: SeqVarLink                                       - Instance: 0x0460B9FC
ScriptStruct: SeqEventLink                                     - Instance: 0x0460BBFC
ScriptStruct: OnlineGameSearchParameter                        - Instance: 0x04612FFC
Info: Extra padding detected!
Info: Property size 0xE
Info: Min alignment 0x4
Info: Extra padding 0x2
ScriptStruct: OnlineGameSearchORClause                         - Instance: 0x04612B60
ScriptStruct: OnlineGameSearchSortClause                       - Instance: 0x04612DFC
Info: Extra padding detected!
Info: Property size 0xE
Info: Min alignment 0x4
Info: Extra padding 0x2
ScriptStruct: OnlineGameSearchQuery                            - Instance: 0x04612500
ScriptStruct: OverrideSkill                                    - Instance: 0x0461265C
ScriptStruct: NamedObjectProperty                              - Instance: 0x046133FC
ScriptStruct: OnlineGameSearchResult                           - Instance: 0x04613954
ScriptStruct: DebugTextInfo                                    - Instance: 0x0461468C
ScriptStruct: ConnectedPeerInfo                                - Instance: 0x04618920
ScriptStruct: ClientAdjustment                                 - Instance: 0x04618F18
Info: Extra padding detected!
Info: Property size 0x35
Info: Min alignment 0x4
Info: Extra padding 0x3
ScriptStruct: WaveformSample                                   - Instance: 0x0463EAB8
ScriptStruct: InputEntry                                       - Instance: 0x04641884
Info: Extra padding detected!
Info: Property size 0xD
Info: Min alignment 0x4
Info: Extra padding 0x3
ScriptStruct: InputMatchRequest                                - Instance: 0x0463F8C4
ScriptStruct: KismetDrawTextInfo                               - Instance: 0x0464D124
ScriptStruct: ConsoleMessage                                   - Instance: 0x0464D4F8
ScriptStruct: HudLocalizedMessage                              - Instance: 0x0464DE8C
ScriptStruct: AutomatedTestingDatum                            - Instance: 0x0465D7F8
ScriptStruct: DebugNavCost                                     - Instance: 0x04669FFC
ScriptStruct: NavigationOctreeObject                           - Instance: 0x0466ADB4
Info: Extra padding detected!
Info: Property size 0x39
Info: Min alignment 0x4
Info: Extra padding 0x3
ScriptStruct: CheckpointRecord                                 - Instance: 0x0466C480
ScriptStruct: KSphereElem                                      - Instance: 0x0466FD48
Info: Extra padding detected!
Info: Property size 0x48
Info: Min alignment 0x10
Info: Extra padding 0x8
ScriptStruct: KBoxElem                                         - Instance: 0x046701A0
ScriptStruct: KSphylElem                                       - Instance: 0x046708E8
Info: Extra padding detected!
Info: Property size 0x4C
Info: Min alignment 0x10
Info: Extra padding 0x4
ScriptStruct: KConvexVert                                      - Instance: 0x04670DD4
ScriptStruct: KConvexElem                                      - Instance: 0x04670FCC
ScriptStruct: KAggregateGeom                                   - Instance: 0x04671DC8
ScriptStruct: CornerPointInfo                                  - Instance: 0x046758E4
ScriptStruct: PolyReference                                    - Instance: 0x04675B78
ScriptStruct: EdgeReference                                    - Instance: 0x04675EA0
ScriptStruct: ObstaclePolyPylonPair                            - Instance: 0x0467612C
ScriptStruct: PathSizeInfo                                     - Instance: 0x04677454
Info: Extra padding detected!
Info: Property size 0x15
Info: Min alignment 0x4
Info: Extra padding 0x3
ScriptStruct: CombatGroups                                     - Instance: 0x0467BC10
ScriptStruct: AkAudioNotifyDefine                              - Instance: 0x04680A04
ScriptStruct: ExternalHookDataEntry                            - Instance: 0x04680D3C
ScriptStruct: AkFakePhysicsControl                             - Instance: 0x0468236C
ScriptStruct: AkCurvePoint                                     - Instance: 0x0468D01C
Info: Extra padding detected!
Info: Property size 0x9
Info: Min alignment 0x4
Info: Extra padding 0x3
ScriptStruct: AkCurveData                                      - Instance: 0x0468D2A8
ScriptStruct: AkDuckingInfo                                    - Instance: 0x0468D7C8
ScriptStruct: AkDialogueCallbackInfo                           - Instance: 0x0468DC08
ScriptStruct: AkDialogueAnimData                               - Instance: 0x04696FBC
ScriptStruct: AkDialogueResolvedData                           - Instance: 0x04697120
ScriptStruct: AkDialogueConversationItem                       - Instance: 0x0469B76C
ScriptStruct: AkDialogueConversationDynamicItem                - Instance: 0x0469BD4C
ScriptStruct: AkDialogueLineRandomItem                         - Instance: 0x046A0D14
ScriptStruct: AkEmoteDefine                                    - Instance: 0x046A5120
ScriptStruct: MixParameter                                     - Instance: 0x046A666C
ScriptStruct: Gearing                                          - Instance: 0x046A76D0
ScriptStruct: InheritSetParam                                  - Instance: 0x046A8150
ScriptStruct: WheelData                                        - Instance: 0x046A91F0
ScriptStruct: SuspensionTrigger                                - Instance: 0x046A93F0
ScriptStruct: ForceTrigger                                     - Instance: 0x046A9728
ScriptStruct: NamedWheelForceTriggers                          - Instance: 0x046A9A60
ScriptStruct: SocketAudio                                      - Instance: 0x046A9FF8
ScriptStruct: ExtraSoundData                                   - Instance: 0x046AA330
ScriptStruct: FactSound                                        - Instance: 0x046AA668
ScriptStruct: ScalarParameterInterpStruct                      - Instance: 0x046BC7BC
ScriptStruct: SubtitleCue                                      - Instance: 0x046BC8F0
ScriptStruct: LocalizedSubtitle                                - Instance: 0x046BCAE0
ScriptStruct: LightMapRef                                      - Instance: 0x046BD44C
ScriptStruct: DominantShadowInfo                               - Instance: 0x046BD61C
Info: Extra padding detected!
Info: Property size 0xA4
Info: Min alignment 0x10
Info: Extra padding 0xC
ScriptStruct: LightmassLightSettings                           - Instance: 0x046BD9E0
ScriptStruct: LightmassPointLightSettings                      - Instance: 0x046BE00C
ScriptStruct: LightmassDirectionalLightSettings                - Instance: 0x046BE168
ScriptStruct: LightmassPrimitiveSettings                       - Instance: 0x046BE2C4
ScriptStruct: LightmassDebugOptions                            - Instance: 0x046BE964
ScriptStruct: SwarmDebugOptions                                - Instance: 0x046BF4D4
ScriptStruct: RootMotionCurve                                  - Instance: 0x046BF764
ScriptStruct: DepthBiasData                                    - Instance: 0x046EE8FC
ScriptStruct: ActiveMorph                                      - Instance: 0x046F071C
ScriptStruct: Attachment                                       - Instance: 0x046F0A54
ScriptStruct: SkelMeshComponentLODInfo                         - Instance: 0x046F0C54
ScriptStruct: BonePair                                         - Instance: 0x046FB01C
ScriptStruct: AnimBlendChild                                   - Instance: 0x0470922C
ScriptStruct: LinearDOFSetup                                   - Instance: 0x0470E5FC
ScriptStruct: WheelPropToUpdateAtSpeed                         - Instance: 0x04713C94
ScriptStruct: VehicleState                                     - Instance: 0x0471447C
Info: Extra padding detected!
Info: Property size 0x4C
Info: Min alignment 0x10
Info: Extra padding 0x4
ScriptStruct: FakeRoadPlane                                    - Instance: 0x04717628
ScriptStruct: VehicleFactList                                  - Instance: 0x0471F788
ScriptStruct: SortedNamedEvent                                 - Instance: 0x0471F988
ScriptStruct: InternalWheelData                                - Instance: 0x0471FCC0
ScriptStruct: VehSocketAudio                                   - Instance: 0x0471FEC0
ScriptStruct: EngineDebug                                      - Instance: 0x047203C0
ScriptStruct: VehicleCurve                                     - Instance: 0x0472078C
ScriptStruct: RightFootModel                                   - Instance: 0x047221B8
Info: Extra padding detected!
Info: Property size 0x5
Info: Min alignment 0x4
Info: Extra padding 0x3
ScriptStruct: EngineParameters                                 - Instance: 0x047223B0
ScriptStruct: EffectorSignal                                   - Instance: 0x04731FFC
ScriptStruct: FGelLayer                                        - Instance: 0x047323B8
ScriptStruct: DelegateArray                                    - Instance: 0x04736A34
ScriptStruct: PlatformInterfaceData                            - Instance: 0x04736AFC
ScriptStruct: PlatformInterfaceDelegateResult                  - Instance: 0x04736F4C
ScriptStruct: EventStringParam                                 - Instance: 0x0473876C
ScriptStruct: AnimLink                                         - Instance: 0x0473A238
ScriptStruct: AnimReferenceCopy                                - Instance: 0x04743CD8
Info: Extra padding detected!
Info: Property size 0x15
Info: Min alignment 0x4
Info: Extra padding 0x3
ScriptStruct: AnimReferenceOptions                             - Instance: 0x04743ED8
ScriptStruct: AnimReferencePeriodsAdvanced                     - Instance: 0x04744590
ScriptStruct: AnimReferencePeriods                             - Instance: 0x04739E8C
ScriptStruct: CompressedTrack                                  - Instance: 0x0473A104
ScriptStruct: AutomaticTransitionLayer1Description             - Instance: 0x0473AF54
ScriptStruct: AutomaticTransitionLayer2Description             - Instance: 0x0473A6B0
ScriptStruct: AutomaticTransitionLayer2                        - Instance: 0x0473ACC0
ScriptStruct: AutomaticTransitionLayer1                        - Instance: 0x0473A5E8
ScriptStruct: AnimZipErrorBounds                               - Instance: 0x0473BF5C
ScriptStruct: AnimZipTrackSettings                             - Instance: 0x0473C1E0
ScriptStruct: AnimZipNamedTrackSettings                        - Instance: 0x0473BC24
ScriptStruct: AnimNotifyEvent                                  - Instance: 0x0473DB48
ScriptStruct: RawAnimSequenceTrack                             - Instance: 0x0473DD48
ScriptStruct: CurveTrack                                       - Instance: 0x0473E2E8
ScriptStruct: AnimCachedDialogue                               - Instance: 0x0473E750
ScriptStruct: AnimLinearMotion                                 - Instance: 0x0473F96C
ScriptStruct: AutoTriggeredDialogueStruct                      - Instance: 0x04740098
ScriptStruct: AnimCollisionOptions                             - Instance: 0x0474044C
ScriptStruct: AnimCollisionPeriods                             - Instance: 0x047405B0
ScriptStruct: TimeModifier                                     - Instance: 0x04742BA4
ScriptStruct: SkelControlModifier                              - Instance: 0x047427E0
ScriptStruct: TranslationTrack                                 - Instance: 0x04742F60
ScriptStruct: RotationTrack                                    - Instance: 0x04743290
ScriptStruct: CurveKey                                         - Instance: 0x0474AA20
ScriptStruct: AimTransform                                     - Instance: 0x0474D144
Info: Extra padding detected!
Info: Property size 0x1C
Info: Min alignment 0x10
Info: Extra padding 0x4
ScriptStruct: AimComponent                                     - Instance: 0x0474D344
ScriptStruct: AimOffsetProfile                                 - Instance: 0x0474DE20
ScriptStruct: ChildBoneBlendInfo                               - Instance: 0x04750EDC
ScriptStruct: RandomAnimInfo                                   - Instance: 0x047572D8
ScriptStruct: AnimInfo                                         - Instance: 0x04757D54
ScriptStruct: AnimBlendInfo                                    - Instance: 0x04757C8C
ScriptStruct: SynchGroup                                       - Instance: 0x0475AC74
ScriptStruct: NotifierInfo                                     - Instance: 0x0475BC70
ScriptStruct: TrailSocketSamplePoint                           - Instance: 0x0475F288
ScriptStruct: TrailSamplePoint                                 - Instance: 0x0475E5C0
ScriptStruct: TrailSample                                      - Instance: 0x0475E7C0
ScriptStruct: AnimSetMeshLinkup                                - Instance: 0x047606A0
ScriptStruct: AnimSetPreviewAttachment                         - Instance: 0x04760C40
ScriptStruct: AnimSetPreviewPartner                            - Instance: 0x04760E40
ScriptStruct: AnimSetPreviewWeapon                             - Instance: 0x047613C0
ScriptStruct: AnimGroup                                        - Instance: 0x04762EF0
ScriptStruct: SkelControlListHead                              - Instance: 0x047635B8
ScriptStruct: PreviewSkelMeshStruct                            - Instance: 0x04763B60
ScriptStruct: PreviewSocketStruct                              - Instance: 0x04763D60
ScriptStruct: PreviewAnimSetsStruct                            - Instance: 0x04763F60
ScriptStruct: ClothingLodInfo                                  - Instance: 0x04768A94
ScriptStruct: RailingBlockerPair                               - Instance: 0x04769EF0
ScriptStruct: CookedBuffer                                     - Instance: 0x0476D8D8
ScriptStruct: DestructibleCrumbleParameters                    - Instance: 0x0476DAD8
ScriptStruct: NxDestructibleDamageParameters                   - Instance: 0x047702A8
ScriptStruct: NxDestructibleDebrisParameters                   - Instance: 0x04770654
ScriptStruct: NxDestructibleAdvancedParameters                 - Instance: 0x04770A08
ScriptStruct: NxDestructibleParametersFlag                     - Instance: 0x0476FC88
ScriptStruct: NxDestructibleDepthParameters                    - Instance: 0x0476F664
Info: Extra padding detected!
Info: Property size 0x5
Info: Min alignment 0x4
Info: Extra padding 0x3
ScriptStruct: NxDestructibleParameters                         - Instance: 0x0476DF9C
ScriptStruct: DamageParameters                                 - Instance: 0x04772958
ScriptStruct: DamagePair                                       - Instance: 0x04772890
ScriptStruct: NotificationMessageInfo                          - Instance: 0x0477B298
ScriptStruct: NotificationInfo                                 - Instance: 0x0477B488
ScriptStruct: LaunchNotificationInfo                           - Instance: 0x0477B848
ScriptStruct: AudioComponentParam                              - Instance: 0x0477CB10
ScriptStruct: Listener                                         - Instance: 0x047800A8
ScriptStruct: KCachedConvexDataElement                         - Instance: 0x04782458
ScriptStruct: KCachedConvexData                                - Instance: 0x04782258
ScriptStruct: GeomSelection                                    - Instance: 0x04782A64
ScriptStruct: FOscillator                                      - Instance: 0x0478A954
Info: Extra padding detected!
Info: Property size 0x9
Info: Min alignment 0x4
Info: Extra padding 0x3
ScriptStruct: VOscillator                                      - Instance: 0x0478AAB0
ScriptStruct: ROscillator                                      - Instance: 0x0478AF18
ScriptStruct: CameraShakeInstance                              - Instance: 0x0478BC2C
ScriptStruct: CanvasIcon                                       - Instance: 0x0478E04C
ScriptStruct: FontImportOptionsData                            - Instance: 0x0478E21C
ScriptStruct: FontCharacter                                    - Instance: 0x0478F584
ScriptStruct: TextureGroupContainer                            - Instance: 0x0479117C
ScriptStruct: Texture2DMipMap                                  - Instance: 0x04794284
ScriptStruct: TextureLinkedListMirror                          - Instance: 0x047948A0
ScriptStruct: DepthFieldGlowInfo                               - Instance: 0x04796ADC
ScriptStruct: MobileDistanceFieldParams                        - Instance: 0x04796E10
ScriptStruct: FontRenderInfo                                   - Instance: 0x04797428
ScriptStruct: CanvasUVTri                                      - Instance: 0x047976BC
ScriptStruct: TextSizingParameters                             - Instance: 0x0479836C
ScriptStruct: WrappedStringElement                             - Instance: 0x047988EC
ScriptStruct: UIRangeData                                      - Instance: 0x047B15C4
ScriptStruct: TextureCoordinates                               - Instance: 0x047B1974
ScriptStruct: InputKeyAction                                   - Instance: 0x047B1DD0
ScriptStruct: InputEventParameters                             - Instance: 0x047B2238
ScriptStruct: SubscribedInputEventParameters                   - Instance: 0x047B2848
ScriptStruct: UIAxisEmulationDefinition                        - Instance: 0x047B29A4
ScriptStruct: RawInputKeyEventData                             - Instance: 0x047B2CC0
Info: Extra padding detected!
Info: Property size 0x9
Info: Min alignment 0x4
Info: Extra padding 0x3
ScriptStruct: AutoCompleteCommand                              - Instance: 0x047B5350
ScriptStruct: AutoCompleteNode                                 - Instance: 0x047B5788
ScriptStruct: CovPosInfo                                       - Instance: 0x047BB50C
ScriptStruct: FireLink                                         - Instance: 0x047BDA34
ScriptStruct: SlotMoveRef                                      - Instance: 0x047BE130
ScriptStruct: CoverInfo                                        - Instance: 0x047BD0D8
ScriptStruct: CoverSlot                                        - Instance: 0x047BB778
ScriptStruct: DynamicLinkInfo                                  - Instance: 0x047BB978
ScriptStruct: CoverReference                                   - Instance: 0x047BCF7C
ScriptStruct: FireLinkItem                                     - Instance: 0x047BD6FC
ScriptStruct: ExposedLink                                      - Instance: 0x047BDF30
Info: Extra padding detected!
Info: Property size 0x1D
Info: Min alignment 0x4
Info: Extra padding 0x3
ScriptStruct: PaintedVertex                                    - Instance: 0x047C4F14
ScriptStruct: StaticMeshComponentLODInfo                       - Instance: 0x047C4724
ScriptStruct: CoverMeshes                                      - Instance: 0x047C6C1C
ScriptStruct: CullDistanceSizePair                             - Instance: 0x047C7910
ScriptStruct: PresetGeneratedPoint                             - Instance: 0x047C7F80
Info: Extra padding detected!
Info: Property size 0x15
Info: Min alignment 0x4
Info: Extra padding 0x3
ScriptStruct: PlayerDataStoreGroup                             - Instance: 0x047C9698
ScriptStruct: KeyBind                                          - Instance: 0x047D4AB8
ScriptStruct: TouchTracker                                     - Instance: 0x047D52C8
ScriptStruct: DecalReceiver                                    - Instance: 0x047DAD98
ScriptStruct: ActiveDecalInfo                                  - Instance: 0x047DDCC0
ScriptStruct: LightmassMaterialInterfaceSettings               - Instance: 0x047E0894
ScriptStruct: MaterialInput                                    - Instance: 0x047E3A30
ScriptStruct: MaterialFunctionInfo                             - Instance: 0x047E43DC
ScriptStruct: ColorMaterialInput                               - Instance: 0x047E4714
ScriptStruct: ScalarMaterialInput                              - Instance: 0x047E4910
ScriptStruct: VectorMaterialInput                              - Instance: 0x047E4B04
ScriptStruct: Vector2MaterialInput                             - Instance: 0x047E4D00
ScriptStruct: CheckpointRecord                                 - Instance: 0x047EC00C
ScriptStruct: CheckpointRecord                                 - Instance: 0x047FA148
ScriptStruct: ViewParticleEmitterInstanceMotionBlurInfo        - Instance: 0x04801224
ScriptStruct: ParticleSysParam                                 - Instance: 0x048012EC
ScriptStruct: ParticleEventData                                - Instance: 0x04801A8C
ScriptStruct: ParticleEventSpawnData                           - Instance: 0x04801EE4
ScriptStruct: ParticleEventDeathData                           - Instance: 0x04801FAC
ScriptStruct: ParticleEventCollideData                         - Instance: 0x04802108
ScriptStruct: ParticleSystemLOD                                - Instance: 0x048028C8
ScriptStruct: LODSoloTrack                                     - Instance: 0x04802AC8
ScriptStruct: ParticleEventKismetData                          - Instance: 0x04806468
ScriptStruct: ParticleEventAttractorCollideData                - Instance: 0x04806668
ScriptStruct: ParticleEmitterInstance                          - Instance: 0x04808F04
ScriptStruct: ParticleEmitterInstanceMotionBlurInfo            - Instance: 0x04808FCC
ScriptStruct: CheckpointRecord                                 - Instance: 0x04810184
ScriptStruct: EmitterBaseInfo                                  - Instance: 0x048146F4
ScriptStruct: StatColorMapEntry                                - Instance: 0x04822E7C
ScriptStruct: StatColorMapping                                 - Instance: 0x04817F8C
ScriptStruct: DropNoteInfo                                     - Instance: 0x04818358
ScriptStruct: KismetLevelUpdatePriority                        - Instance: 0x04818688
ScriptStruct: PrimitiveMaterialRef                             - Instance: 0x04828418
ScriptStruct: PostProcessMaterialRef                           - Instance: 0x04828610
ScriptStruct: MaterialReferenceList                            - Instance: 0x04828774
ScriptStruct: VelocityObstacleStat                             - Instance: 0x04828B48
ScriptStruct: FacebookFriend                                   - Instance: 0x0482ABB0
ScriptStruct: CheckpointRecord                                 - Instance: 0x0482CE98
ScriptStruct: FlexSimBuffer                                    - Instance: 0x04830D4C
ScriptStruct: CheckpointRecord                                 - Instance: 0x0483AA6C
ScriptStruct: FragmentGroup                                    - Instance: 0x04842338
ScriptStruct: NavMeshPathGoalEvaluatorCacheDatum               - Instance: 0x04844410
ScriptStruct: NetViewer                                        - Instance: 0x048446A4
ScriptStruct: PIESettings                                      - Instance: 0x0484512C
ScriptStruct: CompartmentRunList                               - Instance: 0x0484532C
ScriptStruct: ScreenMessageString                              - Instance: 0x04845664
ScriptStruct: HostMigrationState                               - Instance: 0x04845D88
ScriptStruct: LightmassWorldInfoSettings                       - Instance: 0x04846034
ScriptStruct: PhysXEmitterVerticalProperties                   - Instance: 0x0485089C
ScriptStruct: PhysXVerticalProperties                          - Instance: 0x04846FA0
ScriptStruct: ApexModuleDestructibleSettings                   - Instance: 0x04847104
ScriptStruct: PhysXSimulationProperties                        - Instance: 0x04851068
ScriptStruct: PhysXSceneProperties                             - Instance: 0x048474B8
ScriptStruct: WorldFractureSettings                            - Instance: 0x04848560
ScriptStruct: NavMeshPathConstraintCacheDatum                  - Instance: 0x04849704
ScriptStruct: DeferredPartToSpawn                              - Instance: 0x048554F0
ScriptStruct: BreakOffPartsData                                - Instance: 0x04856EB8
ScriptStruct: CheckpointRecord                                 - Instance: 0x04857904
ScriptStruct: LevelStreamingStatus                             - Instance: 0x04865180
ScriptStruct: FullyLoadedPackagesInfo                          - Instance: 0x04865BF8
ScriptStruct: NamedNetDriver                                   - Instance: 0x04865DF8
ScriptStruct: AnimTag                                          - Instance: 0x04865FF8
ScriptStruct: URL                                              - Instance: 0x048660C0
ScriptStruct: GameClassShortName                               - Instance: 0x04868A1C
ScriptStruct: GameTypePrefix                                   - Instance: 0x04868C1C
ScriptStruct: RMap3DRenderingData                              - Instance: 0x04868E1C
Info: Extra padding detected!
Info: Property size 0x5C
Info: Min alignment 0x10
Info: Extra padding 0x4
ScriptStruct: PlayerInformation                                - Instance: 0x04887F68
ScriptStruct: TeamInformation                                  - Instance: 0x04888168
ScriptStruct: GameStatGroup                                    - Instance: 0x04888E90
ScriptStruct: GameplayEventMetaData                            - Instance: 0x04888368
ScriptStruct: WeaponClassEventData                             - Instance: 0x04888568
ScriptStruct: DamageClassEventData                             - Instance: 0x04888768
ScriptStruct: ProjectileClassEventData                         - Instance: 0x04888968
ScriptStruct: PawnClassEventData                               - Instance: 0x04888B68
ScriptStruct: GameplayEventsHeader                             - Instance: 0x04889088
ScriptStruct: GameSessionInformation                           - Instance: 0x04889684
ScriptStruct: TeamState                                        - Instance: 0x0489BC6C
ScriptStruct: PlayerState                                      - Instance: 0x0489C324
ScriptStruct: AggregateEventMapping                            - Instance: 0x0489C8FC
ScriptStruct: GameEvents                                       - Instance: 0x0489D1BC
ScriptStruct: EventsBase                                       - Instance: 0x0489D0F4
ScriptStruct: WeaponEvents                                     - Instance: 0x0489D02C
ScriptStruct: DamageEvents                                     - Instance: 0x0489D684
ScriptStruct: ProjectileEvents                                 - Instance: 0x0489D5BC
ScriptStruct: PawnEvents                                       - Instance: 0x0489E2A4
ScriptStruct: TeamEvents                                       - Instance: 0x0489CD64
ScriptStruct: PlayerEvents                                     - Instance: 0x0489CF64
ScriptStruct: GameEvent                                        - Instance: 0x0489D3BC
ScriptStruct: TitleSafeZoneArea                                - Instance: 0x048A1D94
ScriptStruct: PerPlayerSplitscreenData                         - Instance: 0x048A42A0
ScriptStruct: SplitscreenData                                  - Instance: 0x048A20CC
ScriptStruct: DebugDisplayProperty                             - Instance: 0x048A22CC
ScriptStruct: ShowFlags_Mirror                                 - Instance: 0x048A2C24
ScriptStruct: ExportShowFlags_Mirror                           - Instance: 0x048A2B5C
ScriptStruct: ActorToLookAt                                    - Instance: 0x048B050C
ScriptStruct: IniLocFileEntry                                  - Instance: 0x048B3DF0
Info: Extra padding detected!
Info: Property size 0x35
Info: Min alignment 0x4
Info: Extra padding 0x3
ScriptStruct: InstancedStaticMeshInstanceData                  - Instance: 0x048B9928
ScriptStruct: InstancedStaticMeshMappingInfo                   - Instance: 0x048B9C60
ScriptStruct: CurveEdEntry                                     - Instance: 0x048BE67C
ScriptStruct: CurveEdTab                                       - Instance: 0x048BE5B4
ScriptStruct: AnimSetBakeAndPruneStatus                        - Instance: 0x048BF6AC
ScriptStruct: InterpEdSelKey                                   - Instance: 0x048C140C
ScriptStruct: CameraPreviewInfo                                - Instance: 0x048C1D2C
ScriptStruct: SubTrackGroup                                    - Instance: 0x048C297C
ScriptStruct: SupportedSubTrackInfo                            - Instance: 0x048C2B7C
ScriptStruct: RandomGenerator                                  - Instance: 0x048C3A70
ScriptStruct: AnimControlTrackKey                              - Instance: 0x048C44A8
ScriptStruct: RandomGeneratorVector                            - Instance: 0x048C4EDC
ScriptStruct: BoolTrackKey                                     - Instance: 0x048C590C
ScriptStruct: DirectorTrackCut                                 - Instance: 0x048C5D60
ScriptStruct: EventTrackKey                                    - Instance: 0x048C6C34
ScriptStruct: FaceFXTrackKey                                   - Instance: 0x048C72F4
ScriptStruct: FaceFXSoundCueKey                                - Instance: 0x048C74F4
ScriptStruct: HeadTrackingKey                                  - Instance: 0x048C8170
Info: Extra padding detected!
Info: Property size 0x5
Info: Min alignment 0x4
Info: Extra padding 0x3
ScriptStruct: FloatMaterialParamMICData                        - Instance: 0x048C9554
ScriptStruct: FloatMaterialParamPrimitiveData                  - Instance: 0x048C9754
ScriptStruct: ToggleTrackKey                                   - Instance: 0x048CAB54
Info: Extra padding detected!
Info: Property size 0x5
Info: Min alignment 0x4
Info: Extra padding 0x3
ScriptStruct: VectorMaterialParamMICData                       - Instance: 0x048CB3B0
ScriptStruct: VectorMaterialParamPrimitiveData                 - Instance: 0x048CB5B0
ScriptStruct: VisibilityTrackKey                               - Instance: 0x048CBDFC
Info: Extra padding detected!
Info: Property size 0x6
Info: Min alignment 0x4
Info: Extra padding 0x2
ScriptStruct: RandomGeneratorMove                              - Instance: 0x048CC714
ScriptStruct: InterpLookupPoint                                - Instance: 0x048CD270
ScriptStruct: InterpLookupTrack                                - Instance: 0x048CC9EC
ScriptStruct: ParticleReplayTrackKey                           - Instance: 0x048CE2F8
ScriptStruct: SoundTrackKey                                    - Instance: 0x048CEB64
ScriptStruct: LandscapeLayerStruct                             - Instance: 0x048E1AE0
ScriptStruct: LandscapeWeightmapUsage                          - Instance: 0x048E2668
ScriptStruct: LandscapeLayerInfo                               - Instance: 0x048E2DC8
ScriptStruct: WeightmapLayerAllocationInfo                     - Instance: 0x048E34EC
Info: Extra padding detected!
Info: Property size 0xA
Info: Min alignment 0x4
Info: Extra padding 0x2
ScriptStruct: GizmoSelectData                                  - Instance: 0x048E5194
ScriptStruct: LandscapeAddCollision                            - Instance: 0x048E6EC4
ScriptStruct: FontParameterValue                               - Instance: 0x048E901C
ScriptStruct: ScalarParameterValue                             - Instance: 0x048E921C
ScriptStruct: TextureParameterValue                            - Instance: 0x048E941C
ScriptStruct: VectorParameterValue                             - Instance: 0x048E961C
ScriptStruct: LensFlareElement                                 - Instance: 0x048EB728
ScriptStruct: LensFlareElementCurvePair                        - Instance: 0x048EB7F0
ScriptStruct: LensFlareElementMaterials                        - Instance: 0x048EDE60
ScriptStruct: LensFlareElementInstance                         - Instance: 0x048EEB08
ScriptStruct: LevelGridCellCoordinate                          - Instance: 0x048F0C40
ScriptStruct: CheckpointRecord                                 - Instance: 0x048F3148
ScriptStruct: PostProcessSettingsOverride                      - Instance: 0x048F512C
ScriptStruct: CurrentPostProcessVolumeInfo                     - Instance: 0x048F5748
ScriptStruct: SynchronizedActorVisibilityHistory               - Instance: 0x048F59E4
ScriptStruct: CountryCodeMap                                   - Instance: 0x048FB31C
Info: Extra padding detected!
Info: Property size 0x35
Info: Min alignment 0x4
Info: Extra padding 0x3
ScriptStruct: ExpressionOutput                                 - Instance: 0x048FCB70
ScriptStruct: ExpressionInput                                  - Instance: 0x048FCC38
ScriptStruct: CustomInput                                      - Instance: 0x04901CFC
ScriptStruct: WeightInput                                      - Instance: 0x0490228C
ScriptStruct: LayerBlendInput                                  - Instance: 0x04905E78
ScriptStruct: FunctionExpressionInput                          - Instance: 0x049073B0
ScriptStruct: FunctionExpressionOutput                         - Instance: 0x049075B0
ScriptStruct: ParameterValueOverTime                           - Instance: 0x0490F598
ScriptStruct: FontParameterValueOverTime                       - Instance: 0x0490FCE4
ScriptStruct: ScalarParameterValueOverTime                     - Instance: 0x0490FEE4
ScriptStruct: TextureParameterValueOverTime                    - Instance: 0x049100E4
ScriptStruct: VectorParameterValueOverTime                     - Instance: 0x049102E4
ScriptStruct: LinearColorParameterValueOverTime                - Instance: 0x049104E4
ScriptStruct: PurchaseInfo                                     - Instance: 0x049152F0
ScriptStruct: MorphNodeConn                                    - Instance: 0x04917314
ScriptStruct: BoneAngleMorph                                   - Instance: 0x04917960
ScriptStruct: PolySegmentSpan                                  - Instance: 0x0491D470
ScriptStruct: NavMeshPathParams                                - Instance: 0x0491DA9C
ScriptStruct: EdgePointer                                      - Instance: 0x0491E708
ScriptStruct: PathStore                                        - Instance: 0x0491E298
ScriptStruct: BiasedGoalActor                                  - Instance: 0x04926258
ScriptStruct: CheckpointRecord                                 - Instance: 0x0492C864
ScriptStruct: MMStats_Timer                                    - Instance: 0x0495A5D0
ScriptStruct: OnlineProfileSetting                             - Instance: 0x049754A8
ScriptStruct: RecentParty                                      - Instance: 0x0497BC78
ScriptStruct: CurrentPlayerMet                                 - Instance: 0x0497BE78
ScriptStruct: OnlineStatsColumn                                - Instance: 0x049844DC
ScriptStruct: OnlineStatsRow                                   - Instance: 0x04984214
ScriptStruct: ColumnMetaData                                   - Instance: 0x04984414
ScriptStruct: ParticleBurst                                    - Instance: 0x04991C44
ScriptStruct: ParticleCurvePair                                - Instance: 0x04993BE4
ScriptStruct: ParticleRandomSeedInfo                           - Instance: 0x04993EB4
ScriptStruct: ExplicitGeomMap                                  - Instance: 0x04994830
ScriptStruct: AttractLocationBoneSocketInfo                    - Instance: 0x049951C4
ScriptStruct: BeamModifierOptions                              - Instance: 0x04998090
ScriptStruct: ParticleAttractorCollisionAction                 - Instance: 0x0499AB74
ScriptStruct: ParticleEvent_GenerateInfo                       - Instance: 0x0499CCDC
ScriptStruct: LocationBoneSocketInfo                           - Instance: 0x049A13F4
ScriptStruct: OrbitOptions                                     - Instance: 0x049A5718
ScriptStruct: EmitterDynamicParameter                          - Instance: 0x049A61AC
ScriptStruct: ApexLODAsset                                     - Instance: 0x049ACC2C
ScriptStruct: BeamTargetData                                   - Instance: 0x049AEA08
ScriptStruct: PhysXEmitterVerticalLodProperties                - Instance: 0x049AF8AC
ScriptStruct: ParticleEmitterReplayFrame                       - Instance: 0x049B46E4
ScriptStruct: ParticleSystemReplayFrame                        - Instance: 0x049B461C
ScriptStruct: PBRuleLink                                       - Instance: 0x049B91D8
ScriptStruct: VehicleRaycastHitData                            - Instance: 0x049BA0DC
ScriptStruct: CheckpointRecord                                 - Instance: 0x049D12FC
ScriptStruct: ActivateOp                                       - Instance: 0x049D81DC
ScriptStruct: QueuedActivationInfo                             - Instance: 0x049D8514
ScriptStruct: SequenceSortKey                                  - Instance: 0x049D8678
ScriptStruct: PBFaceUVInfo                                     - Instance: 0x049D9FD0
ScriptStruct: PBMeshCompInfo                                   - Instance: 0x049DA1D0
ScriptStruct: PBFracMeshCompInfo                               - Instance: 0x049DA3D0
ScriptStruct: PBScope2D                                        - Instance: 0x049DA840
Info: Extra padding detected!
Info: Property size 0x48
Info: Min alignment 0x10
Info: Extra padding 0x8
ScriptStruct: PBScopeProcessInfo                               - Instance: 0x049DAA40
ScriptStruct: PBEdgeInfo                                       - Instance: 0x049DB448
ScriptStruct: PBMaterialParam                                  - Instance: 0x049DB780
ScriptStruct: PBMemUsageInfo                                   - Instance: 0x049DD210
ScriptStruct: PBVariationInfo                                  - Instance: 0x049DE7D0
ScriptStruct: PBParamSwatch                                    - Instance: 0x049DE9D0
ScriptStruct: AimingPartConfig                                 - Instance: 0x049E515C
ScriptStruct: FHeightMapVolumeInfo                             - Instance: 0x049E6FC0
ScriptStruct: RockRainVolumeSettings                           - Instance: 0x049EA020
ScriptStruct: RockRainSettings                                 - Instance: 0x049EA184
ScriptStruct: AnimSetRefSkeletonBone                           - Instance: 0x049EE544
ScriptStruct: RockDustSettings                                 - Instance: 0x049FF36C
ScriptStruct: ThickFearGasSettings                             - Instance: 0x049FFEE8
ScriptStruct: RFlapsParticleReference                          - Instance: 0x04A07668
ScriptStruct: RFlapsParticleSetup                              - Instance: 0x04A07990
ScriptStruct: RBlendBoneData                                   - Instance: 0x04A08FC4
ScriptStruct: RFlapsBodyMapEntry                               - Instance: 0x04A0C2B0
ScriptStruct: RWriteBackParticleData                           - Instance: 0x04A0CAF8
ScriptStruct: RWriteBackMapEntry                               - Instance: 0x04A0C4B0
Info: Extra padding detected!
Info: Property size 0x41
Info: Min alignment 0x4
Info: Extra padding 0x3
ScriptStruct: RFlapsParticleInstanceRenderData                 - Instance: 0x04A0D9C4
ScriptStruct: RFlapsInstanceRenderData                         - Instance: 0x04A0C7E0
Info: Extra padding detected!
Info: Property size 0x64
Info: Min alignment 0x10
Info: Extra padding 0xC
ScriptStruct: RAnimConstraintDataEntry                         - Instance: 0x04A0CF50
ScriptStruct: RAnimBlendConstraintBoneFrameDataEntry           - Instance: 0x04A0D278
ScriptStruct: RAnimBlendConstraintDataEntry                    - Instance: 0x04A0D570
ScriptStruct: RCollisionConstraintDataEntry                    - Instance: 0x04A0D7D4
ScriptStruct: DialogueTrackKey                                 - Instance: 0x04A109E0
ScriptStruct: EvidenceKeypointTrackKey                         - Instance: 0x04A10F74
ScriptStruct: RumbleTrackKey                                   - Instance: 0x04A11C40
Info: Extra padding detected!
Info: Property size 0x15
Info: Min alignment 0x4
Info: Extra padding 0x3
ScriptStruct: RLedgeInfo                                       - Instance: 0x04A12598
ScriptStruct: REmitterPool                                     - Instance: 0x04A14CF0
ScriptStruct: RAdvancedDamageInstance                          - Instance: 0x04A150AC
ScriptStruct: RDecalPool                                       - Instance: 0x04A15210
ScriptStruct: RockOceanSettings                                - Instance: 0x04A1A6A8
ScriptStruct: RockOceanAsyncResults                            - Instance: 0x04A1A80C
ScriptStruct: FOceanVolumeInfo                                 - Instance: 0x04A1D624
ScriptStruct: FOceanBlockInfo                                  - Instance: 0x04A21428
Info: Extra padding detected!
Info: Property size 0xEC
Info: Min alignment 0x10
Info: Extra padding 0x4
ScriptStruct: FReflectionBoxInfo                               - Instance: 0x04A25BD0
Info: Extra padding detected!
Info: Property size 0x114
Info: Min alignment 0x10
Info: Extra padding 0xC
ScriptStruct: FMapHighlightInfo                                - Instance: 0x04A27C44
Info: Extra padding detected!
Info: Property size 0xED
Info: Min alignment 0x10
Info: Extra padding 0x3
ScriptStruct: ParticleDecalData                                - Instance: 0x04A2DD00
ScriptStruct: MParticleEmitterEconomicalReplayFrame            - Instance: 0x04A2FA48
ScriptStruct: MParticleEmitterEconomicalReplaySnapshotFrame    - Instance: 0x04A3041C
ScriptStruct: MParticleEmitterEconomicalReplay                 - Instance: 0x04A2F5BC
ScriptStruct: MParticleEmitterEconomicalReplayData             - Instance: 0x04A2F7B4
ScriptStruct: ImpactEffectInfo                                 - Instance: 0x04A31010
ScriptStruct: MaterialFootstepInfo                             - Instance: 0x04A310D8
ScriptStruct: AdvancedImpactDecalData                          - Instance: 0x04A31DE4
ScriptStruct: AdvancedImpactDamageStateEntryInfo               - Instance: 0x04A32108
ScriptStruct: AdvancedImpactDamageStateInfo                    - Instance: 0x04A323A4
ScriptStruct: AdvancedImpactEffectInfo                         - Instance: 0x04A31718
ScriptStruct: RockPollenSettings                               - Instance: 0x04A36600
ScriptStruct: RockPyroFearGasSettings                          - Instance: 0x04A39AC8
ScriptStruct: RockPyroFearGasAsyncResults                      - Instance: 0x04A39C2C
ScriptStruct: FPyroFearGasVolumeInfo                           - Instance: 0x04A3B0F0
ScriptStruct: FRainBlockInfo                                   - Instance: 0x04A3DEC0
Info: Extra padding detected!
Info: Property size 0xEC
Info: Min alignment 0x10
Info: Extra padding 0x4
ScriptStruct: BoneDistanceConfig                               - Instance: 0x04A3ED3C
ScriptStruct: BoneRotationConfig                               - Instance: 0x04A3EF3C
ScriptStruct: BoneDistanceInstance_Constants                   - Instance: 0x04A40370
ScriptStruct: BoneDistanceInstance                             - Instance: 0x04A3FEA8
ScriptStruct: BoneRotationInstance_Constants                   - Instance: 0x04A40CF8
ScriptStruct: BoneRotationInstance                             - Instance: 0x04A400A8
ScriptStruct: DrivenMaterialParameter                          - Instance: 0x04A402A8
ScriptStruct: RockSnowVolumeSettings                           - Instance: 0x04A41868
ScriptStruct: RockSnowSettings                                 - Instance: 0x04A419CC
ScriptStruct: RSMAD_LightAndSocketName                         - Instance: 0x04A440FC
ScriptStruct: RSMAD_ParticleSystemAndSocketName                - Instance: 0x04A444C8
ScriptStruct: RSMAD_AkAndSocketName                            - Instance: 0x04A446C0
ScriptStruct: CameraCutInfo                                    - Instance: 0x04A52794
ScriptStruct: CameraCutInfoNV                                  - Instance: 0x04A52994
ScriptStruct: SavedTransform                                   - Instance: 0x04A55A60
ScriptStruct: LevelStreamingNameCombo                          - Instance: 0x04A59014
ScriptStruct: WorldAttractorData                               - Instance: 0x04A5EF98
ScriptStruct: SwitchClassInfo                                  - Instance: 0x04A652BC
Info: Extra padding detected!
Info: Property size 0x9
Info: Min alignment 0x4
Info: Extra padding 0x3
ScriptStruct: SwitchObjectCase                                 - Instance: 0x04A65B50
ScriptStruct: SoftBodyTetraLink                                - Instance: 0x04A769A8
ScriptStruct: SkeletalMeshOptimizationSettings                 - Instance: 0x04A76ADC
ScriptStruct: BoneBounds                                       - Instance: 0x04A76E8C
ScriptStruct: ApexClothingLodInfo                              - Instance: 0x04A7ED2C
ScriptStruct: ApexClothingAssetInfo                            - Instance: 0x04A7742C
ScriptStruct: BoneMirrorInfo                                   - Instance: 0x04A779C4
Info: Extra padding detected!
Info: Property size 0x5
Info: Min alignment 0x4
Info: Extra padding 0x3
ScriptStruct: BoneMirrorExport                                 - Instance: 0x04A78094
Info: Extra padding detected!
Info: Property size 0x11
Info: Min alignment 0x4
Info: Extra padding 0x3
ScriptStruct: TriangleSortSettings                             - Instance: 0x04A7F3E4
ScriptStruct: SkeletalMeshLODInfo                              - Instance: 0x04A78294
ScriptStruct: ClothSpecialBoneInfo                             - Instance: 0x04A7941C
ScriptStruct: SoftBodySpecialBoneInfo                          - Instance: 0x04A7A0EC
ScriptStruct: SkelMeshActorControlTarget                       - Instance: 0x04A8100C
ScriptStruct: CheckpointRecord                                 - Instance: 0x04A81760
ScriptStruct: SoundClassEditorData                             - Instance: 0x04A8D89C
ScriptStruct: SoundClassProperties                             - Instance: 0x04A8DA8C
ScriptStruct: SoundNodeEditorData                              - Instance: 0x04A8E5F4
ScriptStruct: SoundClassAdjuster                               - Instance: 0x04A8EF08
ScriptStruct: AudioEQEffect                                    - Instance: 0x04A8EFD0
ScriptStruct: RecognisableWord                                 - Instance: 0x04A92588
ScriptStruct: RecogVocabulary                                  - Instance: 0x04A92118
ScriptStruct: RecogUserData                                    - Instance: 0x04A92EB8
ScriptStruct: SpeedTreeStaticLight                             - Instance: 0x04A93DBC
ScriptStruct: SplineConnection                                 - Instance: 0x04A9623C
ScriptStruct: SplineMeshParams                                 - Instance: 0x04A9A6F8
ScriptStruct: CheckpointRecord                                 - Instance: 0x04A9C884
ScriptStruct: TerrainHeight                                    - Instance: 0x04AA2418
ScriptStruct: TerrainInfoData                                  - Instance: 0x04AA2618
ScriptStruct: TerrainLayer                                     - Instance: 0x04AA2818
ScriptStruct: TerrainDecorationInstance                        - Instance: 0x04AA3A64
ScriptStruct: TerrainDecoration                                - Instance: 0x04AA3E18
ScriptStruct: TerrainDecoLayer                                 - Instance: 0x04AA2A18
ScriptStruct: AlphaMap                                         - Instance: 0x04AA2C18
ScriptStruct: TerrainWeightedMaterial                          - Instance: 0x04AA2F50
ScriptStruct: SelectedTerrainVertex                            - Instance: 0x04AA3288
ScriptStruct: TerrainMaterialResource                          - Instance: 0x04AA45F8
ScriptStruct: CachedTerrainMaterialArray                       - Instance: 0x04AA5890
ScriptStruct: TerrainPatchBounds                               - Instance: 0x04AA66B0
ScriptStruct: TerrainMaterialMask                              - Instance: 0x04AA68B0
ScriptStruct: TerrainBVTree                                    - Instance: 0x04AA6C80
ScriptStruct: FilterLimit                                      - Instance: 0x04AA78A8
ScriptStruct: TerrainFilteredMaterial                          - Instance: 0x04AA77E0
ScriptStruct: TerrainWeightedMaterial                          - Instance: 0x04AA88E0
ScriptStruct: SourceTexture2DRegion                            - Instance: 0x04AA8B7C
ScriptStruct: CheckpointRecord                                 - Instance: 0x04AAC628
ScriptStruct: LevelStreamingData                               - Instance: 0x04AB140C
ScriptStruct: PlayerStorageArrayProvider                       - Instance: 0x04AB5A28
ScriptStruct: UIInputKeyData                                   - Instance: 0x04ABC2B8
ScriptStruct: UIDataStoreInputAlias                            - Instance: 0x04ABC1F0
ScriptStruct: UIKeyRepeatData                                  - Instance: 0x04AC13D4
ScriptStruct: UIAxisEmulationData                              - Instance: 0x04AC130C
ScriptStruct: SoundEventMapping                                - Instance: 0x04AC58D4
ScriptStruct: StaticMeshLODElement                             - Instance: 0x01796490
ScriptStruct: StaticMeshLODInfo                                - Instance: 0x043DCB60
Const: CONST_TRACEFLAG_Blocking                                - Instance: 0x04558850
Const: CONST_TRACEFLAG_StopAtAnyHit                            - Instance: 0x045588BC
Const: CONST_TRACEFLAG_SingleResult                            - Instance: 0x04558928
Const: CONST_TRACEFLAG_Material                                - Instance: 0x04558994
Const: CONST_TRACEFLAG_Visible                                 - Instance: 0x04558A00
Const: CONST_TRACEFLAG_Cylinder                                - Instance: 0x04558A6C
Const: CONST_TRACEFLAG_Audio                                   - Instance: 0x04558AD8
Const: CONST_TRACEFLAG_ComplexCollisionifAvailable             - Instance: 0x04558B44
Const: CONST_TRACEFLAG_ComplexCollision                        - Instance: 0x04558BB0
Const: CONST_TRACEFLAG_AllComponents                           - Instance: 0x04558C1C
Const: CONST_TRACEFLAG_Accurate                                - Instance: 0x04558C88
Const: CONST_TRACEFLAG_MoveIgnoredDestruction                  - Instance: 0x04558CF4
Const: CONST_TRACEFLAG_AllowApproxExtentVsSphyl                - Instance: 0x04558D60
Const: CONST_TRACEFLAG_IgnoreComplexCollision                  - Instance: 0x04558DCC
Const: CONST_TRACEFLAG_PlayerMovement                          - Instance: 0x04558E38
Const: CONST_TRACEFLAG_ForceAccurateBSPSorting                 - Instance: 0x04558EA4
Const: CONST_TRACEFLAG_OnlyCheckClimbable                      - Instance: 0x04558F10
Const: CONST_REP_RBLOCATION_ERROR_TOLERANCE_SQ                 - Instance: 0x04558F7C
Const: CONST_MINFLOORZ                                         - Instance: 0x045621C0
Const: CONST_ACTORMAXSTEPHEIGHT                                - Instance: 0x0456222C
Const: CONST_RBSTATE_LINVELSCALE                               - Instance: 0x04562298
Const: CONST_RBSTATE_ANGVELSCALE                               - Instance: 0x04562304
Const: CONST_RB_None                                           - Instance: 0x04562744
Const: CONST_RB_NeedsUpdate                                    - Instance: 0x045627B0
Const: CONST_RB_Sleeping                                       - Instance: 0x0456281C
Const: CONST_SDPG_NumBits                                      - Instance: 0x045C5580
Const: CONST_LATENT_MOVETOWARD                                 - Instance: 0x045E8C40
Const: CONST_MAX_ACTIVE_CAMERA_ANIMS                           - Instance: 0x04603EB8
Const: CONST_MAXPOSITIONERRORSQUARED                           - Instance: 0x04641668
Const: CONST_MAXNEARZEROVELOCITYSQUARED                        - Instance: 0x046416D4
Const: CONST_MAXVEHICLEPOSITIONERRORSQUARED                    - Instance: 0x04641740
Const: CONST_CLIENTADJUSTUPDATECOST                            - Instance: 0x046417AC
Const: CONST_MAXCLIENTUPDATEINTERVAL                           - Instance: 0x04641818
Const: CONST_BLOCKEDPATHCOST                                   - Instance: 0x04667540
Const: CONST_INFINITE_PATH_COST                                - Instance: 0x0466A0C4
Const: CONST_SubtitleOcclusionThreshold                        - Instance: 0x0469E720
Const: CONST_MAX_ANIMTREE_PREVIEW_EXTRA_MESHES                 - Instance: 0x047654FC
Const: CONST_DestructibleDominanceGroup_DynamicChunks          - Instance: 0x0476C6F0
Const: CONST_DestructibleDominanceGroup_Blocking               - Instance: 0x0476C75C
Const: CONST_DestructibleDominanceGroup_NonBlocking            - Instance: 0x0476C7C8
Const: CONST_DestructibleDominanceGroup_Kickable               - Instance: 0x0476C834
Const: CONST_NULLCHARACTER                                     - Instance: 0x0478F8B4
Const: CONST_FlashText_DefaultSize                             - Instance: 0x04796784
Const: CONST_DEFAULT_SIZE_X                                    - Instance: 0x047B1C8C
Const: CONST_DEFAULT_SIZE_Y                                    - Instance: 0x047B1CF8
Const: CONST_MAX_SUPPORTED_GAMEPADS                            - Instance: 0x047B1D64
Const: CONST_MaxHistory                                        - Instance: 0x047B5680
Const: CONST_COVERLINK_ExposureDot                             - Instance: 0x047BCDCC
Const: CONST_COVERLINK_EdgeCheckDot                            - Instance: 0x047BCE38
Const: CONST_COVERLINK_EdgeExposureDot                         - Instance: 0x047BCEA4
Const: CONST_COVERLINK_DangerDist                              - Instance: 0x047BCF10
Const: CONST_MAXMATS                                           - Instance: 0x0484196C
Const: CONST_MAXMATS_0                                         - Instance: 0x048422CC
Const: CONST_MAX_BOOKMARK_NUMBER                               - Instance: 0x04845AC4
Const: CONST_MAX_INSTANCES_PER_CLASS                           - Instance: 0x04849698
Const: CONST_FSM_DEFAULTRECYCLETIME                            - Instance: 0x04862F54
Const: CONST_HeaderFlags_NoEventStrings                        - Instance: 0x04887DC4
Const: CONST_GAMEEVENT_MATCH_STARTED                           - Instance: 0x0488CF40
Const: CONST_GAMEEVENT_MATCH_ENDED                             - Instance: 0x0488CFAC
Const: CONST_GAMEEVENT_ROUND_STARTED                           - Instance: 0x0488D018
Const: CONST_GAMEEVENT_ROUND_ENDED                             - Instance: 0x0488D084
Const: CONST_GAMEEVENT_GAME_CLASS                              - Instance: 0x0488D0F0
Const: CONST_GAMEEVENT_GAME_OPTION_URL                         - Instance: 0x0488D15C
Const: CONST_GAMEEVENT_GAME_MAPNAME                            - Instance: 0x0488D1C8
Const: CONST_GAMEEVENT_MEMORYUSAGE_POLL                        - Instance: 0x0488D234
Const: CONST_GAMEEVENT_FRAMERATE_POLL                          - Instance: 0x0488D2A0
Const: CONST_GAMEEVENT_NETWORKUSAGEIN_POLL                     - Instance: 0x0488D30C
Const: CONST_GAMEEVENT_NETWORKUSAGEOUT_POLL                    - Instance: 0x0488D378
Const: CONST_GAMEEVENT_PING_POLL                               - Instance: 0x0488D3E4
Const: CONST_GAMEEVENT_RENDERTHREAD_POLL                       - Instance: 0x0488D450
Const: CONST_GAMEEVENT_GAMETHREAD_POLL                         - Instance: 0x0488D4BC
Const: CONST_GAMEEVENT_GPUFRAMETIME_POLL                       - Instance: 0x0488D528
Const: CONST_GAMEEVENT_FRAMETIME_POLL                          - Instance: 0x0488D594
Const: CONST_GAMEEVENT_TEAM_CREATED                            - Instance: 0x0488D600
Const: CONST_GAMEEVENT_TEAM_GAME_SCORE                         - Instance: 0x0488D66C
Const: CONST_GAMEEVENT_TEAM_MATCH_WON                          - Instance: 0x0488D6D8
Const: CONST_GAMEEVENT_TEAM_ROUND_WON                          - Instance: 0x0488D744
Const: CONST_GAMEEVENT_TEAM_ROUND_STALEMATE                    - Instance: 0x0488D7B0
Const: CONST_GAMEEVENT_PLAYER_LOGIN                            - Instance: 0x0488D81C
Const: CONST_GAMEEVENT_PLAYER_LOGOUT                           - Instance: 0x0488D888
Const: CONST_GAMEEVENT_PLAYER_SPAWN                            - Instance: 0x0488D8F4
Const: CONST_GAMEEVENT_PLAYER_MATCH_WON                        - Instance: 0x0488D960
Const: CONST_GAMEEVENT_PLAYER_KILL                             - Instance: 0x0488D9CC
Const: CONST_GAMEEVENT_PLAYER_LOCATION_POLL                    - Instance: 0x0488DA38
Const: CONST_GAMEEVENT_PLAYER_TEAMCHANGE                       - Instance: 0x0488DAA4
Const: CONST_GAMEEVENT_PLAYER_KILL_STREAK                      - Instance: 0x0488DB10
Const: CONST_GAMEEVENT_PLAYER_DEATH                            - Instance: 0x0488DB7C
Const: CONST_GAMEEVENT_PLAYER_ROUND_WON                        - Instance: 0x0488DBE8
Const: CONST_GAMEEVENT_PLAYER_ROUND_STALEMATE                  - Instance: 0x0488DC54
Const: CONST_GAMEEVENT_WEAPON_DAMAGE                           - Instance: 0x0488DCC0
Const: CONST_GAMEEVENT_WEAPON_DAMAGE_MELEE                     - Instance: 0x0488DD2C
Const: CONST_GAMEEVENT_WEAPON_FIRED                            - Instance: 0x0488DD98
Const: CONST_GAMEEVENT_PLAYER_KILL_NORMAL                      - Instance: 0x0488DE04
Const: CONST_GAMEEVENT_GENERIC_PARAM_LIST_START                - Instance: 0x0488DE70
Const: CONST_GAMEEVENT_GENERIC_PARAM_LIST_END                  - Instance: 0x0488DEDC
Const: CONST_GAMEEVENT_GAME_SPECIFIC                           - Instance: 0x0488DF48
Const: CONST_GAMEEVENT_MAX_EVENTID                             - Instance: 0x0488DFB4
Const: CONST_GAMEEVENT_AGGREGATED_DATA                         - Instance: 0x0489D74C
Const: CONST_GAMEEVENT_AGGREGATED_PLAYER_TIMEALIVE             - Instance: 0x0489D7B8
Const: CONST_GAMEEVENT_AGGREGATED_PLAYER_KILLS                 - Instance: 0x0489D824
Const: CONST_GAMEEVENT_AGGREGATED_PLAYER_DEATHS                - Instance: 0x0489D890
Const: CONST_GAMEEVENT_AGGREGATED_PLAYER_MATCH_WON             - Instance: 0x0489D8FC
Const: CONST_GAMEEVENT_AGGREGATED_PLAYER_ROUND_WON             - Instance: 0x0489D968
Const: CONST_GAMEEVENT_AGGREGATED_DAMAGE_DEALT_NORMALKILL      - Instance: 0x0489D9D4
Const: CONST_GAMEEVENT_AGGREGATED_DAMAGE_RECEIVED_WASNORMALKILL - Instance: 0x0489DA40
Const: CONST_GAMEEVENT_AGGREGATED_TEAM_KILLS                   - Instance: 0x0489DAAC
Const: CONST_GAMEEVENT_AGGREGATED_TEAM_DEATHS                  - Instance: 0x0489DB18
Const: CONST_GAMEEVENT_AGGREGATED_TEAM_GAME_SCORE              - Instance: 0x0489DB84
Const: CONST_GAMEEVENT_AGGREGATED_TEAM_MATCH_WON               - Instance: 0x0489DBF0
Const: CONST_GAMEEVENT_AGGREGATED_TEAM_ROUND_WON               - Instance: 0x0489DC5C
Const: CONST_GAMEEVENT_AGGREGATED_DAMAGE_KILLS                 - Instance: 0x0489DCC8
Const: CONST_GAMEEVENT_AGGREGATED_DAMAGE_DEATHS                - Instance: 0x0489DD34
Const: CONST_GAMEEVENT_AGGREGATED_DAMAGE_DEALT_WEAPON_DAMAGE   - Instance: 0x0489DDA0
Const: CONST_GAMEEVENT_AGGREGATED_DAMAGE_DEALT_MELEE_DAMAGE    - Instance: 0x0489DE0C
Const: CONST_GAMEEVENT_AGGREGATED_DAMAGE_RECEIVED_WEAPON_DAMAGE - Instance: 0x0489DE78
Const: CONST_GAMEEVENT_AGGREGATED_DAMAGE_RECEIVED_MELEE_DAMAGE - Instance: 0x0489DEE4
Const: CONST_GAMEEVENT_AGGREGATED_DAMAGE_DEALT_MELEEHITS       - Instance: 0x0489DF50
Const: CONST_GAMEEVENT_AGGREGATED_DAMAGE_RECEIVED_WASMELEEHIT  - Instance: 0x0489DFBC
Const: CONST_GAMEEVENT_AGGREGATED_WEAPON_FIRED                 - Instance: 0x0489E028
Const: CONST_GAMEEVENT_AGGREGATED_PAWN_SPAWN                   - Instance: 0x0489E094
Const: CONST_GAMEEVENT_AGGREGATED_GAME_SPECIFIC                - Instance: 0x0489E100
Const: CONST_SCENEFILTER_None                                  - Instance: 0x0489FAF4
Const: CONST_SCENEFILTER_IncludeTransient                      - Instance: 0x0489FB60
Const: CONST_SCENEFILTER_InputProcessorOnly                    - Instance: 0x0489FBCC
Const: CONST_SCENEFILTER_PausersOnly                           - Instance: 0x0489FC38
Const: CONST_SCENEFILTER_PrimitiveUsersOnly                    - Instance: 0x0489FCA4
Const: CONST_SCENEFILTER_UsesPostProcessing                    - Instance: 0x0489FD10
Const: CONST_SCENEFILTER_ReceivesFocus                         - Instance: 0x0489FD7C
Const: CONST_SCENEFILTER_Any                                   - Instance: 0x0489FDE8
Const: CONST_MAX_AIGROUP_NUMBER                                - Instance: 0x0491330C
Const: CONST_LINECHECK_GRANULARITY                             - Instance: 0x0491E9A4
Const: CONST_NUM_PATHFINDING_PARAMS                            - Instance: 0x0491EA10
Const: CONST_NumBreadCrumbs                                    - Instance: 0x0491F230
Const: CONST_PrefabInstanceNumSiblings                         - Instance: 0x049D77B0
Const: CONST_ROOF_MINZ                                         - Instance: 0x049DAC40
Const: CONST_PROCBUILDING_VERSION                              - Instance: 0x049DACAC
Const: CONST_MaxNumBodyInstances                               - Instance: 0x049FEA20
Const: CONST_RFlapsAnimBlendMaxNumBlendedBones                 - Instance: 0x04A08F58
Const: CONST_RFlapsCollisionMaxNumBones                        - Instance: 0x04A09380
Const: CONST_RFlapsConeMaxNumConstrainedParticles              - Instance: 0x04A09644
Const: CONST_RFlapsPlaneMaxNumConstrainedParticles             - Instance: 0x04A0A15C
Const: CONST_RFlapsAnimInstanceBlendMaxNumBlendedBones         - Instance: 0x04A0D504
Const: CONST_RFlapsCollisionInstanceMaxNumBones                - Instance: 0x04A0D768
Const: CONST_DebugHistoryNumFrames                             - Instance: 0x04A0EBBC
Const: CONST_MAX_EMITTERS                                      - Instance: 0x04A14C18
Const: CONST_MAX_EMITTERS_EPIC_POOL                            - Instance: 0x04A14C84
Const: CONST_MAX_DECALS                                        - Instance: 0x04A15374
Const: CONST_MAX_ADVANCED_DAMAGE_INSTANCES                     - Instance: 0x04A158A8
Enum: EActorMetricsType                                        - Instance: 0x045434C4
Enum: EMoveDir                                                 - Instance: 0x04543530
Enum: EGlobalAudioSourceID                                     - Instance: 0x0454359C
Enum: EAkDynamicRange                                          - Instance: 0x04543608
Enum: EAkWorldMaterial                                         - Instance: 0x04543674
Enum: EListenerID                                              - Instance: 0x045452EC
Enum: EAkIOStreamPriorities                                    - Instance: 0x04545358
Enum: EAkPhysicsNotifyType                                     - Instance: 0x0454610C
Enum: ESkeletalMeshOptimizationImportance                      - Instance: 0x0454F640
Enum: ESkeletalMeshOptimizationNormalMode                      - Instance: 0x0454F774
Enum: EStretchPhase                                            - Instance: 0x0454F7E0
Enum: EParentAnimComponentMode                                 - Instance: 0x0454F84C
Enum: EFaceFXBaseExpression                                    - Instance: 0x0454F8B8
Enum: ERootMotionMode                                          - Instance: 0x0454F9EC
Enum: EFaceFXRegisterOwner                                     - Instance: 0x04550F24
Enum: ESkeletalMeshComponentBoundsType                         - Instance: 0x04551DA8
Enum: EStretchHeadMode                                         - Instance: 0x04551E14
Enum: EWeaponDamageResult                                      - Instance: 0x04555FE0
Enum: EApexClothTeleportMode                                   - Instance: 0x0455604C
Enum: EPhysics                                                 - Instance: 0x045560B8
Enum: EHideRule                                                - Instance: 0x04556124
Enum: ECollisionType                                           - Instance: 0x04556190
Enum: EThoughtGroup                                            - Instance: 0x04557434
Enum: ENetRole                                                 - Instance: 0x0455A2E8
Enum: ESideStory                                               - Instance: 0x0455A5C4
Enum: ETravelType                                              - Instance: 0x045636D0
Enum: EDoubleClickDir                                          - Instance: 0x0456373C
Enum: EAkDialogueVoiceEthnicity                                - Instance: 0x04596CA8
Enum: EAkDialogueCallbackResult                                - Instance: 0x045983A4
Enum: EAkDialogueVoiceGender                                   - Instance: 0x04598410
Enum: EOnlineDataAdvertisementType                             - Instance: 0x0459E9DC
Enum: ESettingsDataType                                        - Instance: 0x0459F164
Enum: EPropertyValueMappingType                                - Instance: 0x0459FF78
Enum: EStatEventType                                           - Instance: 0x045A7678
Enum: EGTCCommand                                              - Instance: 0x045A76E4
Enum: ECustomContentAccessMode                                 - Instance: 0x045AFA74
Enum: ECustomContentType                                       - Instance: 0x045AFB78
Enum: EOnlineNewsType                                          - Instance: 0x045B0770
Enum: ENATType                                                 - Instance: 0x045B0AD8
Enum: EOnlineServerConnectionStatus                            - Instance: 0x045B0B44
Enum: EOnlineEnumerationReadState                              - Instance: 0x045B2A34
Enum: EOnlineGameState                                         - Instance: 0x045B2AA0
Enum: EOnlineAccountCreateStatus                               - Instance: 0x045B395C
Enum: ELanBeaconState                                          - Instance: 0x045B3E20
Enum: EOnlineContentType                                       - Instance: 0x045B4464
Enum: EOnlineContentState                                      - Instance: 0x045B554C
Enum: EOnlineFriendState                                       - Instance: 0x045B5AF8
Enum: ENetworkNotificationPosition                             - Instance: 0x045B6288
Enum: EFeaturePrivilegeLevel                                   - Instance: 0x045B63BC
Enum: ELoginStatus                                             - Instance: 0x045B655C
Enum: EAuthStatus                                              - Instance: 0x045B6C5C
Enum: EGJKResult                                               - Instance: 0x045C53D0
Enum: EHeightmapOverrideFilter                                 - Instance: 0x045C543C
Enum: EDetailMode                                              - Instance: 0x045C54A8
Enum: ESceneDepthPriorityGroup                                 - Instance: 0x045C5514
Enum: ERadialImpulseFalloff                                    - Instance: 0x045C55EC
Enum: EPhysXShapeFilterFlags                                   - Instance: 0x045C5658
Enum: ERadialImpulseType                                       - Instance: 0x045C56C4
Enum: ERBCollisionChannel                                      - Instance: 0x045C5730
Enum: EGeometryType                                            - Instance: 0x045D7A04
Enum: EFSS_FieldSamplerScene                                   - Instance: 0x045D7A70
Enum: EDynamicGridVirtualColumns                               - Instance: 0x045D87CC
Enum: EDynamicGridRealColumns                                  - Instance: 0x045D8838
Enum: EDynamicGridCells                                        - Instance: 0x045D88A4
Enum: EDynamicGridDirection                                    - Instance: 0x045D8910
Enum: EDynamicGridBoundingGridDim                              - Instance: 0x045D897C
Enum: EDynamicGridPoolDim                                      - Instance: 0x045D89E8
Enum: EGridResolution                                          - Instance: 0x045DFAD4
Enum: EViewTargetBlendFunction                                 - Instance: 0x045FB798
Enum: ECameraAnimPlaySpace                                     - Instance: 0x04603F24
Enum: EMovieControlType                                        - Instance: 0x04611D88
Enum: EOnlineGameSearchComparisonType                          - Instance: 0x046130C4
Enum: EOnlineGameSearchEntryType                               - Instance: 0x04613390
Enum: EOnlineGameSearchSortType                                - Instance: 0x04613560
Enum: EProgressMessageType                                     - Instance: 0x04614620
Enum: EInputTypes                                              - Instance: 0x0463E83C
Enum: EInputMatchAction                                        - Instance: 0x0463E8A8
Enum: EWaveformFunction                                        - Instance: 0x0463E914
Enum: ENavMeshEdgeType                                         - Instance: 0x04675878
Enum: EGlobalEventType                                         - Instance: 0x0467D058
Enum: EAkBankLoadType                                          - Instance: 0x04681354
Enum: EAkComponentUpdate                                       - Instance: 0x04682300
Enum: EAkComponentSourceCreateFailReason                       - Instance: 0x04682434
Enum: EAkCurveShape                                            - Instance: 0x0468CFB0
Enum: ESpeechBusyResponse                                      - Instance: 0x046A2CDC
Enum: ESpeechInteruptResponse                                  - Instance: 0x046A2D48
Enum: EAuxEffectType                                           - Instance: 0x046A53B8
Enum: EAkEventDurationType                                     - Instance: 0x046A5B2C
Enum: EWheelTrigType                                           - Instance: 0x046A6C80
Enum: EDrivingModes                                            - Instance: 0x046A6CEC
Enum: EAkPropagationRayPriority                                - Instance: 0x046A6D58
Enum: EPawnHistoryType                                         - Instance: 0x046BC750
Enum: EPathFindingError                                        - Instance: 0x046BC884
Enum: EBlendMode                                               - Instance: 0x046BCF3C
Enum: EMaterialLightingModel                                   - Instance: 0x046BCFA8
Enum: EMaterialTessellationMode                                - Instance: 0x046BD014
Enum: EMobileValueSource                                       - Instance: 0x046BD080
Enum: EMobileTextureBlendFactorSource                          - Instance: 0x046BD0EC
Enum: EMobileTexCoordsSource                                   - Instance: 0x046BD158
Enum: EMobileAlphaValueSource                                  - Instance: 0x046BD1C4
Enum: EMobileColorMultiplySource                               - Instance: 0x046BD230
Enum: EMobileEmissiveColorSource                               - Instance: 0x046BD29C
Enum: EMobileEnvironmentBlendMode                              - Instance: 0x046BD308
Enum: EMobileSpecularMask                                      - Instance: 0x046BD374
Enum: EMobileAmbientOcclusionSource                            - Instance: 0x046BD3E0
Enum: ELightingBuildQuality                                    - Instance: 0x046BD5B0
Enum: EPathSearchType                                          - Instance: 0x046C25DC
Enum: EPhysBodyOp                                              - Instance: 0x046EE890
Enum: EFaceFXRegOp                                             - Instance: 0x046EE9C4
Enum: EFaceFXBlendMode                                         - Instance: 0x046EEA30
Enum: EDepthBiasCalculationType                                - Instance: 0x046EEA9C
Enum: EBoneVisibilityStatus                                    - Instance: 0x046EEB08
Enum: EDepthBiasApplicationType                                - Instance: 0x046EEB74
Enum: EAnimRotationOnly                                        - Instance: 0x046F3BD4
Enum: ERootMotionRotationMode                                  - Instance: 0x046F3CDC
Enum: EApexClothMaxDistanceScaleMode                           - Instance: 0x046FA3E0
Enum: EInstanceWeightUsage                                     - Instance: 0x046FAFB0
Enum: EApexClothSkinningTickGroup                              - Instance: 0x046FB894
Enum: EConstraintProjectionMode                                - Instance: 0x0470E9C0
Enum: EVehicleEngineModel                                      - Instance: 0x0471F6B0
Enum: EDrivingFootMode                                         - Instance: 0x0471F71C
Enum: EAmbientOcclusionQuality                                 - Instance: 0x04731668
Enum: EGelCells                                                - Instance: 0x04731F90
Enum: EShadowFilterQuality                                     - Instance: 0x04733228
Enum: EShadowProjectionTechnique                               - Instance: 0x04733294
Enum: ELightAffectsClassification                              - Instance: 0x0473339C
Enum: EPlatformInterfaceDataType                               - Instance: 0x04736890
Enum: EAnimPhysics                                             - Instance: 0x04739E20
Enum: EAnimBlockActors                                         - Instance: 0x04739F54
Enum: ERootMotionTranslationOption                             - Instance: 0x04739FC0
Enum: ERootMotionRotationOption                                - Instance: 0x0473A02C
Enum: EForwardYawDirection                                     - Instance: 0x0473A098
Enum: EAnimCopyTime                                            - Instance: 0x0473A1CC
Enum: EMovementSpeed                                           - Instance: 0x0473A300
Enum: EDirectionBlendGroup                                     - Instance: 0x0473A36C
Enum: EAutomaticTransitionTurnAngle                            - Instance: 0x0473A3D8
Enum: EAutomaticTransitionTurnDirection                        - Instance: 0x0473A444
Enum: EFootSyncPoint                                           - Instance: 0x0473AB1C
Enum: EAnimZipRotationCodec                                    - Instance: 0x0473B748
Enum: EAnimZipPreset                                           - Instance: 0x0473B7B4
Enum: EAnimZipTranslationScaleCodec                            - Instance: 0x0473B820
Enum: EAnimationKeyFormat                                      - Instance: 0x047421BC
Enum: EAnimationCompressionFormat                              - Instance: 0x047425D0
Enum: EAnimAudioStatus                                         - Instance: 0x04742774
Enum: ESliderType                                              - Instance: 0x0474AC20
Enum: EAnimAimDir                                              - Instance: 0x0474DA1C
Enum: EAimID                                                   - Instance: 0x0474DEE8
Enum: EBaseBlendType                                           - Instance: 0x0474F768
Enum: ERootRotationOption                                      - Instance: 0x047531A4
Enum: ERootBoneAxis                                            - Instance: 0x04753210
Enum: ENotifyRenderCategory                                    - Instance: 0x0475C32C
Enum: ENotifyCategory                                          - Instance: 0x0475C398
Enum: EAnimSetPreviewWeaponPreset                              - Instance: 0x04760634
Enum: EImpactDamageOverride                                    - Instance: 0x0476D4C4
Enum: ENavMeshObstacleOverride                                 - Instance: 0x0476DD6C
Enum: EDamageParameterOverrideMode                             - Instance: 0x047726EC
Enum: EAFFG_ForceFieldCoordinates                              - Instance: 0x04774D24
Enum: ENoiseType                                               - Instance: 0x04777BAC
Enum: EFieldType                                               - Instance: 0x04777C18
Enum: ESoundClassName                                          - Instance: 0x0477FAF0
Enum: EDebugState                                              - Instance: 0x0477FB5C
Enum: ETTSSpeaker                                              - Instance: 0x04780170
Enum: ECsgOper                                                 - Instance: 0x047828C0
Enum: EInitialOscillatorOffset                                 - Instance: 0x0478B250
Enum: ECanvasBlendMode                                         - Instance: 0x0478DFE0
Enum: EFlashText_Align                                         - Instance: 0x0478E114
Enum: EFontImportCharacterSet                                  - Instance: 0x0478E2E4
Enum: ETextureCompressionSettings                              - Instance: 0x04790F60
Enum: EPixelFormat                                             - Instance: 0x04790FCC
Enum: ETextureFilter                                           - Instance: 0x04791038
Enum: ETextureAddress                                          - Instance: 0x047910A4
Enum: ETextureGroup                                            - Instance: 0x04791110
Enum: ETextureMipGenSettings                                   - Instance: 0x04792544
Enum: ETextureMipCount                                         - Instance: 0x047925B0
Enum: ECloudStorageDelegate                                    - Instance: 0x047ADB98
Enum: EInputPlatformType                                       - Instance: 0x047B1428
Enum: ETouchType                                               - Instance: 0x047B3928
Enum: ECoverLocationDescription                                - Instance: 0x047BB35C
Enum: ECoverType                                               - Instance: 0x047BB3C8
Enum: ECoverDirection                                          - Instance: 0x047BB434
Enum: ECoverAction                                             - Instance: 0x047BB4A0
Enum: EFireLinkID                                              - Instance: 0x047BB5D4
Enum: EFilterMode                                              - Instance: 0x047DB5B0
Enum: EDecalTransform                                          - Instance: 0x047DB61C
Enum: EMaterialUsage                                           - Instance: 0x047E0490
Enum: EParticleDownsampling                                    - Instance: 0x047EABF0
Enum: EDistributionParamMode                                   - Instance: 0x047EF83C
Enum: EDOFQuality                                              - Instance: 0x047F1834
Enum: EDOFType                                                 - Instance: 0x047F18A0
Enum: EDrawVolumeBoxType                                       - Instance: 0x047F705C
Enum: EDLEC_Mode                                               - Instance: 0x047FB498
Enum: EDynamicLightEnvironmentBoundsMethod                     - Instance: 0x047FB76C
Enum: EParticleSysParamType                                    - Instance: 0x048011B8
Enum: EParticleReplayState                                     - Instance: 0x048019B4
Enum: EParticleEventType                                       - Instance: 0x04801A20
Enum: EParticleSystemUpdateMode                                - Instance: 0x048024BC
Enum: EParticleSystemOveridePhysXLevel                         - Instance: 0x0480450C
Enum: EParticleSystemOcclusionBoundsMethod                     - Instance: 0x04804614
Enum: EParticleSystemLODMethod                                 - Instance: 0x0480471C
Enum: EEmitterTickReason                                       - Instance: 0x04810118
Enum: ETransitionType                                          - Instance: 0x04819EA8
Enum: EPhysXLevelFeatureType                                   - Instance: 0x048232D8
Enum: EFacebookIntegrationDelegate                             - Instance: 0x0482AC78
Enum: EFlexAssetType                                           - Instance: 0x04831E5C
Enum: EInfluenceType                                           - Instance: 0x04834BFC
Enum: ESimpleCollisionUsageType                                - Instance: 0x0484024C
Enum: EHostMigrationProgress                                   - Instance: 0x048443A4
Enum: EDebugDrawDestructiblesMode                              - Instance: 0x04848248
Enum: EPreferredLightmapType                                   - Instance: 0x048483EC
Enum: EVisibilityAggressiveness                                - Instance: 0x04848458
Enum: EConsoleType                                             - Instance: 0x0484B188
Enum: EPIEPreset                                               - Instance: 0x04851728
Enum: ENetMode                                                 - Instance: 0x04851C44
Enum: EFractureMeshExplosionType                               - Instance: 0x04855484
Enum: EFractureMeshExplosionBlastType                          - Instance: 0x048555B8
Enum: EFullyLoadPackageType                                    - Instance: 0x04865114
Enum: EStandbyType                                             - Instance: 0x04868230
Enum: EGameStatGroups                                          - Instance: 0x04887D58
Enum: EGameSessionType                                         - Instance: 0x0489BC00
Enum: ESplitScreenType                                         - Instance: 0x048A1D28
Enum: ESafeZoneType                                            - Instance: 0x048A41C8
Enum: ESetMode                                                 - Instance: 0x048A4234
Enum: EInAppMessageInterfaceDelegate                           - Instance: 0x048B310C
Enum: EAdManagerDelegate                                       - Instance: 0x048B36B0
Enum: EFoliageCullOption                                       - Instance: 0x048B7E50
Enum: EEdgeHandlingStatus                                      - Instance: 0x048BD664
Enum: ETrackActiveCondition                                    - Instance: 0x048C32CC
Enum: ECameraBlendType                                         - Instance: 0x048C6408
Enum: EHeadTrackingAction                                      - Instance: 0x048C7FCC
Enum: ETrackToggleAction                                       - Instance: 0x048CACB8
Enum: EVisibilityTrackCondition                                - Instance: 0x048CBBEC
Enum: EVisibilityTrackAction                                   - Instance: 0x048CBC58
Enum: EInterpTrackMoveRotMode                                  - Instance: 0x048CC878
Enum: EInterpTrackMoveFrame                                    - Instance: 0x048CC8E4
Enum: EInterpMoveAxis                                          - Instance: 0x048CE01C
Enum: EKActorTickReason                                        - Instance: 0x048D80CC
Enum: ELandscapeSetupErrors                                    - Instance: 0x048E2E90
Enum: ELandscapeGizmoType                                      - Instance: 0x048E4D88
Enum: ELevelGridCellShape                                      - Instance: 0x048F0EC4
Enum: EReflectionGroup                                         - Instance: 0x048F1900
Enum: ENavMeshGroup                                            - Instance: 0x048F196C
Enum: EStreamingVolumeUsage                                    - Instance: 0x048F33D8
Enum: EXBOX_AGEGROUP                                           - Instance: 0x048FB178
Enum: ETextureColorChannel                                     - Instance: 0x048FF230
Enum: EBlendModeFilter                                         - Instance: 0x048FF504
Enum: ESampleBlurSceneType                                     - Instance: 0x048FFA34
Enum: EBlurSceneTextureType                                    - Instance: 0x048FFAA0
Enum: ESampleBlurType                                          - Instance: 0x048FFEA4
Enum: EContractOrExpandInput                                   - Instance: 0x049017E8
Enum: ECustomMaterialOutputType                                - Instance: 0x04901B58
Enum: EDecodeBlendType                                         - Instance: 0x049023F0
Enum: EVertMorphFormat                                         - Instance: 0x04902890
Enum: EDepthOfFieldFunctionValue                               - Instance: 0x049030C4
Enum: EFunctionInputType                                       - Instance: 0x04904B9C
Enum: ELandscapeLayerBlendType                                 - Instance: 0x04905CD4
Enum: ERainBufferType                                          - Instance: 0x04909048
Enum: EHeightChannel                                           - Instance: 0x04909DC8
Enum: ESceneTextureType                                        - Instance: 0x0490AE68
Enum: ESphericalMappingType                                    - Instance: 0x0490B7DC
Enum: ETerrainCoordMappingType                                 - Instance: 0x0490C760
Enum: EMaterialVectorCoordTransform                            - Instance: 0x0490E4D4
Enum: EMaterialVectorCoordTransformSource                      - Instance: 0x0490E540
Enum: EMaterialPositionTransform                               - Instance: 0x0490E780
Enum: EMaterialPositionTransformSource                         - Instance: 0x0490E7EC
Enum: EMicroTransactionDelegate                                - Instance: 0x049153B8
Enum: EMicroTransactionResult                                  - Instance: 0x04915424
Enum: EFFG_ForceFieldCoordinates                               - Instance: 0x04933A8C
Enum: EFFB_ForceFieldCoordinates                               - Instance: 0x04937008
Enum: EOnlineProfilePropertyOwner                              - Instance: 0x04975304
Enum: EOnlinePlayerStorageAsyncState                           - Instance: 0x04975910
Enum: EProfileSettingID                                        - Instance: 0x0497A698
Enum: EProfileDifficultyOptions                                - Instance: 0x0497A704
Enum: EProfileControllerSensitivityOptions                     - Instance: 0x0497A770
Enum: EProfilePreferredColorOptions                            - Instance: 0x0497A7DC
Enum: EProfileAutoAimOptions                                   - Instance: 0x0497A848
Enum: EProfileAutoCenterOptions                                - Instance: 0x0497A8B4
Enum: EProfileMovementControlOptions                           - Instance: 0x0497A920
Enum: EProfileRaceTransmissionOptions                          - Instance: 0x0497A98C
Enum: EProfileRaceCameraLocationOptions                        - Instance: 0x0497A9F8
Enum: EProfileRaceBrakeControlOptions                          - Instance: 0x0497AA64
Enum: EProfileRaceAcceleratorControlOptions                    - Instance: 0x0497AAD0
Enum: EProfileYInversionOptions                                - Instance: 0x0497AB3C
Enum: EProfileXInversionOptions                                - Instance: 0x0497ABA8
Enum: EProfileOmniDirEvadeOptions                              - Instance: 0x0497AC14
Enum: EProfileControllerVibrationToggleOptions                 - Instance: 0x0497AC80
Enum: EProfileVoiceThruSpeakersOptions                         - Instance: 0x0497ACEC
Enum: EEmitterRenderMode                                       - Instance: 0x04991944
Enum: EParticleSubUVInterpMethod                               - Instance: 0x049919B0
Enum: EParticleBurstMethod                                     - Instance: 0x04991BD8
Enum: EModuleType                                              - Instance: 0x04993DDC
Enum: EParticleSourceSelectionMethod                           - Instance: 0x04993E48
Enum: ESamplingMultiple                                        - Instance: 0x0499468C
Enum: EBoneSocketAttractorFalloffType                          - Instance: 0x04995020
Enum: ELocationBoneSocketDestSelectionMethod                   - Instance: 0x049959CC
Enum: ELocationBoneSocketDestination                           - Instance: 0x04995AD4
Enum: EAttractorParticleSelectionMethod                        - Instance: 0x049963D8
Enum: EVertSurfaceAttractorFalloffType                         - Instance: 0x04996EF8
Enum: EAttractorSkelVertSurfaceDestination                     - Instance: 0x04997AC8
Enum: EBeam2SourceTargetMethod                                 - Instance: 0x04997E14
Enum: EBeam2SourceTargetTangentMethod                          - Instance: 0x04997E80
Enum: EBeamModifierType                                        - Instance: 0x04997EEC
Enum: EParticleCameraOffsetUpdateMethod                        - Instance: 0x0499A6B4
Enum: EParticleCollisionComplete                               - Instance: 0x0499A8C8
Enum: EParticleAttractorActionType                             - Instance: 0x0499A934
Enum: ELocationBoneSocketSource                                - Instance: 0x049A1250
Enum: ELocationBoneSocketSelectionMethod                       - Instance: 0x049A1980
Enum: ELocationEmitterSelectionMethod                          - Instance: 0x049A2344
Enum: ECylinderHeightAxis                                      - Instance: 0x049A2C64
Enum: ELocationSkelVertSurfaceSource                           - Instance: 0x049A37A4
Enum: ELocationStaticVertSurfaceSource                         - Instance: 0x049A4064
Enum: EOrbitChainMode                                          - Instance: 0x049A5610
Enum: EParticleAxisLock                                        - Instance: 0x049A5F00
Enum: EEmitterDynamicParameterValue                            - Instance: 0x049A6008
Enum: EParticleLevelInfluenceType                              - Instance: 0x049A6C0C
Enum: EParticleScreenAlignment                                 - Instance: 0x049A6D88
Enum: EEmitterNormalsMode                                      - Instance: 0x049A8638
Enum: EParticleSortMode                                        - Instance: 0x049A86A4
Enum: ETrail2SourceMethod                                      - Instance: 0x049AB658
Enum: ETrail2SpawnMethod                                       - Instance: 0x049ABC9C
Enum: ETrailTaperMethod                                        - Instance: 0x049ABEC8
Enum: EBeamMethod                                              - Instance: 0x049AD2E8
Enum: EBeamEndPointMethod                                      - Instance: 0x049ADA84
Enum: EBeam2Method                                             - Instance: 0x049ADDF0
Enum: EBeamTaperMethod                                         - Instance: 0x049AE99C
Enum: EMeshCameraFacingOptions                                 - Instance: 0x049AF0CC
Enum: EMeshCameraFacingUpAxis                                  - Instance: 0x049AF138
Enum: EMeshScreenAlignment                                     - Instance: 0x049AF240
Enum: EPhysXMeshRotationMethod                                 - Instance: 0x049AFEC0
Enum: ETrailsRenderAxisOption                                  - Instance: 0x049B02B4
Enum: EPhysEffectType                                          - Instance: 0x049B9E60
Enum: EWheelSide                                               - Instance: 0x049B9F68
Enum: EWheelPos                                                - Instance: 0x049B9FD4
Enum: EDrivableSurfaceMaterialType                             - Instance: 0x049BB290
Enum: ETyreType                                                - Instance: 0x049BB398
Enum: ESleepFamily                                             - Instance: 0x049C0498
Enum: ESimulationMethod                                        - Instance: 0x049C5CF8
Enum: EPacketSizeMultiplier                                    - Instance: 0x049C5D64
Enum: ESceneCaptureViewMode                                    - Instance: 0x049D2C6C
Enum: EScopeEdge                                               - Instance: 0x049D9F64
Enum: EPBCornerType                                            - Instance: 0x049DBEE4
Enum: EBuildingStatsBrowserColumns                             - Instance: 0x049DD1A4
Enum: EProcBuildingAxis                                        - Instance: 0x049DF838
Enum: EAimingReference                                         - Instance: 0x049E592C
Enum: ERockRainSettingsSoundIntensity                          - Instance: 0x049EA4A0
Enum: EForceModeType                                           - Instance: 0x049F5F60
Enum: ERadialForceType                                         - Instance: 0x049FBAC0
Enum: ERFlapsPoseControlType                                   - Instance: 0x04A075FC
Enum: ERFlapsConstraintType                                    - Instance: 0x04A0899C
Enum: ERFlapsPoseExtractMode                                   - Instance: 0x04A0C10C
Enum: ERFlapsTickGroup                                         - Instance: 0x04A0EC28
Enum: EVehiclePropertyForControl                               - Instance: 0x04A122EC
Enum: EValidUpAxis                                             - Instance: 0x04A123F4
Enum: EHighlightStyle                                          - Instance: 0x04A27B6C
Enum: EHighlightColorType                                      - Instance: 0x04A27BD8
Enum: EPostProcessAAType                                       - Instance: 0x04A28C38
Enum: ERouteDirection                                          - Instance: 0x04A2AB80
Enum: ERouteFillAction                                         - Instance: 0x04A2ABEC
Enum: ERouteType                                               - Instance: 0x04A2AF54
Enum: EPhysMaterialImpactTypes                                 - Instance: 0x04A30FA4
Enum: EParticlesActiveState                                    - Instance: 0x04A36F00
Enum: EPollenVisibility                                        - Instance: 0x04A36F6C
Enum: ESkeletalMeshDrivenMaterialRotationSpace                 - Instance: 0x04A3EB98
Enum: EPointSelection                                          - Instance: 0x04A4B978
Enum: EMatineeSkipPosition                                     - Instance: 0x04A53634
Enum: EMeshType                                                - Instance: 0x04A5CE30
Enum: EWorldAttractorFalloffType                               - Instance: 0x04A5ED6C
Enum: EParticleEventOutputType                                 - Instance: 0x04A68D80
Enum: ERTriggerVolumeType                                      - Instance: 0x04A6AE38
Enum: EBoneControlSpace                                        - Instance: 0x04A6FE38
Enum: ESplineControlRotMode                                    - Instance: 0x04A75A04
Enum: ESoftBodyBoneType                                        - Instance: 0x04A7693C
Enum: EClothBoneType                                           - Instance: 0x04A76A70
Enum: ETriangleSortOption                                      - Instance: 0x04A76BA4
Enum: EBoneBreakOption                                         - Instance: 0x04A76C10
Enum: ETriangleSortAxis                                        - Instance: 0x04A76C7C
Enum: EClothMovementScaleGen                                   - Instance: 0x04A76CE8
Enum: EDecompressionType                                       - Instance: 0x04A8FE14
Enum: ESpeedTreeMeshType                                       - Instance: 0x04A93C18
Enum: E_GFSDK_PhaseFunction                                    - Instance: 0x04A9B5FC
Enum: E_GFSDK_QualityLevel                                     - Instance: 0x04A9B798
Enum: ETerrainMappingType                                      - Instance: 0x04AA86A0
Enum: ETextureFlipBookMethod                                   - Instance: 0x04AAA928
Enum: EMovieStreamSource                                       - Instance: 0x04AABA4C
Enum: ETwitterRequestMethod                                    - Instance: 0x04AB22E0
Enum: ETwitterIntegrationDelegate                              - Instance: 0x04AB234C
Enum: ETonemapperType                                          - Instance: 0x04AB3DBC
Enum: EStatsFetchType                                          - Instance: 0x04ABFA3C
Enum: EUmbraStorageMode                                        - Instance: 0x04AC5E84
Enum: EWeaponFireType                                          - Instance: 0x04ACC880
Class: Actor                                                   - Instance: 0x04343330
Class: Info                                                    - Instance: 0x04342970
Class: ZoneInfo                                                - Instance: 0x04341FB0
Class: WorldInfo                                               - Instance: 0x043404E0
Class: DownloadableContentEnumerator                           - Instance: 0x04343CF0
Class: DownloadableContentManager                              - Instance: 0x043FC000
Class: Engine                                                  - Instance: 0x043FC270
Class: GameEngine                                              - Instance: 0x043FC4E0
Class: EngineBaseTypes                                         - Instance: 0x043FC750
Class: AkActor                                                 - Instance: 0x043FC9C0
Class: AkSoundActor                                            - Instance: 0x043FCC30
Class: Brush                                                   - Instance: 0x043FCEA0
Class: BrushShape                                              - Instance: 0x043FD110
Class: Volume                                                  - Instance: 0x043FD380
Class: BlockingVolume                                          - Instance: 0x043FD5F0
Class: DynamicBlockingVolume                                   - Instance: 0x043FD860
Class: CullDistanceVolume                                      - Instance: 0x043FDAD0
Class: LevelGridVolume                                         - Instance: 0x043FDD40
Class: LevelStreamingVolume                                    - Instance: 0x043FDFB0
Class: MassiveLODOverrideVolume                                - Instance: 0x043FE220
Class: PathBlockingVolume                                      - Instance: 0x043FE490
Class: PhysicsVolume                                           - Instance: 0x043FE700
Class: DefaultPhysicsVolume                                    - Instance: 0x043FE970
Class: LadderVolume                                            - Instance: 0x043FEBE0
Class: PortalVolume                                            - Instance: 0x043FEE50
Class: PostProcessVolume                                       - Instance: 0x043FF0C0
Class: RApexClothBlockingVolume                                - Instance: 0x043FF330
Class: RConformNavMeshToFloorVolume                            - Instance: 0x043FF5A0
Class: RHeightMapCaptureVolume                                 - Instance: 0x043FF810
Class: RainVolume                                              - Instance: 0x043FFA80
Class: RDustVolume                                             - Instance: 0x043FFCF0
Class: RPollenVolume                                           - Instance: 0x04404000
Class: SnowVolume                                              - Instance: 0x04404270
Class: RLOD1ClippingVolume                                     - Instance: 0x044044E0
Class: RLOD2UndersideClippingVolume                            - Instance: 0x04404750
Class: RNoClimbVolume                                          - Instance: 0x044049C0
Class: ROceanAttachedToCamera                                  - Instance: 0x04404C30
Class: RPyroFearGasAttachedToCamera                            - Instance: 0x04404EA0
Class: RUmbraDummyVolume                                       - Instance: 0x04405110
Class: TriggerVolume                                           - Instance: 0x04405380
Class: UmbraStreamingVolume                                    - Instance: 0x044055F0
Class: DroppedPickup                                           - Instance: 0x04405860
Class: Emitter                                                 - Instance: 0x04405AD0
Class: REmitter                                                - Instance: 0x04405D40
Class: EmitterPool                                             - Instance: 0x04405FB0
Class: HUD                                                     - Instance: 0x04406220
Class: GameInfo                                                - Instance: 0x04406490
Class: Mutator                                                 - Instance: 0x04406700
Class: Route                                                   - Instance: 0x04406970
Class: WindPointSource                                         - Instance: 0x04406BE0
Class: Inventory                                               - Instance: 0x04406E50
Class: Weapon                                                  - Instance: 0x044070C0
Class: InventoryManager                                        - Instance: 0x04407330
Class: Keypoint                                                - Instance: 0x044075A0
Class: TargetPoint                                             - Instance: 0x04407810
Class: MaterialInstanceActor                                   - Instance: 0x04407A80
Class: MatineeActor                                            - Instance: 0x04407CF0
Class: NavigationPoint                                         - Instance: 0x04408000
Class: CoverLink                                               - Instance: 0x04408270
Class: DynamicAnchor                                           - Instance: 0x044084E0
Class: Ladder                                                  - Instance: 0x04408750
Class: PathNode                                                - Instance: 0x044089C0
Class: VolumePathNode                                          - Instance: 0x04408C30
Class: PickupFactory                                           - Instance: 0x04408EA0
Class: PlayerStart                                             - Instance: 0x04409110
Class: PortalMarker                                            - Instance: 0x04409380
Class: Pylon                                                   - Instance: 0x044095F0
Class: AISwitchablePylon                                       - Instance: 0x04409860
Class: DynamicPylon                                            - Instance: 0x04409AD0
Class: Teleporter                                              - Instance: 0x04409D40
Class: Note                                                    - Instance: 0x04409FB0
Class: Projectile                                              - Instance: 0x0440A220
Class: RCinematicOriginActor                                   - Instance: 0x0440A490
Class: RGangInteractPointEngineBase                            - Instance: 0x0440A700
Class: RigidBodyBase                                           - Instance: 0x0440A970
Class: RStaticClimbableActor                                   - Instance: 0x0440ABE0
Class: DynamicSMActor                                          - Instance: 0x0440AE50
Class: InterpActor                                             - Instance: 0x0440B0C0
Class: FlexActor                                               - Instance: 0x0440B330
Class: RPollenStaticMeshActor                                  - Instance: 0x0440B5A0
Class: StaticMeshActorBase                                     - Instance: 0x0440B810
Class: RInstancedStaticMeshActor                               - Instance: 0x0440BA80
Class: RInstancedStaticMeshCollectionActor                     - Instance: 0x0440BCF0
Class: StaticMeshActor                                         - Instance: 0x0440C000
Class: RStaticMeshActorDecorated                               - Instance: 0x0440C270
Class: StaticMeshLODActor                                      - Instance: 0x0440C4E0
Class: StaticMeshCollectionActor                               - Instance: 0x0440C750
Class: SceneCaptureActor                                       - Instance: 0x0440C9C0
Class: SceneCapture2DActor                                     - Instance: 0x0440CC30
Class: SceneCaptureCubeMapActor                                - Instance: 0x0440CEA0
Class: SceneCaptureReflectActor                                - Instance: 0x0440D110
Class: SceneCapturePortalActor                                 - Instance: 0x0440D380
Class: PortalTeleporter                                        - Instance: 0x0440D5F0
Class: Trigger                                                 - Instance: 0x0440D860
Class: Trigger_PawnsOnly                                       - Instance: 0x0440DAD0
Class: ActorComponent                                          - Instance: 0x0440DD40
Class: AkComponent                                             - Instance: 0x0440DFB0
Class: AkDialogueComponent                                     - Instance: 0x0440E220
Class: AudioComponent                                          - Instance: 0x0440E490
Class: HeightFogComponent                                      - Instance: 0x0440E700
Class: PrimitiveComponent                                      - Instance: 0x0440EBE0
Class: AkDrawBoundsComponent                                   - Instance: 0x0440E970
Class: AkDrawSoundRadiusComponent                              - Instance: 0x0440F0C0
Class: ApexRenderVolumeComponent                               - Instance: 0x0440F330
Class: ArrowComponent                                          - Instance: 0x0440F5A0
Class: BrushComponent                                          - Instance: 0x0440F810
Class: CylinderComponent                                       - Instance: 0x0440FA80
Class: DrawBoxComponent                                        - Instance: 0x0440FCF0
Class: AkDrawSoundBoxComponent                                 - Instance: 0x04410270
Class: DrawCapsuleComponent                                    - Instance: 0x04410750
Class: DrawConeComponent                                       - Instance: 0x04410C30
Class: DrawCylinderComponent                                   - Instance: 0x04410EA0
Class: DrawFrustumComponent                                    - Instance: 0x04411380
Class: DrawSphereComponent                                     - Instance: 0x04411860
Class: DrawPylonRadiusComponent                                - Instance: 0x04411D40
Class: DrawTaperedCapsuleComponent                             - Instance: 0x04412220
Class: LevelGridVolumeRenderingComponent                       - Instance: 0x04412700
Class: LineBatchComponent                                      - Instance: 0x04412970
Class: ModelComponent                                          - Instance: 0x04412BE0
Class: RAggGeomCollisionComponent                              - Instance: 0x044130C0
Class: RBoxComponent                                           - Instance: 0x04413330
Class: RDustComponent                                          - Instance: 0x04413810
Class: ROceanComponent                                         - Instance: 0x04413CF0
Class: RPollenComponent                                        - Instance: 0x04418000
Class: RPyroFearGasComponent                                   - Instance: 0x044184E0
Class: RRainComponent                                          - Instance: 0x04418750
Class: RSnowComponent                                          - Instance: 0x044189C0
Class: RThickFearGasComponent                                  - Instance: 0x04418C30
Class: SpriteComponent                                         - Instance: 0x04419110
Class: UmbraStreamingVolumeRenderingComponent                  - Instance: 0x044195F0
Class: RadialBlurComponent                                     - Instance: 0x04419860
Class: RainMapComponent                                        - Instance: 0x04419AD0
Class: RDustMapComponent                                       - Instance: 0x04419D40
Class: RockHeightMapComponent                                  - Instance: 0x04419FB0
Class: RPollenMapComponent                                     - Instance: 0x0441A220
Class: SceneCaptureComponent                                   - Instance: 0x0441A490
Class: SceneCapture2DComponent                                 - Instance: 0x0441A700
Class: SceneCapture2DHitMaskComponent                          - Instance: 0x0441A970
Class: SceneCaptureCubeMapComponent                            - Instance: 0x0441ABE0
Class: RockSceneCaptureCubeMapComponent                        - Instance: 0x0441AE50
Class: SceneCapturePortalComponent                             - Instance: 0x0441B0C0
Class: SceneCaptureReflectComponent                            - Instance: 0x0441B330
Class: SnowMapComponent                                        - Instance: 0x0441B5A0
Class: WindDirectionalSourceComponent                          - Instance: 0x0441B810
Class: WindPointSourceComponent                                - Instance: 0x0441BA80
Class: ActorFactory                                            - Instance: 0x0441BCF0
Class: ActorFactoryActor                                       - Instance: 0x0441C000
Class: ActorFactoryAI                                          - Instance: 0x0441C270
Class: ActorFactoryApexDestructible                            - Instance: 0x0441C4E0
Class: ActorFactoryArchetype                                   - Instance: 0x0441C750
Class: ActorFactoryDynamicSM                                   - Instance: 0x0441C9C0
Class: ActorFactoryMover                                       - Instance: 0x0441CC30
Class: ActorFactoryRigidBody                                   - Instance: 0x0441CEA0
Class: ActorFactoryEmitter                                     - Instance: 0x0441D110
Class: ActorFactoryFlex                                        - Instance: 0x0441D380
Class: ActorFactoryLensFlare                                   - Instance: 0x0441D5F0
Class: ActorFactoryLight                                       - Instance: 0x0441D860
Class: ActorFactoryPathNode                                    - Instance: 0x0441DAD0
Class: ActorFactoryPhysicsAsset                                - Instance: 0x0441DD40
Class: ActorFactoryPlayerStart                                 - Instance: 0x0441DFB0
Class: ActorFactoryPylon                                       - Instance: 0x0441E220
Class: ActorFactorySkeletalMesh                                - Instance: 0x0441E490
Class: ActorFactorySpotLight                                   - Instance: 0x0441E700
Class: ActorFactoryStaticMesh                                  - Instance: 0x0441E970
Class: RActorFactoryStaticMeshDecorated                        - Instance: 0x0441EBE0
Class: ActorFactoryTrigger                                     - Instance: 0x0441EE50
Class: ActorFactoryVehicle                                     - Instance: 0x0441F0C0
Class: AkDialogue                                              - Instance: 0x0441F330
Class: AkHash                                                  - Instance: 0x0441F5A0
Class: AkAction                                                - Instance: 0x0441F810
Class: AkActionGlobal                                          - Instance: 0x0441FA80
Class: AkActionGlobal_Environment                              - Instance: 0x0441FCF0
Class: AkActionGlobal_Event                                    - Instance: 0x04420000
Class: AkActionGlobal_Fact                                     - Instance: 0x04420270
Class: AkActionGlobal_MixTemplate                              - Instance: 0x044204E0
Class: AkActionGlobal_MusicControl                             - Instance: 0x04420750
Class: AkActionGlobal_CombatMusicControl                       - Instance: 0x044209C0
Class: AkActionGlobal_DeathMusicControl                        - Instance: 0x04420C30
Class: AkActionGlobal_GenericMusicControl                      - Instance: 0x04420EA0
Class: AkActionGlobal_LanguageMusicControl                     - Instance: 0x04421110
Class: AkActionGlobal_PredatorMusicControl                     - Instance: 0x04421380
Class: AkActionGlobal_MusicLocation                            - Instance: 0x044215F0
Class: AkActionGlobal_MusicOverride                            - Instance: 0x04421860
Class: AkActionGlobal_Parameter                                - Instance: 0x04421AD0
Class: AkActionGlobal_Parameter_Altitude                       - Instance: 0x04421D40
Class: AkActionGlobal_Parameter_Combat                         - Instance: 0x04421FB0
Class: AkActionGlobal_State                                    - Instance: 0x04422220
Class: AkActionTargeted                                        - Instance: 0x04422490
Class: AkActionTargeted_Switch                                 - Instance: 0x04422700
Class: AkAsset                                                 - Instance: 0x04422970
Class: AkEnvironmentName                                       - Instance: 0x04422BE0
Class: AkEvent                                                 - Instance: 0x04422E50
Class: AkAudioNotifySet                                        - Instance: 0x044230C0
Class: AkAudioNotifyType                                       - Instance: 0x04423330
Class: AkCharacterFilter                                       - Instance: 0x044235A0
Class: AkCurve                                                 - Instance: 0x04423810
Class: AkDialogueAnim                                          - Instance: 0x04423A80
Class: AkDialogueAnimCustom                                    - Instance: 0x04423CF0
Class: AkDialogueEvent                                         - Instance: 0x04424000
Class: AkDialogueSpeech                                        - Instance: 0x04424270
Class: AkDialogueConversation                                  - Instance: 0x044244E0
Class: AkDialogueConversationDynamic                           - Instance: 0x04424750
Class: AkDialogueLine                                          - Instance: 0x044249C0
Class: AkDialogueLineRandom                                    - Instance: 0x04424C30
Class: AkDialogueLineSingle                                    - Instance: 0x04424EA0
Class: AkDialogueLineDynamic                                   - Instance: 0x04425110
Class: AkDialogueType                                          - Instance: 0x04425380
Class: AkDialogueVoice                                         - Instance: 0x044255F0
Class: AkDialogueVoiceCustom                                   - Instance: 0x04425860
Class: AkDialogueVoiceSet                                      - Instance: 0x04425AD0
Class: AkEmoteSet                                              - Instance: 0x04425D40
Class: AkEmoteType                                             - Instance: 0x04425FB0
Class: AkMixTemplate                                           - Instance: 0x04426220
Class: AkParameterName                                         - Instance: 0x04426490
Class: AkPredicate                                             - Instance: 0x04426700
Class: AkFactName                                              - Instance: 0x04426970
Class: AkGlobalFlagCheck                                       - Instance: 0x04426BE0
Class: AkNegatedFact                                           - Instance: 0x04426E50
Class: AkProperties                                            - Instance: 0x044270C0
Class: AkStateGroupName                                        - Instance: 0x04427330
Class: AkStateName                                             - Instance: 0x044275A0
Class: AkSwitchGroupName                                       - Instance: 0x04427810
Class: AkSwitchName                                            - Instance: 0x04427A80
Class: AkTriggerName                                           - Instance: 0x04427CF0
Class: RExternalHook                                           - Instance: 0x04428000
Class: AkBankExternalHook                                      - Instance: 0x04428270
Class: AkBank                                                  - Instance: 0x044284E0
Class: AkMixManager                                            - Instance: 0x04428750
Class: AkSoundDirector                                         - Instance: 0x044289C0
Class: AkWwise                                                 - Instance: 0x04428C30
Class: BookMark                                                - Instance: 0x04428EA0
Class: BookMark2D                                              - Instance: 0x04429110
Class: KismetBookMark                                          - Instance: 0x04429380
Class: Canvas                                                  - Instance: 0x044295F0
Class: Channel                                                 - Instance: 0x04429860
Class: ActorChannel                                            - Instance: 0x04429AD0
Class: ControlChannel                                          - Instance: 0x04429D40
Class: VoiceChannel                                            - Instance: 0x04429FB0
Class: Controller                                              - Instance: 0x0442A700
Class: PlayerController                                        - Instance: 0x0442A490
Class: CheatManager                                            - Instance: 0x0442A220
Class: Client                                                  - Instance: 0x0442A970
Class: ClipPadEntry                                            - Instance: 0x0442ABE0
Class: CodecMovie                                              - Instance: 0x0442AE50
Class: CodecMovieBink                                          - Instance: 0x0442B0C0
Class: CodecMovieFallback                                      - Instance: 0x0442B330
Class: CurveEdPresetCurve                                      - Instance: 0x0442B5A0
Class: CustomPropertyItemHandler                               - Instance: 0x0442B810
Class: DamageType                                              - Instance: 0x0442BA80
Class: KillZDamageType                                         - Instance: 0x0442BCF0
Class: DistributionFloatConstant                               - Instance: 0x0442C000
Class: DistributionFloatParameterBase                          - Instance: 0x0442C270
Class: DistributionFloatConstantCurve                          - Instance: 0x0442C4E0
Class: DistributionFloatUniform                                - Instance: 0x0442C750
Class: DistributionFloatUniformCurve                           - Instance: 0x0442C9C0
Class: DistributionFloatUniformRange                           - Instance: 0x0442CC30
Class: DistributionVectorConstant                              - Instance: 0x0442CEA0
Class: DistributionVectorParameterBase                         - Instance: 0x0442D110
Class: DistributionVectorConstantCurve                         - Instance: 0x0442D380
Class: DistributionVectorUniform                               - Instance: 0x0442D5F0
Class: DistributionVectorUniformCurve                          - Instance: 0x0442D860
Class: DistributionVectorUniformRange                          - Instance: 0x0442DAD0
Class: EdCoordSystem                                           - Instance: 0x0442DD40
Class: EditorLinkSelectionInterface                            - Instance: 0x0442DFB0
Class: EngineTypes                                             - Instance: 0x0442E220
Class: FaceFXAnimSet                                           - Instance: 0x0442E490
Class: FaceFXAsset                                             - Instance: 0x0442E700
Class: Font                                                    - Instance: 0x0442E970
Class: MultiFont                                               - Instance: 0x0442EBE0
Class: FontImportOptions                                       - Instance: 0x0442EE50
Class: ForceFeedbackManager                                    - Instance: 0x0442F0C0
Class: ForceFeedbackWaveform                                   - Instance: 0x0442F330
Class: GameplayEvents                                          - Instance: 0x0442F5A0
Class: GameplayEventsReader                                    - Instance: 0x0442F810
Class: GameplayEventsWriterBase                                - Instance: 0x0442FA80
Class: GameplayEventsUploadAnalytics                           - Instance: 0x0442FCF0
Class: GameplayEventsWriter                                    - Instance: 0x04430000
Class: GameplayEventsHandler                                   - Instance: 0x04430270
Class: GenericParamListStatEntry                               - Instance: 0x044304E0
Class: GuidCache                                               - Instance: 0x04430750
Class: HttpBaseInterface                                       - Instance: 0x044309C0
Class: HttpRequestInterface                                    - Instance: 0x04430C30
Class: HttpResponseInterface                                   - Instance: 0x04430EA0
Class: IniLocPatcher                                           - Instance: 0x04431110
Class: Interface_NavigationHandle                              - Instance: 0x04431380
Class: Interface_Speaker                                       - Instance: 0x044315F0
Class: InterpCurveEdSetup                                      - Instance: 0x04431860
Class: InterpTrack                                             - Instance: 0x04431AD0
Class: JsonObject                                              - Instance: 0x04431D40
Class: KMeshProps                                              - Instance: 0x04431FB0
Class: LevelBase                                               - Instance: 0x04432220
Class: Level                                                   - Instance: 0x04432490
Class: PendingLevel                                            - Instance: 0x04432700
Class: LevelStreaming                                          - Instance: 0x04432970
Class: LevelStreamingAlwaysLoaded                              - Instance: 0x04432BE0
Class: LevelStreamingDistance                                  - Instance: 0x04432E50
Class: LevelStreamingKismet                                    - Instance: 0x044330C0
Class: LevelStreamingPersistent                                - Instance: 0x04433330
Class: LightmappedSurfaceCollection                            - Instance: 0x044335A0
Class: LightmassPrimitiveSettingsObject                        - Instance: 0x04433810
Class: LocHelper                                               - Instance: 0x04433A80
Class: MapInfo                                                 - Instance: 0x04433CF0
Class: MaterialExpression                                      - Instance: 0x04434000
Class: Model                                                   - Instance: 0x04434270
Class: NavigationMeshBase                                      - Instance: 0x044344E0
Class: NetDriver                                               - Instance: 0x04434750
Class: ObjectReferencer                                        - Instance: 0x044349C0
Class: OnlineAuthInterface                                     - Instance: 0x04434C30
Class: OnlineCustomContentRequest                              - Instance: 0x04434EA0
Class: OnlineCustomContentRequestHydra                         - Instance: 0x04435110
Class: OnlineCustomContentRequestCacheableHydra                - Instance: 0x04435380
Class: OnlineCustomContentRequestManifestCrcHydra              - Instance: 0x044355F0
Class: OnlineMatchmakingStats                                  - Instance: 0x04435860
Class: OnlinePlayerStorage                                     - Instance: 0x04435AD0
Class: OnlineProfileSettings                                   - Instance: 0x04435D40
Class: OnlineStats                                             - Instance: 0x04435FB0
Class: OnlineStatsRead                                         - Instance: 0x04436220
Class: OnlineStatsWrite                                        - Instance: 0x04436490
Class: OnlineSubsystem                                         - Instance: 0x04436700
Class: PackageMapLevel                                         - Instance: 0x04436970
Class: PackageMapSeekFree                                      - Instance: 0x04436BE0
Class: PersistentDebugData                                     - Instance: 0x04436E50
Class: Player                                                  - Instance: 0x044370C0
Class: LocalPlayer                                             - Instance: 0x04437330
Class: NetConnection                                           - Instance: 0x044375A0
Class: ChildConnection                                         - Instance: 0x04437810
Class: Polys                                                   - Instance: 0x04437A80
Class: PostProcessChain                                        - Instance: 0x04437CF0
Class: PostProcessEffect                                       - Instance: 0x04438000
Class: AmbientOcclusionEffect                                  - Instance: 0x04438270
Class: BlurEffect                                              - Instance: 0x044384E0
Class: CopyHeightsToRGBEffect                                  - Instance: 0x04438750
Class: DOFEffect                                               - Instance: 0x044389C0
Class: DOFAndBloomEffect                                       - Instance: 0x04438C30
Class: DOFBloomMotionBlurEffect                                - Instance: 0x04438EA0
Class: RockAtmos                                               - Instance: 0x04439110
Class: RockOn                                                  - Instance: 0x04439380
Class: UberPostProcessEffect                                   - Instance: 0x044395F0
Class: DwTriovizImplEffect                                     - Instance: 0x04439860
Class: MaterialEffect                                          - Instance: 0x04439AD0
Class: MetaSurfaceEffect                                       - Instance: 0x04439D40
Class: MotionBlurEffect                                        - Instance: 0x04439FB0
Class: RockAO                                                  - Instance: 0x0443A220
Class: PrimitiveComponentFactory                               - Instance: 0x0443A490
Class: MeshComponentFactory                                    - Instance: 0x0443A700
Class: StaticMeshComponentFactory                              - Instance: 0x0443A970
Class: RAkAudible                                              - Instance: 0x0443ABE0
Class: RAkAudibleParameters                                    - Instance: 0x0443AE50
Class: RAkAudiblePropagation                                   - Instance: 0x0443B0C0
Class: ReachSpec                                               - Instance: 0x0443B330
Class: AdvancedReachSpec                                       - Instance: 0x0443B5A0
Class: ForcedReachSpec                                         - Instance: 0x0443B810
Class: ProscribedReachSpec                                     - Instance: 0x0443BA80
Class: RObjectPool                                             - Instance: 0x0443BCF0
Class: SavedMove                                               - Instance: 0x0443C000
Class: SaveGameSummary                                         - Instance: 0x0443C270
Class: ScriptViewportClient                                    - Instance: 0x0443C4E0
Class: GameViewportClient                                      - Instance: 0x0443C750
Class: Selection                                               - Instance: 0x0443C9C0
Class: ServerCommandlet                                        - Instance: 0x0443CC30
Class: Settings                                                - Instance: 0x0443CEA0
Class: OnlineGameSearch                                        - Instance: 0x0443D110
Class: OnlineGameSettings                                      - Instance: 0x0443D380
Class: ShaderCache                                             - Instance: 0x0443D5F0
Class: ShadowMap1D                                             - Instance: 0x0443D860
Class: ShadowMap2D                                             - Instance: 0x0443DAD0
Class: SmokeTestCommandlet                                     - Instance: 0x0443DD40
Class: SoundCue                                                - Instance: 0x0443DFB0
Class: SpeechRecognition                                       - Instance: 0x0443E220
Class: StaticMesh                                              - Instance: 0x0443E490
Class: StaticMeshSocket                                        - Instance: 0x0443E700
Class: Surface                                                 - Instance: 0x0443EBE0
Class: MaterialInterface                                       - Instance: 0x0443E970
Class: RB_BodySetup                                            - Instance: 0x0443EE50
Class: RLedgeSetup                                             - Instance: 0x0443F0C0
Class: InstancedFoliageSettings                                - Instance: 0x0443F810
Class: FlexAsset                                               - Instance: 0x0443FA80
Class: FracturedStaticMesh                                     - Instance: 0x0443FCF0
Class: ParticleSystem                                          - Instance: 0x04468000
Class: Texture                                                 - Instance: 0x04468750
Class: Texture2D                                               - Instance: 0x044684E0
Class: LightMapTexture2D                                       - Instance: 0x04468270
Class: ShadowMapTexture2D                                      - Instance: 0x044689C0
Class: TranslationContext                                      - Instance: 0x04468C30
Class: TranslatorTag                                           - Instance: 0x04468EA0
Class: StringsTag                                              - Instance: 0x04469110
Class: UIRoot                                                  - Instance: 0x04469AD0
Class: Interaction                                             - Instance: 0x04469860
Class: UIInteraction                                           - Instance: 0x044695F0
Class: UIManager                                               - Instance: 0x04469380
Class: UmbraData                                               - Instance: 0x04469D40
Class: UmbraReference                                          - Instance: 0x04469FB0
Class: WaveFormBase                                            - Instance: 0x0446A220
Class: World                                                   - Instance: 0x0446A490
Class: EnvironmentVolume                                       - Instance: 0x0446A700
Class: AIController                                            - Instance: 0x0446A970
Class: PathTargetPoint                                         - Instance: 0x0446ABE0
Class: NavMeshObstacle                                         - Instance: 0x0446AE50
Class: PylonSeed                                               - Instance: 0x0446B0C0
Class: PylonWall                                               - Instance: 0x0446B330
Class: MeshComponent                                           - Instance: 0x0446BA80
Class: StaticMeshComponent                                     - Instance: 0x0446B810
Class: CoverMeshComponent                                      - Instance: 0x0446B5A0
Class: NavMeshRenderingComponent                               - Instance: 0x0446BCF0
Class: PathRenderingComponent                                  - Instance: 0x04470000
Class: RouteRenderingComponent                                 - Instance: 0x04470270
Class: AICommandBase                                           - Instance: 0x044704E0
Class: AutoNavMeshPathObstacleUnregister                       - Instance: 0x04470750
Class: Interface_NavMeshPathObject                             - Instance: 0x044709C0
Class: Interface_NavMeshPathSwitch                             - Instance: 0x04470C30
Class: Interface_NavMeshPathObstacle                           - Instance: 0x04470EA0
Class: Interface_PylonGeometryProvider                         - Instance: 0x04471110
Class: Interface_RVO                                           - Instance: 0x04471380
Class: NavigationHandle                                        - Instance: 0x044715F0
Class: NavMeshGoal_Filter                                      - Instance: 0x04471860
Class: NavMeshGoalFilter_MinPathDistance                       - Instance: 0x04471AD0
Class: NavMeshGoalFilter_NotNearOtherAI                        - Instance: 0x04471D40
Class: NavMeshGoalFilter_OutOfViewFrom                         - Instance: 0x04471FB0
Class: NavMeshGoalFilter_OutSideOfDotProductWedge              - Instance: 0x04472220
Class: NavMeshGoalFilter_PolyEncompassesAI                     - Instance: 0x04472490
Class: NavMeshPathConstraint                                   - Instance: 0x04472700
Class: NavMeshPath_AlongLine                                   - Instance: 0x04472970
Class: NavMeshPath_EnforceTwoWayEdges                          - Instance: 0x04472BE0
Class: NavMeshPath_MinDistBetweenSpecsOfType                   - Instance: 0x04472E50
Class: NavMeshPath_SameCoverLink                               - Instance: 0x044730C0
Class: NavMeshPath_Toward                                      - Instance: 0x04473330
Class: NavMeshPath_WithinDistanceEnvelope                      - Instance: 0x044735A0
Class: NavMeshPath_WithinTraversalDist                         - Instance: 0x04473810
Class: NavMeshPathGoalEvaluator                                - Instance: 0x04473A80
Class: NavMeshGoal_At                                          - Instance: 0x04473CF0
Class: NavMeshGoal_ClosestActorInList                          - Instance: 0x04474000
Class: NavMeshGoal_GenericFilterContainer                      - Instance: 0x04474270
Class: NavMeshGoal_Null                                        - Instance: 0x044744E0
Class: NavMeshGoal_PolyEncompassesAI                           - Instance: 0x04474750
Class: NavMeshGoal_Random                                      - Instance: 0x044749C0
Class: NavMeshGoal_WithinDistanceEnvelope                      - Instance: 0x04474C30
Class: PathConstraint                                          - Instance: 0x04474EA0
Class: Path_AlongLine                                          - Instance: 0x04475110
Class: Path_AvoidInEscapableNodes                              - Instance: 0x04475380
Class: Path_MinDistBetweenSpecsOfType                          - Instance: 0x044755F0
Class: Path_TowardGoal                                         - Instance: 0x04475860
Class: Path_TowardPoint                                        - Instance: 0x04475AD0
Class: Path_WithinDistanceEnvelope                             - Instance: 0x04475D40
Class: Path_WithinTraversalDist                                - Instance: 0x04475FB0
Class: PathGoalEvaluator                                       - Instance: 0x04476220
Class: RNavigationQueryObject                                  - Instance: 0x04476490
Class: SkeletalMeshActor                                       - Instance: 0x04476700
Class: SkeletalMeshActorSpawnable                              - Instance: 0x04476970
Class: SkeletalMeshCinematicActor                              - Instance: 0x04476BE0
Class: SkeletalMeshActorMAT                                    - Instance: 0x04476E50
Class: HeadTrackingComponent                                   - Instance: 0x044770C0
Class: AnimationCompressionAlgorithm                           - Instance: 0x04477330
Class: AnimationCompressionAlgorithm_Automatic                 - Instance: 0x044775A0
Class: AnimationCompressionAlgorithm_BitwiseCompressOnly       - Instance: 0x04477810
Class: AnimationCompressionAlgorithm_LeastDestructive          - Instance: 0x04477A80
Class: AnimationCompressionAlgorithm_RemoveEverySecondKey      - Instance: 0x04477CF0
Class: AnimationCompressionAlgorithm_RemoveLinearKeys          - Instance: 0x04478000
Class: AnimationCompressionAlgorithm_PerTrackCompression       - Instance: 0x04478270
Class: AnimationCompressionAlgorithm_RemoveTrivialKeys         - Instance: 0x044784E0
Class: AnimationCompressionAlgorithm_RevertToRaw               - Instance: 0x04478750
Class: AnimMetaData                                            - Instance: 0x044789C0
Class: AnimMetaData_SkelControl                                - Instance: 0x04478C30
Class: AnimMetaData_SkelControlKeyFrame                        - Instance: 0x04478EA0
Class: AnimNotify                                              - Instance: 0x04479110
Class: AnimNotify_CameraEffect                                 - Instance: 0x04479380
Class: AnimNotify_ClothingMaxDistanceScale                     - Instance: 0x044795F0
Class: AnimNotify_Footstep                                     - Instance: 0x04479860
Class: AnimNotify_ForceField                                   - Instance: 0x04479AD0
Class: AnimNotify_Kismet                                       - Instance: 0x04479D40
Class: AnimNotify_PlayParticleEffect                           - Instance: 0x04479FB0
Class: AnimNotify_Rumble                                       - Instance: 0x0447A220
Class: AnimNotify_Script                                       - Instance: 0x0447A490
Class: AnimNotify_Scripted                                     - Instance: 0x0447A700
Class: AnimNotify_PawnMaterialParam                            - Instance: 0x0447A970
Class: AnimNotify_ViewShake                                    - Instance: 0x0447ABE0
Class: AnimNotify_Trails                                       - Instance: 0x0447AE50
Class: RAnimNotify_SoundBase                                   - Instance: 0x0447B0C0
Class: AnimNotify_Sound                                        - Instance: 0x0447B330
Class: RAnimNotify_SoundInterruptable                          - Instance: 0x0447B5A0
Class: AnimObject                                              - Instance: 0x0447B810
Class: AnimNode                                                - Instance: 0x0447BA80
Class: AnimNodeBlendBase                                       - Instance: 0x0447BCF0
Class: AnimNodeAimOffset                                       - Instance: 0x0447C000
Class: AnimNodeBlend                                           - Instance: 0x0447C270
Class: AnimNodeAdditiveBlending                                - Instance: 0x0447C4E0
Class: AnimNodeBlendPerBone                                    - Instance: 0x0447C750
Class: AnimNodeCrossfader                                      - Instance: 0x0447C9C0
Class: AnimNodePlayCustomAnim                                  - Instance: 0x0447CC30
Class: AnimNodeBlendDirectional                                - Instance: 0x0447CEA0
Class: AnimNodeBlendList                                       - Instance: 0x0447D110
Class: AnimNodeBlendByBase                                     - Instance: 0x0447D380
Class: AnimNodeBlendByPhysics                                  - Instance: 0x0447D5F0
Class: AnimNodeBlendByPosture                                  - Instance: 0x0447D860
Class: AnimNodeBlendByProperty                                 - Instance: 0x0447DAD0
Class: AnimNodeBlendBySpeed                                    - Instance: 0x0447DD40
Class: AnimNodeRandom                                          - Instance: 0x0447DFB0
Class: AnimNodeBlendMultiBone                                  - Instance: 0x0447E220
Class: AnimNodeMirror                                          - Instance: 0x0447E490
Class: AnimNodeScalePlayRate                                   - Instance: 0x0447E700
Class: AnimNodeScaleRateBySpeed                                - Instance: 0x0447E970
Class: AnimNodeSlot                                            - Instance: 0x0447EBE0
Class: AnimNodeSynch                                           - Instance: 0x0447EE50
Class: AnimTree                                                - Instance: 0x0447F0C0
Class: AnimNodeSequence                                        - Instance: 0x0447F330
Class: AnimNodeSequenceBlendBase                               - Instance: 0x0447F5A0
Class: AnimNodeSequenceBlendByAim                              - Instance: 0x0447F810
Class: AnimNodeFrame                                           - Instance: 0x0447FA80
Class: MorphNodeBase                                           - Instance: 0x0447FCF0
Class: MorphNodeMultiPose                                      - Instance: 0x04480000
Class: MorphNodePose                                           - Instance: 0x04480270
Class: MorphNodeWeightBase                                     - Instance: 0x044804E0
Class: MorphNodeWeight                                         - Instance: 0x04480750
Class: MorphNodeWeightByBoneAngle                              - Instance: 0x044809C0
Class: MorphNodeWeightByBoneRotation                           - Instance: 0x04480C30
Class: SkelControlBase                                         - Instance: 0x04480EA0
Class: SkelControl_CCD_IK                                      - Instance: 0x04481110
Class: SkelControl_Multiply                                    - Instance: 0x04481380
Class: SkelControl_TwistBone                                   - Instance: 0x044815F0
Class: SkelControlLimb                                         - Instance: 0x04481860
Class: SkelControlFootPlacement                                - Instance: 0x04481AD0
Class: SkelControlLookAt                                       - Instance: 0x04481D40
Class: SkelControlSingleBone                                   - Instance: 0x04481FB0
Class: SkelControlHandlebars                                   - Instance: 0x04482220
Class: SkelControlSpline                                       - Instance: 0x04482490
Class: SkelControlTrail                                        - Instance: 0x04482700
Class: SkelControlWheel                                        - Instance: 0x04482970
Class: AnimSequence                                            - Instance: 0x04482BE0
Class: AnimSet                                                 - Instance: 0x04482E50
Class: MorphTarget                                             - Instance: 0x044830C0
Class: MorphTargetSet                                          - Instance: 0x04483330
Class: MorphWeightSequence                                     - Instance: 0x044835A0
Class: RAimingConfig                                           - Instance: 0x04483810
Class: RAnimNotifyToken_SoundInterruptable                     - Instance: 0x04483A80
Class: RAnimSet_Skeleton                                       - Instance: 0x04483CF0
Class: RAnimZip_Settings                                       - Instance: 0x04484000
Class: RAutomaticTransitions                                   - Instance: 0x04484270
Class: DecalActorBase                                          - Instance: 0x044844E0
Class: DecalManager                                            - Instance: 0x04484750
Class: RockDecal                                               - Instance: 0x044849C0
Class: RockDecalCollectionActor                                - Instance: 0x04484C30
Class: DecalComponent                                          - Instance: 0x04484EA0
Class: DrawVolumeBox                                           - Instance: 0x04485110
Class: RockDecalComponent                                      - Instance: 0x044855F0
Class: Material                                                - Instance: 0x04485AD0
Class: DecalMaterial                                           - Instance: 0x04485860
Class: FogVolumeDensityInfo                                    - Instance: 0x04485D40
Class: FogVolumeSphericalDensityInfo                           - Instance: 0x04485FB0
Class: ExponentialHeightFogComponent                           - Instance: 0x04486220
Class: FogVolumeDensityComponent                               - Instance: 0x04486490
Class: FogVolumeSphericalDensityComponent                      - Instance: 0x04486700
Class: ActorFactoryFogVolumeConstantDensityInfo                - Instance: 0x04486970
Class: ActorFactoryFogVolumeSphericalDensityInfo               - Instance: 0x04486BE0
Class: FractureManager                                         - Instance: 0x04486E50
Class: ApexDestructibleActor                                   - Instance: 0x044870C0
Class: FracturedStaticMeshActor                                - Instance: 0x04487330
Class: FracturedStaticMeshPart                                 - Instance: 0x044875A0
Class: ApexComponentBase                                       - Instance: 0x04487810
Class: ApexDynamicComponent                                    - Instance: 0x04487A80
Class: ApexStaticComponent                                     - Instance: 0x04487CF0
Class: ApexStaticDestructibleComponent                         - Instance: 0x04488000
Class: FlexComponent                                           - Instance: 0x04488270
Class: FracturedBaseComponent                                  - Instance: 0x044884E0
Class: FracturedSkinnedMeshComponent                           - Instance: 0x04488750
Class: FracturedStaticMeshComponent                            - Instance: 0x044889C0
Class: InstancedStaticMeshComponent                            - Instance: 0x04488C30
Class: SplineMeshComponent                                     - Instance: 0x04488EA0
Class: ApexAsset                                               - Instance: 0x04489110
Class: ApexClothingAsset                                       - Instance: 0x04489380
Class: ApexDestructibleAsset                                   - Instance: 0x044895F0
Class: ApexGenericAsset                                        - Instance: 0x04489860
Class: InterpFilter                                            - Instance: 0x04489AD0
Class: InterpFilter_Classes                                    - Instance: 0x04489D40
Class: InterpFilter_Custom                                     - Instance: 0x04489FB0
Class: InterpGroup                                             - Instance: 0x0448A220
Class: InterpGroupAI                                           - Instance: 0x0448A490
Class: InterpGroupCamera                                       - Instance: 0x0448A700
Class: InterpGroupDirector                                     - Instance: 0x0448A970
Class: InterpGroupInst                                         - Instance: 0x0448ABE0
Class: InterpGroupInstAI                                       - Instance: 0x0448AE50
Class: InterpGroupInstCamera                                   - Instance: 0x0448B0C0
Class: InterpGroupInstDirector                                 - Instance: 0x0448B330
Class: InterpTrackBoolProp                                     - Instance: 0x0448B5A0
Class: InterpTrackDirector                                     - Instance: 0x0448B810
Class: InterpTrackEvent                                        - Instance: 0x0448BA80
Class: InterpTrackFaceFX                                       - Instance: 0x0448BCF0
Class: InterpTrackFloatBase                                    - Instance: 0x0448C000
Class: InterpTrackAnimControl                                  - Instance: 0x0448C270
Class: InterpTrackFaceFXRegister                               - Instance: 0x0448C4E0
Class: InterpTrackFade                                         - Instance: 0x0448C750
Class: InterpTrackFloatMaterialParam                           - Instance: 0x0448C9C0
Class: InterpTrackFloatParticleParam                           - Instance: 0x0448CC30
Class: InterpTrackFloatProp                                    - Instance: 0x0448CEA0
Class: InterpTrackMorphWeight                                  - Instance: 0x0448D110
Class: InterpTrackMoveAxis                                     - Instance: 0x0448D380
Class: InterpTrackSkelControlScale                             - Instance: 0x0448D5F0
Class: InterpTrackSkelControlStrength                          - Instance: 0x0448D860
Class: InterpTrackSlomo                                        - Instance: 0x0448DAD0
Class: InterpTrackStereoConvergence                            - Instance: 0x0448DD40
Class: RInterpTrackVehicleProp                                 - Instance: 0x0448DFB0
Class: InterpTrackHeadTracking                                 - Instance: 0x0448E220
Class: InterpTrackLinearColorBase                              - Instance: 0x0448E490
Class: InterpTrackLinearColorProp                              - Instance: 0x0448E700
Class: InterpTrackMove                                         - Instance: 0x0448E970
Class: InterpTrackParticleReplay                               - Instance: 0x0448EBE0
Class: InterpTrackToggle                                       - Instance: 0x0448EE50
Class: InterpTrackVectorBase                                   - Instance: 0x0448F0C0
Class: InterpTrackAudioMaster                                  - Instance: 0x0448F330
Class: InterpTrackColorProp                                    - Instance: 0x0448F5A0
Class: InterpTrackColorScale                                   - Instance: 0x0448F810
Class: InterpTrackSound                                        - Instance: 0x0448FA80
Class: InterpTrackVectorMaterialParam                          - Instance: 0x0448FCF0
Class: InterpTrackVectorProp                                   - Instance: 0x04490000
Class: RInterpTrackDialogue                                    - Instance: 0x04490270
Class: RInterpTrackVectorParticleParam                         - Instance: 0x044904E0
Class: InterpTrackVisibility                                   - Instance: 0x04490750
Class: RInterpTrackEvidenceKeypoint                            - Instance: 0x044909C0
Class: RInterpTrackRumble                                      - Instance: 0x04490C30
Class: InterpTrackInst                                         - Instance: 0x04490EA0
Class: InterpTrackInstAnimControl                              - Instance: 0x04491110
Class: InterpTrackInstAudioMaster                              - Instance: 0x04491380
Class: InterpTrackInstColorScale                               - Instance: 0x044915F0
Class: InterpTrackInstDirector                                 - Instance: 0x04491860
Class: InterpTrackInstEvent                                    - Instance: 0x04491AD0
Class: InterpTrackInstFaceFX                                   - Instance: 0x04491D40
Class: InterpTrackInstFaceFXRegister                           - Instance: 0x04491FB0
Class: InterpTrackInstFade                                     - Instance: 0x04492220
Class: InterpTrackInstFloatMaterialParam                       - Instance: 0x04492490
Class: InterpTrackInstFloatParticleParam                       - Instance: 0x04492700
Class: InterpTrackInstHeadTracking                             - Instance: 0x04492970
Class: InterpTrackInstMorphWeight                              - Instance: 0x04492BE0
Class: InterpTrackInstMove                                     - Instance: 0x04492E50
Class: InterpTrackInstParticleReplay                           - Instance: 0x044930C0
Class: InterpTrackInstProperty                                 - Instance: 0x04493330
Class: InterpTrackInstBoolProp                                 - Instance: 0x044935A0
Class: InterpTrackInstColorProp                                - Instance: 0x04493810
Class: InterpTrackInstFloatProp                                - Instance: 0x04493A80
Class: InterpTrackInstLinearColorProp                          - Instance: 0x04493CF0
Class: InterpTrackInstVectorProp                               - Instance: 0x04494000
Class: RInterpTrackInstVehicleProp                             - Instance: 0x04494270
Class: InterpTrackInstSkelControlScale                         - Instance: 0x044944E0
Class: InterpTrackInstSkelControlStrength                      - Instance: 0x04494750
Class: InterpTrackInstSlomo                                    - Instance: 0x044949C0
Class: InterpTrackInstSound                                    - Instance: 0x04494C30
Class: InterpTrackInstStereoConvergence                        - Instance: 0x04494EA0
Class: InterpTrackInstToggle                                   - Instance: 0x04495110
Class: InterpTrackInstVectorMaterialParam                      - Instance: 0x04495380
Class: InterpTrackInstVisibility                               - Instance: 0x044955F0
Class: RInterpTrackInstDialogue                                - Instance: 0x04495860
Class: RInterpTrackInstEvidenceKeypoint                        - Instance: 0x04495AD0
Class: RInterpTrackInstRumble                                  - Instance: 0x04495D40
Class: RInterpTrackInstVectorParticleParam                     - Instance: 0x04495FB0
Class: MaterialExpressionAbs                                   - Instance: 0x04496220
Class: MaterialExpressionActorWorldPosition                    - Instance: 0x04496490
Class: MaterialExpressionAdd                                   - Instance: 0x04496700
Class: MaterialExpressionAddNormalMap                          - Instance: 0x04496970
Class: MaterialExpressionAlphaFader                            - Instance: 0x04496BE0
Class: MaterialExpressionAppendVector                          - Instance: 0x04496E50
Class: MaterialExpressionBlendMode                             - Instance: 0x044970C0
Class: MaterialExpressionBlurSceneTexture                      - Instance: 0x04497330
Class: MaterialExpressionBlurTextureSample                     - Instance: 0x044975A0
Class: MaterialExpressionBlurTextureSampleParameter            - Instance: 0x04497810
Class: MaterialExpressionBlurTextureSampleParameter2D          - Instance: 0x04497A80
Class: MaterialExpressionBumpOffset                            - Instance: 0x04497CF0
Class: MaterialExpressionCameraVector                          - Instance: 0x04498000
Class: MaterialExpressionCameraWorldPosition                   - Instance: 0x04498270
Class: MaterialExpressionCeil                                  - Instance: 0x044984E0
Class: MaterialExpressionClamp                                 - Instance: 0x04498750
Class: MaterialExpressionComment                               - Instance: 0x044989C0
Class: MaterialExpressionComponentMask                         - Instance: 0x04498C30
Class: MaterialExpressionConstant                              - Instance: 0x04498EA0
Class: MaterialExpressionConstant2Vector                       - Instance: 0x04499110
Class: MaterialExpressionConstant3Vector                       - Instance: 0x04499380
Class: MaterialExpressionConstant4Vector                       - Instance: 0x044995F0
Class: MaterialExpressionConstantBiasScale                     - Instance: 0x04499860
Class: MaterialExpressionConstantClamp                         - Instance: 0x04499AD0
Class: MaterialExpressionContractExpand                        - Instance: 0x04499D40
Class: MaterialExpressionCosine                                - Instance: 0x04499FB0
Class: MaterialExpressionCrossProduct                          - Instance: 0x0449A220
Class: MaterialExpressionCustom                                - Instance: 0x0449A490
Class: MaterialExpressionCustomTexture                         - Instance: 0x0449A700
Class: MaterialExpressionDecalPosition                         - Instance: 0x0449A970
Class: MaterialExpressionDecodeMask                            - Instance: 0x0449ABE0
Class: MaterialExpressionDecodeVertexMorph                     - Instance: 0x0449AE50
Class: MaterialExpressionDepthBiasedAlpha                      - Instance: 0x0449B0C0
Class: MaterialExpressionDepthBiasedBlend                      - Instance: 0x0449B330
Class: MaterialExpressionDepthOfFieldFunction                  - Instance: 0x0449B5A0
Class: MaterialExpressionDeriveNormalZ                         - Instance: 0x0449B810
Class: MaterialExpressionDesaturation                          - Instance: 0x0449BA80
Class: MaterialExpressionDestColor                             - Instance: 0x0449BCF0
Class: MaterialExpressionDestDepth                             - Instance: 0x0449C000
Class: MaterialExpressionDirectionalBlurSceneTexture           - Instance: 0x0449C270
Class: MaterialExpressionDirtyDepth                            - Instance: 0x0449C4E0
Class: MaterialExpressionDistance                              - Instance: 0x0449C750
Class: MaterialExpressionDivide                                - Instance: 0x0449C9C0
Class: MaterialExpressionDotProduct                            - Instance: 0x0449CC30
Class: MaterialExpressionDynamicParameter                      - Instance: 0x0449CEA0
Class: MaterialExpressionMeshEmitterDynamicParameter           - Instance: 0x0449D110
Class: MaterialExpressionExponent                              - Instance: 0x0449D380
Class: MaterialExpressionExponent2                             - Instance: 0x0449D5F0
Class: MaterialExpressionFloor                                 - Instance: 0x0449D860
Class: MaterialExpressionFluidNormal                           - Instance: 0x0449DAD0
Class: MaterialExpressionFmod                                  - Instance: 0x0449DD40
Class: MaterialExpressionFoliageImpulseDirection               - Instance: 0x0449DFB0
Class: MaterialExpressionFoliageNormalizedRotationAxisAndAngle - Instance: 0x0449E220
Class: MaterialExpressionFontSample                            - Instance: 0x0449E490
Class: MaterialExpressionFontSampleParameter                   - Instance: 0x0449E700
Class: MaterialExpressionFrac                                  - Instance: 0x0449E970
Class: MaterialExpressionFresnel                               - Instance: 0x0449EBE0
Class: MaterialExpressionFunctionInput                         - Instance: 0x0449EE50
Class: MaterialExpressionFunctionOutput                        - Instance: 0x0449F0C0
Class: MaterialExpressionIf                                    - Instance: 0x0449F330
Class: MaterialExpressionInteriorMapping                       - Instance: 0x0449F5A0
Class: MaterialExpressionLandscapeLayerBlend                   - Instance: 0x0449F810
Class: MaterialExpressionLength                                - Instance: 0x0449FA80
Class: MaterialExpressionLensFlareIntensity                    - Instance: 0x0449FCF0
Class: MaterialExpressionLensFlareOcclusion                    - Instance: 0x044A0000
Class: MaterialExpressionLensFlareRadialDistance               - Instance: 0x044A0270
Class: MaterialExpressionLensFlareRayDistance                  - Instance: 0x044A04E0
Class: MaterialExpressionLensFlareSourceDistance               - Instance: 0x044A0750
Class: MaterialExpressionLightEffector                         - Instance: 0x044A09C0
Class: MaterialExpressionLightmapUVs                           - Instance: 0x044A0C30
Class: MaterialExpressionLightmassReplace                      - Instance: 0x044A0EA0
Class: MaterialExpressionLightVector                           - Instance: 0x044A1110
Class: MaterialExpressionLinearInterpolate                     - Instance: 0x044A1380
Class: MaterialExpressionLODFade                               - Instance: 0x044A15F0
Class: MaterialExpressionLogarithm                             - Instance: 0x044A1860
Class: MaterialExpressionLogarithm10                           - Instance: 0x044A1AD0
Class: MaterialExpressionLogarithm2                            - Instance: 0x044A1D40
Class: MaterialExpressionLPVAtWorldPos                         - Instance: 0x044A1FB0
Class: MaterialExpressionMagicUVs                              - Instance: 0x044A2220
Class: MaterialExpressionMaterialFunctionCall                  - Instance: 0x044A2490
Class: MaterialExpressionMax                                   - Instance: 0x044A2700
Class: MaterialExpressionMeshEmitterVertexColor                - Instance: 0x044A2970
Class: MaterialExpressionMin                                   - Instance: 0x044A2BE0
Class: MaterialExpressionMultiply                              - Instance: 0x044A2E50
Class: MaterialExpressionNegative                              - Instance: 0x044A30C0
Class: MaterialExpressionNoise                                 - Instance: 0x044A3330
Class: MaterialExpressionNormal                                - Instance: 0x044A35A0
Class: MaterialExpressionNormalCombine                         - Instance: 0x044A3810
Class: MaterialExpressionNormalize                             - Instance: 0x044A3A80
Class: MaterialExpressionObjectOrientation                     - Instance: 0x044A3CF0
Class: MaterialExpressionObjectRadius                          - Instance: 0x044A4000
Class: MaterialExpressionObjectWorldPosition                   - Instance: 0x044A4270
Class: MaterialExpressionOcclusionPercentage                   - Instance: 0x044A44E0
Class: MaterialExpressionOneMinus                              - Instance: 0x044A4750
Class: MaterialExpressionPanner                                - Instance: 0x044A49C0
Class: MaterialExpressionParameter                             - Instance: 0x044A4C30
Class: MaterialExpressionScalarParameter                       - Instance: 0x044A4EA0
Class: MaterialExpressionStaticBoolParameter                   - Instance: 0x044A5110
Class: MaterialExpressionStaticSwitchParameter                 - Instance: 0x044A5380
Class: MaterialExpressionStaticComponentMaskParameter          - Instance: 0x044A55F0
Class: MaterialExpressionVectorParameter                       - Instance: 0x044A5860
Class: MaterialExpressionParticleMacroUV                       - Instance: 0x044A5AD0
Class: MaterialExpressionPerInstanceRandom                     - Instance: 0x044A5D40
Class: MaterialExpressionPixelDepth                            - Instance: 0x044A5FB0
Class: MaterialExpressionPlatformConstant                      - Instance: 0x044A6220
Class: MaterialExpressionPower                                 - Instance: 0x044A6490
Class: MaterialExpressionQualitySwitch                         - Instance: 0x044A6700
Class: MaterialExpressionRainBuffer                            - Instance: 0x044A6970
Class: MaterialExpressionRainBufferNormal                      - Instance: 0x044A6BE0
Class: MaterialExpressionRainOcclusionAtWorldPos               - Instance: 0x044A6E50
Class: MaterialExpressionReflect                               - Instance: 0x044A70C0
Class: MaterialExpressionReflectionUV                          - Instance: 0x044A7330
Class: MaterialExpressionReflectionVector                      - Instance: 0x044A75A0
Class: MaterialExpressionRefract                               - Instance: 0x044A7810
Class: MaterialExpressionReliefMapping                         - Instance: 0x044A7A80
Class: MaterialExpressionRotateAboutAxis                       - Instance: 0x044A7CF0
Class: MaterialExpressionRotator                               - Instance: 0x044A8000
Class: MaterialExpressionRound                                 - Instance: 0x044A8270
Class: MaterialExpressionSaturate                              - Instance: 0x044A84E0
Class: MaterialExpressionSceneDepth                            - Instance: 0x044A8750
Class: MaterialExpressionSceneTexture                          - Instance: 0x044A89C0
Class: MaterialExpressionSceneWorldPos                         - Instance: 0x044A8C30
Class: MaterialExpressionScreenPosition                        - Instance: 0x044A8EA0
Class: MaterialExpressionScreenSize                            - Instance: 0x044A9110
Class: MaterialExpressionSign                                  - Instance: 0x044A9380
Class: MaterialExpressionSine                                  - Instance: 0x044A95F0
Class: MaterialExpressionSmoothStep                            - Instance: 0x044A9860
Class: MaterialExpressionSphereMask                            - Instance: 0x044A9AD0
Class: MaterialExpressionSphericalMapping                      - Instance: 0x044A9D40
Class: MaterialExpressionSquare                                - Instance: 0x044A9FB0
Class: MaterialExpressionSquareRoot                            - Instance: 0x044AA220
Class: MaterialExpressionStaticBool                            - Instance: 0x044AA490
Class: MaterialExpressionStaticSwitch                          - Instance: 0x044AA700
Class: MaterialExpressionStep                                  - Instance: 0x044AA970
Class: MaterialExpressionSubtract                              - Instance: 0x044AABE0
Class: MaterialExpressionTangent                               - Instance: 0x044AAE50
Class: MaterialExpressionTerrainLayerCoords                    - Instance: 0x044AB0C0
Class: MaterialExpressionTerrainLayerSwitch                    - Instance: 0x044AB330
Class: MaterialExpressionTerrainLayerWeight                    - Instance: 0x044AB5A0
Class: MaterialExpressionTexelSize                             - Instance: 0x044AB810
Class: MaterialExpressionTextureCoordinate                     - Instance: 0x044ABA80
Class: MaterialExpressionTextureObject                         - Instance: 0x044ABCF0
Class: MaterialExpressionTextureSample                         - Instance: 0x044AC000
Class: MaterialExpressionDepthBiasBlend                        - Instance: 0x044AC270
Class: MaterialExpressionDisplacementSampleLerp                - Instance: 0x044AC4E0
Class: MaterialExpressionFlipBookSample                        - Instance: 0x044AC750
Class: MaterialExpressionMeshSubUV                             - Instance: 0x044AC9C0
Class: MaterialExpressionMeshSubUVBlend                        - Instance: 0x044ACC30
Class: MaterialExpressionParticleSubUV                         - Instance: 0x044ACEA0
Class: MaterialExpressionTextureSampleParameter                - Instance: 0x044AD110
Class: MaterialExpressionInteriorMappingParameter              - Instance: 0x044AD380
Class: MaterialExpressionReliefMappingParameter                - Instance: 0x044AD5F0
Class: MaterialExpressionTextureObjectParameter                - Instance: 0x044AD860
Class: MaterialExpressionTextureSampleParameter2D              - Instance: 0x044ADAD0
Class: MaterialExpressionAntialiasedTextureMask                - Instance: 0x044ADD40
Class: MaterialExpressionTextureSampleParameterFlipbook        - Instance: 0x044ADFB0
Class: MaterialExpressionTextureSampleParameterMeshSubUV       - Instance: 0x044AE220
Class: MaterialExpressionTextureSampleParameterMeshSubUVBlend  - Instance: 0x044AE490
Class: MaterialExpressionTextureSampleParameterSubUV           - Instance: 0x044AE700
Class: MaterialExpressionTextureSampleParameterCube            - Instance: 0x044AE970
Class: MaterialExpressionTextureSampleParameterMovie           - Instance: 0x044AEBE0
Class: MaterialExpressionTextureSampleParameterNormal          - Instance: 0x044AEE50
Class: MaterialExpressionTime                                  - Instance: 0x044AF0C0
Class: MaterialExpressionTransform                             - Instance: 0x044AF330
Class: MaterialExpressionTransformPosition                     - Instance: 0x044AF5A0
Class: MaterialExpressionTwoSidedSign                          - Instance: 0x044AF810
Class: MaterialExpressionVertexColor                           - Instance: 0x044AFA80
Class: MaterialExpressionVertexGBufferColours                  - Instance: 0x044AFCF0
Class: MaterialExpressionWindDirectionAndSpeed                 - Instance: 0x044B0000
Class: MaterialExpressionWireAAMesh                            - Instance: 0x044B0270
Class: MaterialExpressionWorldNormal                           - Instance: 0x044B04E0
Class: MaterialExpressionWorldPosition                         - Instance: 0x044B0750
Class: MaterialExpressionXrayColFade                           - Instance: 0x044B09C0
Class: MaterialFunction                                        - Instance: 0x044B0C30
Class: MaterialInstance                                        - Instance: 0x044B0EA0
Class: MaterialInstanceConstant                                - Instance: 0x044B1110
Class: LandscapeMaterialInstanceConstant                       - Instance: 0x044B1380
Class: MaterialInstanceTimeVarying                             - Instance: 0x044B15F0
Class: EmitterCameraLensEffectBase                             - Instance: 0x044B1860
Class: ParticleEventManager                                    - Instance: 0x044B1AD0
Class: ParticleSystemComponent                                 - Instance: 0x044B1D40
Class: RParticleAttractorComponent                             - Instance: 0x044B1FB0
Class: DistributionFloatParticleParameter                      - Instance: 0x044B2220
Class: DistributionFloatRain                                   - Instance: 0x044B2490
Class: DistributionVectorParticleParameter                     - Instance: 0x044B2700
Class: DistributionVectorRain                                  - Instance: 0x044B2970
Class: ParticleEmitter                                         - Instance: 0x044B2BE0
Class: ParticleSpriteEmitter                                   - Instance: 0x044B2E50
Class: ParticleLODLevel                                        - Instance: 0x044B30C0
Class: ParticleModule                                          - Instance: 0x044B3330
Class: ParticleModuleAccelerationBase                          - Instance: 0x044B35A0
Class: ParticleModuleAcceleration                              - Instance: 0x044B3810
Class: ParticleModuleAccelerationOverLifetime                  - Instance: 0x044B3A80
Class: ParticleModuleApexEmitterBase                           - Instance: 0x044B3CF0
Class: ParticleModuleApexEmitterExplicitGeom                   - Instance: 0x044B4000
Class: ParticleModuleApexEmitterShareVolume                    - Instance: 0x044B4270
Class: ParticleModuleAttractorBase                             - Instance: 0x044B44E0
Class: ParticleModuleAttractorBoneSocket                       - Instance: 0x044B4750
Class: ParticleModuleAttractorLine                             - Instance: 0x044B49C0
Class: ParticleModuleAttractorParticle                         - Instance: 0x044B4C30
Class: ParticleModuleAttractorPoint                            - Instance: 0x044B4EA0
Class: ParticleModuleAttractorSkelVertSurface                  - Instance: 0x044B5110
Class: RParticleModuleAttractorComponent                       - Instance: 0x044B5380
Class: ParticleModuleBeamBase                                  - Instance: 0x044B55F0
Class: ParticleModuleBeamModifier                              - Instance: 0x044B5860
Class: ParticleModuleBeamNoise                                 - Instance: 0x044B5AD0
Class: ParticleModuleBeamSource                                - Instance: 0x044B5D40
Class: ParticleModuleBeamTarget                                - Instance: 0x044B5FB0
Class: ParticleModuleCameraBase                                - Instance: 0x044B6220
Class: ParticleModuleCameraOffset                              - Instance: 0x044B6490
Class: ParticleModuleCollisionBase                             - Instance: 0x044B6700
Class: ParticleModuleCollision                                 - Instance: 0x044B6970
Class: ParticleModuleCollisionActor                            - Instance: 0x044B6BE0
Class: ParticleModuleColorBase                                 - Instance: 0x044B6E50
Class: ParticleModuleColor                                     - Instance: 0x044B70C0
Class: ParticleModuleColor_Seeded                              - Instance: 0x044B7330
Class: ParticleModuleColorByParameter                          - Instance: 0x044B75A0
Class: ParticleModuleColorOverLife                             - Instance: 0x044B7810
Class: ParticleModuleColorScaleOverDensity                     - Instance: 0x044B7A80
Class: ParticleModuleColorScaleOverLife                        - Instance: 0x044B7CF0
Class: RParticleModuleColorByVelocity                          - Instance: 0x044B8000
Class: RParticleModuleLighting                                 - Instance: 0x044B8270
Class: ParticleModuleEventBase                                 - Instance: 0x044B84E0
Class: ParticleModuleEventGenerator                            - Instance: 0x044B8750
Class: ParticleModuleEventReceiverBase                         - Instance: 0x044B89C0
Class: ParticleModuleEventReceiverKillParticles                - Instance: 0x044B8C30
Class: ParticleModuleEventReceiverSpawn                        - Instance: 0x044B8EA0
Class: ParticleModuleFieldSamplerBase                          - Instance: 0x044B9110
Class: ParticleModuleKillBase                                  - Instance: 0x044B9380
Class: ParticleModuleKillBox                                   - Instance: 0x044B95F0
Class: ParticleModuleKillHeight                                - Instance: 0x044B9860
Class: ParticleModuleLifetimeBase                              - Instance: 0x044B9AD0
Class: ParticleModuleLifetime                                  - Instance: 0x044B9D40
Class: ParticleModuleLifetime_Seeded                           - Instance: 0x044B9FB0
Class: ParticleModuleLocationBase                              - Instance: 0x044BA220
Class: ParticleModuleLocation                                  - Instance: 0x044BA490
Class: ParticleModuleLocation_Seeded                           - Instance: 0x044BA700
Class: ParticleModuleLocationWorldOffset                       - Instance: 0x044BA970
Class: ParticleModuleLocationWorldOffset_Seeded                - Instance: 0x044BABE0
Class: ParticleModuleLocationBoneSocket                        - Instance: 0x044BAE50
Class: ParticleModuleLocationDirect                            - Instance: 0x044BB0C0
Class: ParticleModuleLocationEmitter                           - Instance: 0x044BB330
Class: ParticleModuleLocationEmitterDirect                     - Instance: 0x044BB5A0
Class: ParticleModuleLocationPrimitiveBase                     - Instance: 0x044BB810
Class: ParticleModuleLocationPrimitiveCylinder                 - Instance: 0x044BBA80
Class: ParticleModuleLocationPrimitiveCylinder_Seeded          - Instance: 0x044BBCF0
Class: ParticleModuleLocationPrimitiveSphere                   - Instance: 0x044BC000
Class: ParticleModuleLocationPrimitiveSphere_Seeded            - Instance: 0x044BC270
Class: ParticleModuleLocationSkelVertSurface                   - Instance: 0x044BC4E0
Class: ParticleModuleLocationStaticVertSurface                 - Instance: 0x044BC750
Class: ParticleModuleSourceMovement                            - Instance: 0x044BC9C0
Class: RParticleModuleLocationSphereSection                    - Instance: 0x044BCC30
Class: ParticleModuleMaterialBase                              - Instance: 0x044BCEA0
Class: ParticleModuleMaterialByParameter                       - Instance: 0x044BD110
Class: ParticleModuleMeshMaterial                              - Instance: 0x044BD380
Class: ParticleModuleOrbitBase                                 - Instance: 0x044BD5F0
Class: ParticleModuleOrbit                                     - Instance: 0x044BD860
Class: ParticleModuleOrientationBase                           - Instance: 0x044BDAD0
Class: ParticleModuleOrientationAxisLock                       - Instance: 0x044BDD40
Class: ParticleModuleParameterBase                             - Instance: 0x044BDFB0
Class: ParticleModuleParameterDynamic                          - Instance: 0x044BE220
Class: ParticleModuleParameterDynamic_Seeded                   - Instance: 0x044BE490
Class: ParticleModuleRequired                                  - Instance: 0x044BE700
Class: ParticleModuleRotationBase                              - Instance: 0x044BE970
Class: ParticleModuleMeshRotation                              - Instance: 0x044BEBE0
Class: ParticleModuleMeshRotation_Seeded                       - Instance: 0x044BEE50
Class: ParticleModuleRotation                                  - Instance: 0x044BF0C0
Class: ParticleModuleRotation_Seeded                           - Instance: 0x044BF330
Class: ParticleModuleRotationOverLifetime                      - Instance: 0x044BF5A0
Class: ParticleModuleRotationRateBase                          - Instance: 0x044BF810
Class: ParticleModuleMeshRotationRate                          - Instance: 0x044BFA80
Class: ParticleModuleMeshRotationRate_Seeded                   - Instance: 0x044BFCF0
Class: ParticleModuleMeshRotationRateMultiplyLife              - Instance: 0x044C0000
Class: ParticleModuleMeshRotationRateOverLife                  - Instance: 0x044C0270
Class: ParticleModuleRotationRate                              - Instance: 0x044C04E0
Class: ParticleModuleRotationRate_Seeded                       - Instance: 0x044C0750
Class: ParticleModuleRotationRateMultiplyLife                  - Instance: 0x044C09C0
Class: ParticleModuleSizeBase                                  - Instance: 0x044C0C30
Class: ParticleModuleSize                                      - Instance: 0x044C0EA0
Class: ParticleModuleSize_Seeded                               - Instance: 0x044C1110
Class: ParticleModuleSizeMultiplyLife                          - Instance: 0x044C1380
Class: ParticleModuleSizeMultiplyVelocity                      - Instance: 0x044C15F0
Class: ParticleModuleSizeScale                                 - Instance: 0x044C1860
Class: ParticleModuleSizeScaleByTime                           - Instance: 0x044C1AD0
Class: ParticleModuleSizeScaleOverDensity                      - Instance: 0x044C1D40
Class: RParticleModuleSizeByVelocity                           - Instance: 0x044C1FB0
Class: ParticleModuleSpawnBase                                 - Instance: 0x044C2220
Class: ParticleModuleSpawn                                     - Instance: 0x044C2490
Class: ParticleModuleSpawnPerUnit                              - Instance: 0x044C2700
Class: RParticleModuleGPURecycleSpawn                          - Instance: 0x044C2970
Class: RParticleModuleGPUSpawn                                 - Instance: 0x044C2BE0
Class: ParticleModuleStoreSpawnTimeBase                        - Instance: 0x044C2E50
Class: ParticleModuleStoreSpawnTime                            - Instance: 0x044C30C0
Class: ParticleModuleSubUVBase                                 - Instance: 0x044C3330
Class: ParticleModuleSubUV                                     - Instance: 0x044C35A0
Class: ParticleModuleSubUVMovie                                - Instance: 0x044C3810
Class: ParticleModuleSubUVDirect                               - Instance: 0x044C3A80
Class: ParticleModuleSubUVSelect                               - Instance: 0x044C3CF0
Class: ParticleModuleTrailBase                                 - Instance: 0x044C4000
Class: ParticleModuleTrailSource                               - Instance: 0x044C4270
Class: ParticleModuleTrailSpawn                                - Instance: 0x044C44E0
Class: ParticleModuleTrailTaper                                - Instance: 0x044C4750
Class: ParticleModuleTypeDataBase                              - Instance: 0x044C49C0
Class: ParticleModuleTypeDataAnimTrail                         - Instance: 0x044C4C30
Class: ParticleModuleTypeDataApex                              - Instance: 0x044C4EA0
Class: ParticleModuleTypeDataApexSprite                        - Instance: 0x044C5110
Class: ParticleModuleTypeDataBeam                              - Instance: 0x044C5380
Class: ParticleModuleTypeDataBeam2                             - Instance: 0x044C55F0
Class: ParticleModuleTypeDataMesh                              - Instance: 0x044C5860
Class: ParticleModuleTypeDataMeshPhysX                         - Instance: 0x044C5AD0
Class: ParticleModuleTypeDataPhysX                             - Instance: 0x044C5D40
Class: ParticleModuleTypeDataRibbon                            - Instance: 0x044C5FB0
Class: ParticleModuleTypeDataTrail                             - Instance: 0x044C6220
Class: ParticleModuleTypeDataTrail2                            - Instance: 0x044C6490
Class: RParticleModuleTypeDataDecal                            - Instance: 0x044C6700
Class: RParticleModuleTypeDataGPU                              - Instance: 0x044C6970
Class: RParticleModuleTypeDataLight                            - Instance: 0x044C6BE0
Class: ParticleModuleUberBase                                  - Instance: 0x044C6E50
Class: ParticleModuleUberLTISIVCL                              - Instance: 0x044C70C0
Class: ParticleModuleUberLTISIVCLIL                            - Instance: 0x044C7330
Class: ParticleModuleUberLTISIVCLILIRSSBLIRR                   - Instance: 0x044C75A0
Class: ParticleModuleVelocityBase                              - Instance: 0x044C7A80
Class: ParticleModuleVelocity                                  - Instance: 0x044C7CF0
Class: ParticleModuleVelocity_Seeded                           - Instance: 0x044C8000
Class: ParticleModuleVelocityCone                              - Instance: 0x044C8270
Class: ParticleModuleVelocityInheritParent                     - Instance: 0x044C84E0
Class: ParticleModuleVelocityOverLifetime                      - Instance: 0x044C8750
Class: RParticleModuleVelocityDrag                             - Instance: 0x044C89C0
Class: RParticleModuleWorldWind                                - Instance: 0x044C8C30
Class: ParticleModuleWorldForcesBase                           - Instance: 0x044C8EA0
Class: ParticleModulePhysicsVolumes                            - Instance: 0x044C9110
Class: ParticleModuleWorldAttractor                            - Instance: 0x044C9380
Class: ParticleModuleEventSendToGame                           - Instance: 0x044C95F0
Class: ParticleSystemReplay                                    - Instance: 0x044C9860
Class: PhysXParticleSystem                                     - Instance: 0x044C9AD0
Class: RParticleSystemEconomicalReplay                         - Instance: 0x044C9D40
Class: KAsset                                                  - Instance: 0x044C9FB0
Class: Pawn                                                    - Instance: 0x044CA700
Class: Vehicle                                                 - Instance: 0x044CA490
Class: SVehicle                                                - Instance: 0x044CA220
Class: AkVehicle                                               - Instance: 0x044CA970
Class: RFakeVehicle                                            - Instance: 0x044CABE0
Class: RB_ConstraintActor                                      - Instance: 0x044CAE50
Class: RB_LineImpulseActor                                     - Instance: 0x044CB0C0
Class: RB_RadialImpulseActor                                   - Instance: 0x044CB330
Class: RB_Thruster                                             - Instance: 0x044CB5A0
Class: KActor                                                  - Instance: 0x044CB810
Class: KActorFromStatic                                        - Instance: 0x044CBA80
Class: KActorSpawnable                                         - Instance: 0x044CBCF0
Class: WorldAttractor                                          - Instance: 0x044D4000
Class: RB_ConstraintDrawComponent                              - Instance: 0x044D4270
Class: RB_RadialImpulseComponent                               - Instance: 0x044D44E0
Class: RB_Handle                                               - Instance: 0x044D49C0
Class: RB_Spring                                               - Instance: 0x044D4C30
Class: SVehicleSimBase                                         - Instance: 0x044D4EA0
Class: SVehicleSimCar                                          - Instance: 0x044D5110
Class: SVehicleSimTank                                         - Instance: 0x044D5380
Class: ActorFactoryApexClothing                                - Instance: 0x044D55F0
Class: ApexDestructibleDamageParameters                        - Instance: 0x044D5860
Class: ClothingMaterial                                        - Instance: 0x044D5AD0
Class: FlexContainer                                           - Instance: 0x044D5D40
Class: FractureMaterial                                        - Instance: 0x044D5FB0
Class: PhysicalMaterial                                        - Instance: 0x044D6220
Class: PhysicalMaterialPropertyBase                            - Instance: 0x044D6490
Class: RPhysicalMaterialProperty                               - Instance: 0x044D6700
Class: PhysicsAsset                                            - Instance: 0x044D6970
Class: PhysicsAssetInstance                                    - Instance: 0x044D6BE0
Class: PhysicsLODVerticalEmitter                               - Instance: 0x044D6E50
Class: RAsyncPhysXSceneInterface                               - Instance: 0x044D70C0
Class: RB_BodyInstance                                         - Instance: 0x044D7330
Class: RB_ConstraintInstance                                   - Instance: 0x044D75A0
Class: RB_ConstraintSetup                                      - Instance: 0x044D7810
Class: RB_BSJointSetup                                         - Instance: 0x044D7A80
Class: RB_FixedJointSetup                                      - Instance: 0x044D7CF0
Class: RB_DistanceJointSetup                                   - Instance: 0x044D8000
Class: RB_HingeSetup                                           - Instance: 0x044D8270
Class: RB_PrismaticSetup                                       - Instance: 0x044D84E0
Class: RB_PulleyJointSetup                                     - Instance: 0x044D8750
Class: RB_SkelJointSetup                                       - Instance: 0x044D89C0
Class: RB_StayUprightSetup                                     - Instance: 0x044D8C30
Class: RBodyInstancePool                                       - Instance: 0x044D8EA0
Class: RPhysOnContactHandler                                   - Instance: 0x044D9110
Class: RSkeletalMeshPhysSceneInterface                         - Instance: 0x044D9380
Class: SVehicleWheel                                           - Instance: 0x044D95F0
Class: NxGenericForceFieldBrush                                - Instance: 0x044D9860
Class: RB_ForceFieldExcludeVolume                              - Instance: 0x044D9AD0
Class: NxForceField                                            - Instance: 0x044D9D40
Class: NxCylindricalForceField                                 - Instance: 0x044D9FB0
Class: NxCylindricalForceFieldCapsule                          - Instance: 0x044DA220
Class: NxForceFieldGeneric                                     - Instance: 0x044DA490
Class: NxForceFieldRadial                                      - Instance: 0x044DA700
Class: NxForceFieldTornado                                     - Instance: 0x044DA970
Class: NxGenericForceField                                     - Instance: 0x044DABE0
Class: NxGenericForceFieldBox                                  - Instance: 0x044DAE50
Class: NxGenericForceFieldCapsule                              - Instance: 0x044DB0C0
Class: NxRadialForceField                                      - Instance: 0x044DB330
Class: NxRadialCustomForceField                                - Instance: 0x044DB5A0
Class: NxTornadoAngularForceField                              - Instance: 0x044DB810
Class: NxTornadoAngularForceFieldCapsule                       - Instance: 0x044DBA80
Class: NxTornadoForceField                                     - Instance: 0x044DBCF0
Class: NxTornadoForceFieldCapsule                              - Instance: 0x044E8000
Class: NxForceFieldSpawnable                                   - Instance: 0x044E8270
Class: RB_CylindricalForceActor                                - Instance: 0x044E84E0
Class: RB_RadialForceActor                                     - Instance: 0x044E8750
Class: NxForceFieldComponent                                   - Instance: 0x044E89C0
Class: NxForceFieldCylindricalComponent                        - Instance: 0x044E8C30
Class: NxForceFieldGenericComponent                            - Instance: 0x044E8EA0
Class: NxForceFieldRadialComponent                             - Instance: 0x044E9110
Class: NxForceFieldTornadoComponent                            - Instance: 0x044E9380
Class: RB_ForceComponent                                       - Instance: 0x044E95F0
Class: RB_ForceComponentCylindrical                            - Instance: 0x044E9AD0
Class: RB_ForceComponentRadial                                 - Instance: 0x044E9D40
Class: ForceFieldShape                                         - Instance: 0x044EA220
Class: ForceFieldShapeBox                                      - Instance: 0x044EA490
Class: ForceFieldShapeCapsule                                  - Instance: 0x044EA700
Class: ForceFieldShapeSphere                                   - Instance: 0x044EA970
Class: RFlaps_BodySetup                                        - Instance: 0x044EABE0
Class: RFlaps_ConstraintSetup                                  - Instance: 0x044EAE50
Class: RFlaps_ConstraintSetupAnim                              - Instance: 0x044EB0C0
Class: RFlaps_ConstraintSetupAnimBlend                         - Instance: 0x044EB330
Class: RFlaps_ConstraintSetupCollision                         - Instance: 0x044EB5A0
Class: RFlaps_ConstraintSetupCone                              - Instance: 0x044EB810
Class: RFlaps_ConstraintSetupDistance                          - Instance: 0x044EBA80
Class: RFlaps_ConstraintSetupPlane                             - Instance: 0x044EBCF0
Class: RFlaps_ConstraintSetupSpring                            - Instance: 0x044F0000
Class: RFlapsAsset                                             - Instance: 0x044F0270
Class: RFlapsAssetInstance                                     - Instance: 0x044F04E0
Class: GameStateObject                                         - Instance: 0x044F0750
Class: GameStatsAggregator                                     - Instance: 0x044F09C0
Class: PrefabInstance                                          - Instance: 0x044F0C30
Class: Prefab                                                  - Instance: 0x044F0EA0
Class: SequenceObject                                          - Instance: 0x044F1110
Class: SequenceFrame                                           - Instance: 0x044F1380
Class: SequenceFrameWrapped                                    - Instance: 0x044F15F0
Class: SequenceOp                                              - Instance: 0x044F1860
Class: Sequence                                                - Instance: 0x044F1AD0
Class: PrefabSequence                                          - Instance: 0x044F1D40
Class: PrefabSequenceContainer                                 - Instance: 0x044F1FB0
Class: SequenceAction                                          - Instance: 0x044F2220
Class: RSeqAct_SetMaterialInstance                             - Instance: 0x044F2490
Class: SeqAct_ActivateRemoteEvent                              - Instance: 0x044F2700
Class: SeqAct_AttachToEvent                                    - Instance: 0x044F2970
Class: SeqAct_CameraShake                                      - Instance: 0x044F2BE0
Class: SeqAct_ChangeCollision                                  - Instance: 0x044F2E50
Class: SeqAct_ConvertToString                                  - Instance: 0x044F30C0
Class: SeqAct_DrawText                                         - Instance: 0x044F3330
Class: SeqAct_FinishSequence                                   - Instance: 0x044F35A0
Class: SeqAct_Gate                                             - Instance: 0x044F3810
Class: SeqAct_GetDistance                                      - Instance: 0x044F3A80
Class: SeqAct_GetLocationAndRotation                           - Instance: 0x044F3CF0
Class: SeqAct_GetMatInstScalarParam                            - Instance: 0x044F4000
Class: SeqAct_GetMatInstVectorParam                            - Instance: 0x044F4270
Class: SeqAct_GetProperty                                      - Instance: 0x044F44E0
Class: SeqAct_GetVectorComponents                              - Instance: 0x044F4750
Class: SeqAct_GetVelocity                                      - Instance: 0x044F49C0
Class: SeqAct_GiveInventory                                    - Instance: 0x044F4C30
Class: SeqAct_HeadTrackingControl                              - Instance: 0x044F4EA0
Class: SeqAct_IsInObjectList                                   - Instance: 0x044F5110
Class: SeqAct_Latent                                           - Instance: 0x044F5380
Class: SeqAct_ActorFactory                                     - Instance: 0x044F55F0
Class: SeqAct_ActorFactoryEx                                   - Instance: 0x044F5860
Class: SeqAct_Delay                                            - Instance: 0x044F5AD0
Class: SeqAct_ForceGarbageCollection                           - Instance: 0x044F5D40
Class: SeqAct_Interp                                           - Instance: 0x044F5FB0
Class: SeqAct_InterpolateColour                                - Instance: 0x044F6220
Class: SeqAct_InterpolateFloat                                 - Instance: 0x044F6490
Class: SeqAct_LevelStreamingBase                               - Instance: 0x044F6700
Class: SeqAct_LevelStreaming                                   - Instance: 0x044F6970
Class: SeqAct_MultiLevelStreaming                              - Instance: 0x044F6BE0
Class: SeqAct_LevelVisibility                                  - Instance: 0x044F6E50
Class: SeqAct_PlaySound                                        - Instance: 0x044F70C0
Class: SeqAct_StreamInTextures                                 - Instance: 0x044F7330
Class: SeqAct_WaitForLevelsVisible                             - Instance: 0x044F75A0
Class: SeqAct_Log                                              - Instance: 0x044F7810
Class: SeqAct_FeatureTest                                      - Instance: 0x044F7A80
Class: SeqAct_ModifyHealth                                     - Instance: 0x044F7CF0
Class: SeqAct_ParticleEventGenerator                           - Instance: 0x044FC000
Class: SeqAct_PhysXSwitch                                      - Instance: 0x044FC270
Class: SeqAct_PlayCameraAnim                                   - Instance: 0x044FC4E0
Class: SeqAct_PlayFaceFXAnim                                   - Instance: 0x044FC750
Class: SeqAct_Possess                                          - Instance: 0x044FC9C0
Class: SeqAct_SetApexClothingParam                             - Instance: 0x044FCC30
Class: SeqAct_SetBlockRigidBody                                - Instance: 0x044FCEA0
Class: SeqAct_SetCameraTarget                                  - Instance: 0x044FD110
Class: SeqAct_SetMaterial                                      - Instance: 0x044FD380
Class: SeqAct_SetMatInstScalarParam                            - Instance: 0x044FD5F0
Class: SeqAct_SetMatInstVectorParam                            - Instance: 0x044FD860
Class: SeqAct_SetMesh                                          - Instance: 0x044FDAD0
Class: SeqAct_SetPhysics                                       - Instance: 0x044FDD40
Class: SeqAct_SetRigidBodyIgnoreVehicles                       - Instance: 0x044FDFB0
Class: SeqAct_SetSequenceVariable                              - Instance: 0x044FE220
Class: SeqAct_AccessObjectList                                 - Instance: 0x044FE490
Class: SeqAct_AddFloat                                         - Instance: 0x044FE700
Class: SeqAct_AddInt                                           - Instance: 0x044FE970
Class: SeqAct_CastToFloat                                      - Instance: 0x044FEBE0
Class: SeqAct_CastToInt                                        - Instance: 0x044FEE50
Class: SeqAct_DivideFloat                                      - Instance: 0x044FF0C0
Class: SeqAct_DivideInt                                        - Instance: 0x044FF330
Class: SeqAct_ModifyObjectList                                 - Instance: 0x044FF5A0
Class: SeqAct_MultiplyFloat                                    - Instance: 0x044FF810
Class: SeqAct_MultiplyInt                                      - Instance: 0x044FFA80
Class: SeqAct_SetBool                                          - Instance: 0x044FFCF0
Class: SeqAct_SetFloat                                         - Instance: 0x0437C000
Class: SeqAct_SetInt                                           - Instance: 0x0437C270
Class: SeqAct_SetLocation                                      - Instance: 0x0437C4E0
Class: SeqAct_SetObject                                        - Instance: 0x0437C750
Class: SeqAct_SetString                                        - Instance: 0x0437C9C0
Class: SeqAct_SubtractFloat                                    - Instance: 0x0437CC30
Class: SeqAct_SubtractInt                                      - Instance: 0x0437CEA0
Class: SeqAct_SetVectorComponents                              - Instance: 0x0437D110
Class: SeqAct_SetWorldAttractorParam                           - Instance: 0x0437D380
Class: SeqAct_Switch                                           - Instance: 0x0437D5F0
Class: SeqAct_RandomSwitch                                     - Instance: 0x0437D860
Class: SeqAct_Timer                                            - Instance: 0x0437DAD0
Class: SeqAct_Toggle                                           - Instance: 0x0437DD40
Class: SeqAct_Trace                                            - Instance: 0x0437DFB0
Class: SequenceCondition                                       - Instance: 0x0437E220
Class: SeqCond_CompareBool                                     - Instance: 0x0437E490
Class: SeqCond_CompareFloat                                    - Instance: 0x0437E700
Class: SeqCond_CompareInt                                      - Instance: 0x0437E970
Class: SeqCond_CompareObject                                   - Instance: 0x0437EBE0
Class: SeqCond_Increment                                       - Instance: 0x0437EE50
Class: SeqCond_IncrementFloat                                  - Instance: 0x0437F0C0
Class: SeqCond_IsAlive                                         - Instance: 0x0437F330
Class: SeqCond_IsBenchmarking                                  - Instance: 0x0437F5A0
Class: SeqCond_IsConsole                                       - Instance: 0x0437F810
Class: SeqCond_IsInCombat                                      - Instance: 0x0437FA80
Class: SeqCond_IsPIE                                           - Instance: 0x0437FCF0
Class: SeqCond_SwitchBase                                      - Instance: 0x04384000
Class: SeqCond_SwitchClass                                     - Instance: 0x04384270
Class: SeqCond_SwitchObject                                    - Instance: 0x043844E0
Class: SeqCond_SwitchPlatform                                  - Instance: 0x04384750
Class: SequenceEvent                                           - Instance: 0x043849C0
Class: SeqEvent_AnalogInput                                    - Instance: 0x04384C30
Class: SeqEvent_AnimNotify                                     - Instance: 0x04384EA0
Class: SeqEvent_Console                                        - Instance: 0x04385110
Class: SeqEvent_ConstraintBroken                               - Instance: 0x04385380
Class: SeqEvent_Destroyed                                      - Instance: 0x043855F0
Class: SeqEvent_Input                                          - Instance: 0x04385860
Class: SeqEvent_LevelLoaded                                    - Instance: 0x04385AD0
Class: SeqEvent_Mover                                          - Instance: 0x04385D40
Class: SeqEvent_ParticleEvent                                  - Instance: 0x04385FB0
Class: SeqEvent_RemoteEvent                                    - Instance: 0x04386220
Class: SeqEvent_RigidBodyCollision                             - Instance: 0x04386490
Class: SeqEvent_SequenceActivated                              - Instance: 0x04386700
Class: SeqEvent_TakeDamage                                     - Instance: 0x04386970
Class: SeqEvent_Touch                                          - Instance: 0x04386BE0
Class: SeqEvent_TouchInput                                     - Instance: 0x04386E50
Class: SeqEvent_Used                                           - Instance: 0x043870C0
Class: SequenceVariable                                        - Instance: 0x04387330
Class: InterpData                                              - Instance: 0x043875A0
Class: SeqVar_Bool                                             - Instance: 0x04387810
Class: SeqVar_Colour                                           - Instance: 0x04387A80
Class: SeqVar_External                                         - Instance: 0x04387CF0
Class: SeqVar_Float                                            - Instance: 0x04388000
Class: SeqVar_RandomFloat                                      - Instance: 0x04388270
Class: SeqVar_Int                                              - Instance: 0x043884E0
Class: SeqVar_RandomInt                                        - Instance: 0x04388750
Class: SeqVar_Named                                            - Instance: 0x043889C0
Class: SeqVar_Object                                           - Instance: 0x04388C30
Class: SeqVar_Character                                        - Instance: 0x04388EA0
Class: SeqVar_ObjectList                                       - Instance: 0x04389110
Class: SeqVar_ObjectVolume                                     - Instance: 0x04389380
Class: SeqVar_Player                                           - Instance: 0x043895F0
Class: SeqVar_String                                           - Instance: 0x04389860
Class: SeqVar_Vector                                           - Instance: 0x04389AD0
Class: SoundNode                                               - Instance: 0x04389D40
Class: SoundNodeWave                                           - Instance: 0x04389FB0
Class: LandscapeProxy                                          - Instance: 0x0438A220
Class: Landscape                                               - Instance: 0x0438A490
Class: Terrain                                                 - Instance: 0x0438A700
Class: LandscapeGizmoActor                                     - Instance: 0x0438A970
Class: LandscapeGizmoActiveActor                               - Instance: 0x0438ABE0
Class: LandscapeComponent                                      - Instance: 0x0438AE50
Class: LandscapeGizmoRenderComponent                           - Instance: 0x0438B0C0
Class: LandscapeHeightfieldCollisionComponent                  - Instance: 0x0438B330
Class: TerrainComponent                                        - Instance: 0x0438B5A0
Class: LandscapeInfo                                           - Instance: 0x0438B810
Class: LandscapeLayerInfoObject                                - Instance: 0x0438BA80
Class: TerrainWeightMapTexture                                 - Instance: 0x0438BCF0
Class: TerrainLayerSetup                                       - Instance: 0x04380000
Class: TerrainMaterial                                         - Instance: 0x04380270
Class: DataStoreClient                                         - Instance: 0x043804E0
Class: Console                                                 - Instance: 0x04380750
Class: Input                                                   - Instance: 0x04380C30
Class: PlayerInput                                             - Instance: 0x04380EA0
Class: PlayerManagerInteraction                                - Instance: 0x04381110
Class: UISceneClient                                           - Instance: 0x04381380
Class: UISoundTheme                                            - Instance: 0x043815F0
Class: UIDataStoreSubscriber                                   - Instance: 0x04381860
Class: UIDataStorePublisher                                    - Instance: 0x04381AD0
Class: UIDataProvider                                          - Instance: 0x04381D40
Class: UIDataProvider_OnlinePlayerDataBase                     - Instance: 0x04381FB0
Class: UIDataProvider_OnlineFriends                            - Instance: 0x04382220
Class: UIDataProvider_OnlinePlayerStorage                      - Instance: 0x04382490
Class: UIDataProvider_OnlineProfileSettings                    - Instance: 0x04382700
Class: UIDataProvider_PlayerAchievements                       - Instance: 0x04382970
Class: UIDataProvider_OnlinePlayerStorageArray                 - Instance: 0x04382BE0
Class: UIDataStore                                             - Instance: 0x04382E50
Class: UIDataStore_GameState                                   - Instance: 0x043830C0
Class: UIDataStore_Remote                                      - Instance: 0x04383330
Class: UIDataStore_OnlinePlayerData                            - Instance: 0x043835A0
Class: UIDataStore_Settings                                    - Instance: 0x04383810
Class: UIDataStore_StringBase                                  - Instance: 0x04383A80
Class: UIDataStore_InputAlias                                  - Instance: 0x04383CF0
Class: UIPropertyDataProvider                                  - Instance: 0x04378000
Class: GameUISceneClient                                       - Instance: 0x04378270
Class: Scene                                                   - Instance: 0x043784E0
Class: InstancedFoliageActor                                   - Instance: 0x04378750
Class: InteractiveFoliageActor                                 - Instance: 0x043789C0
Class: InteractiveFoliageComponent                             - Instance: 0x04378C30
Class: ActorFactoryInteractiveFoliage                          - Instance: 0x04378EA0
Class: FluidInfluenceActor                                     - Instance: 0x04379110
Class: FluidSurfaceActor                                       - Instance: 0x04379380
Class: FluidSurfaceActorMovable                                - Instance: 0x043795F0
Class: FluidInfluenceComponent                                 - Instance: 0x04379860
Class: FluidSurfaceComponent                                   - Instance: 0x04379AD0
Class: SpeedTreeActor                                          - Instance: 0x04379D40
Class: SpeedTreeComponent                                      - Instance: 0x04379FB0
Class: SpeedTreeActorFactory                                   - Instance: 0x0437A220
Class: SpeedTreeComponentFactory                               - Instance: 0x0437A490
Class: SpeedTree                                               - Instance: 0x0437A700
Class: LensFlareSource                                         - Instance: 0x0437A970
Class: RSprite                                                 - Instance: 0x0437ABE0
Class: LensFlareComponent                                      - Instance: 0x0437AE50
Class: LensFlare                                               - Instance: 0x0437B0C0
Class: TextureFlipBook                                         - Instance: 0x0437B330
Class: Texture2DComposite                                      - Instance: 0x0437B810
Class: Texture2DDynamic                                        - Instance: 0x0437BA80
Class: TextureCube                                             - Instance: 0x0437BCF0
Class: TextureMovie                                            - Instance: 0x04374000
Class: TextureRenderTarget                                     - Instance: 0x04374270
Class: TextureRenderTarget2D                                   - Instance: 0x043744E0
Class: ScriptedTexture                                         - Instance: 0x04374750
Class: TextureRenderTargetCube                                 - Instance: 0x043749C0
Class: AudioDevice                                             - Instance: 0x04374C30
Class: SoundClass                                              - Instance: 0x04374EA0
Class: SoundMode                                               - Instance: 0x04375110
Class: DebugCameraController                                   - Instance: 0x04375380
Class: MatineePawn                                             - Instance: 0x043755F0
Class: Scout                                                   - Instance: 0x04375860
Class: RReflectionVolume                                       - Instance: 0x04375AD0
Class: Light                                                   - Instance: 0x04375D40
Class: DirectionalLight                                        - Instance: 0x04375FB0
Class: DirectionalLightToggleable                              - Instance: 0x04376220
Class: DominantDirectionalLight                                - Instance: 0x04376490
Class: DominantDirectionalLightMovable                         - Instance: 0x04376700
Class: PointLight                                              - Instance: 0x04376970
Class: PointLightMovable                                       - Instance: 0x04376BE0
Class: PointLightToggleable                                    - Instance: 0x04376E50
Class: SkyLight                                                - Instance: 0x043770C0
Class: SkyLightToggleable                                      - Instance: 0x04377330
Class: SpotLight                                               - Instance: 0x043775A0
Class: SpotLightMovable                                        - Instance: 0x04377810
Class: SpotLightToggleable                                     - Instance: 0x04377A80
Class: StaticLightCollectionActor                              - Instance: 0x04377CF0
Class: ROceanHeightBlockingVolume                              - Instance: 0x0435C000
Class: RockMapHighlight                                        - Instance: 0x0435C270
Class: RockReflectionVolume                                    - Instance: 0x0435C4E0
Class: RRainBlockingVolume                                     - Instance: 0x0435C750
Class: LightComponent                                          - Instance: 0x0435C9C0
Class: AmbientPlus3DirectionalLightComponent                   - Instance: 0x0435CEA0
Class: DirectionalLightComponent                               - Instance: 0x0435D110
Class: DominantDirectionalLightComponent                       - Instance: 0x0435D380
Class: PointLightComponent                                     - Instance: 0x0435D5F0
Class: SpotLightComponent                                      - Instance: 0x0435D860
Class: SkyLightComponent                                       - Instance: 0x0435DAD0
Class: LightEnvironmentComponent                               - Instance: 0x0435DFB0
Class: DynamicLightEnvironmentComponent                        - Instance: 0x0435E220
Class: ParticleLightEnvironmentComponent                       - Instance: 0x0435E490
Class: DrawLightConeComponent                                  - Instance: 0x0435E700
Class: DrawLightRadiusComponent                                - Instance: 0x0435E970
Class: RLightShaftVolumeComponent                              - Instance: 0x0435EE50
Class: LightFunction                                           - Instance: 0x0435F330
Class: SkeletalMeshComponent                                   - Instance: 0x0435F5A0
Class: RSkeletalMeshComponent_Export                           - Instance: 0x0435F810
Class: RSkeletalMeshDrivenMaterialParameterConfig              - Instance: 0x0435FA80
Class: RSkeletalMeshDrivenMaterialParameterInstance            - Instance: 0x0435FCF0
Class: SkeletalMesh                                            - Instance: 0x04350000
Class: SkeletalMeshSocket                                      - Instance: 0x04350270
Class: SplineActor                                             - Instance: 0x043504E0
Class: SplineLoftActor                                         - Instance: 0x04350750
Class: SplineLoftActorMovable                                  - Instance: 0x043509C0
Class: SplineComponent                                         - Instance: 0x04350C30
Class: ProcBuilding                                            - Instance: 0x04351110
Class: PBRuleNodeBase                                          - Instance: 0x04351380
Class: ProcBuildingRuleset                                     - Instance: 0x043515F0
Class: ReplicationInfo                                         - Instance: 0x04351860
Class: GameReplicationInfo                                     - Instance: 0x04351AD0
Class: PlayerReplicationInfo                                   - Instance: 0x04351D40
Class: TeamInfo                                                - Instance: 0x04351FB0
Class: Camera                                                  - Instance: 0x04352220
Class: CameraActor                                             - Instance: 0x04352490
Class: DynamicCameraActor                                      - Instance: 0x04352700
Class: CameraAnim                                              - Instance: 0x04352970
Class: CameraAnimInst                                          - Instance: 0x04352BE0
Class: CameraModifier                                          - Instance: 0x04352E50
Class: CameraModifier_CameraShake                              - Instance: 0x043530C0
Class: CameraShake                                             - Instance: 0x04353330
Class: CloudStorageUpgradeHelper                               - Instance: 0x043535A0
Class: PlatformInterfaceBase                                   - Instance: 0x04353810
Class: AnalyticEventsBase                                      - Instance: 0x04353A80
Class: MultiProviderAnalytics                                  - Instance: 0x04353CF0
Class: AppNotificationsBase                                    - Instance: 0x0434C000
Class: CloudStorageBase                                        - Instance: 0x0434C270
Class: FacebookIntegration                                     - Instance: 0x0434C4E0
Class: InAppMessageBase                                        - Instance: 0x0434C750
Class: InGameAdManager                                         - Instance: 0x0434C9C0
Class: MicroTransactionBase                                    - Instance: 0x0434CC30
Class: TwitterIntegrationBase                                  - Instance: 0x0434CEA0
Class: PlatformInterfaceWebResponse                            - Instance: 0x0434D110
Class: RInteractionComponent                                   - Instance: 0x0434D380
Class: RInteractionClass                                       - Instance: 0x0434D5F0
Class: RInteractionManager                                     - Instance: 0x0434D860
Class: AkVehicleSoundInfo                                      - Instance: 0x0434DAD0
Class: AkPlayerVehicleSoundInfo                                - Instance: 0x0434DD40
Class: AkVehicleSoundVar                                       - Instance: 0x0434DFB0
Class: ApexFieldSamplerActor                                   - Instance: 0x0434E220
Class: ApexAttractorActor                                      - Instance: 0x0434E490
Class: ApexDynamicGridActor                                    - Instance: 0x0434E700
Class: ApexForceFieldGenericActor                              - Instance: 0x0434E970
Class: ApexForceFieldRadialActor                               - Instance: 0x0434EBE0
Class: ApexGridActor                                           - Instance: 0x0434EE50
Class: ApexJetActor                                            - Instance: 0x0434F0C0
Class: ApexNoiseActor                                          - Instance: 0x0434F330
Class: ApexTurbulenceHeatSourceActor                           - Instance: 0x0434F5A0
Class: ApexVelocitySourceActor                                 - Instance: 0x0434F810
Class: ApexVortexActor                                         - Instance: 0x0434FA80
Class: ApexFieldSamplerComponent                               - Instance: 0x0434FCF0
Class: ApexAttractorComponent                                  - Instance: 0x04250270
Class: ApexDynamicGridComponent                                - Instance: 0x04250750
Class: ApexForceFieldComponent                                 - Instance: 0x042509C0
Class: ApexForceFieldGenericComponent                          - Instance: 0x04250EA0
Class: ApexForceFieldRadialComponent                           - Instance: 0x04251110
Class: ApexGridComponent                                       - Instance: 0x042515F0
Class: ApexJetComponent                                        - Instance: 0x04251860
Class: ApexNoiseComponent                                      - Instance: 0x04251AD0
Class: ApexTurbulenceHeatSourceComponent                       - Instance: 0x04251D40
Class: ApexVelocitySourceComponent                             - Instance: 0x04251FB0
Class: ApexVortexComponent                                     - Instance: 0x04252220
Class: ApexVortexForForceFieldComponent                        - Instance: 0x04252490
Class: ActorFactoryApexAttractor                               - Instance: 0x04252700
Class: ActorFactoryApexDynamicGrid                             - Instance: 0x04252970
Class: ActorFactoryApexGrid                                    - Instance: 0x04252BE0
Class: ActorFactoryApexJet                                     - Instance: 0x04252E50
Class: ActorFactoryApexTurbulenceHeatSource                    - Instance: 0x042530C0
Class: ActorFactoryApexVelocitySource                          - Instance: 0x04253330
Class: ActorFactoryApexVortex                                  - Instance: 0x042535A0
Class: ApexShape                                               - Instance: 0x04253810
Class: ApexShapeBox                                            - Instance: 0x04253A80
Class: ApexShapeCapsule                                        - Instance: 0x04253CF0
Class: ApexShapeSphere                                         - Instance: 0x041A0000
Class: SeqEvent_HitWall                                        - Instance: 0x0456ED78
Class: SeqAct_Destroy                                          - Instance: 0x04586C48
Class: SeqAct_Teleport                                         - Instance: 0x04588398
Class: SeqAct_SetVelocity                                      - Instance: 0x045889C8
Class: SeqAct_ToggleHidden                                     - Instance: 0x04589F7C
Class: SeqAct_AttachToActor                                    - Instance: 0x0458A8B4
Class: OnlinePlayerInterface                                   - Instance: 0x045A8D40
Class: SharedCloudFileInterface                                - Instance: 0x045AA0D4
Class: UserCloudFileInterface                                  - Instance: 0x045AA5AC
Class: OnlineSocialInterface                                   - Instance: 0x045AAD18
Class: OnlineTitleFileCacheInterface                           - Instance: 0x045AB1F0
Class: OnlineTitleFileInterface                                - Instance: 0x045AB6C8
Class: OnlinePartyChatInterface                                - Instance: 0x045ABBA0
Class: ROnlineCustomContentCacheInterface                      - Instance: 0x045AC078
Class: OnlineCustomContentInterface                            - Instance: 0x045AC550
Class: OnlineNewsInterface                                     - Instance: 0x045ACA28
Class: OnlineStatsInterface                                    - Instance: 0x045ACF00
Class: OnlineWebInterface                                      - Instance: 0x045AD3D8
Class: OnlineVoiceInterface                                    - Instance: 0x045AD8B0
Class: OnlineContentInterface                                  - Instance: 0x045ADD88
Class: OnlineGameInterface                                     - Instance: 0x045AE260
Class: OnlineSystemInterface                                   - Instance: 0x045AE738
Class: OnlinePlayerInterfaceEx                                 - Instance: 0x045AEC10
Class: OnlineAccountInterface                                  - Instance: 0x045AF2E0
Class: AccessControl                                           - Instance: 0x045B6F54
Class: Admin                                                   - Instance: 0x045B820C
Class: ApexDestructibleActorSpawnable                          - Instance: 0x045D77C0
Class: EmitterSpawnable                                        - Instance: 0x045E4764
Class: KAssetSpawnable                                         - Instance: 0x045E5350
Class: ActorFactoryPointLightMovable                           - Instance: 0x045E5594
Class: ActorFactoryPointLightToggleable                        - Instance: 0x045E5870
Class: ActorFactorySpotLightMovable                            - Instance: 0x045E61E0
Class: ActorFactorySpotLightToggleable                         - Instance: 0x045E64BC
Class: SeqEvent_Death                                          - Instance: 0x045EC9BC
Class: SeqAct_ToggleGodMode                                    - Instance: 0x045F8AF8
Class: SeqAct_ControlMovieTexture                              - Instance: 0x04611AA8
Class: LocalMessage                                            - Instance: 0x0461A8B0
Class: GameMessage                                             - Instance: 0x0461A66C
Class: DmgType_Suicided                                        - Instance: 0x0462337C
Class: SeqAct_ToggleInput                                      - Instance: 0x0464C2D0
Class: SeqAct_ToggleHUD                                        - Instance: 0x0464FFC4
Class: SeqAct_ForceFeedback                                    - Instance: 0x04651BA8
Class: SeqAct_ToggleCinematicMode                              - Instance: 0x04652A68
Class: SeqAct_ConsoleCommand                                   - Instance: 0x04653FB0
Class: DmgType_Fell                                            - Instance: 0x046D45E0
Class: DmgType_Telefragged                                     - Instance: 0x046D4EFC
Class: DmgType_Crushed                                         - Instance: 0x046D5780
Class: SeqAct_AssignController                                 - Instance: 0x046D62C0
Class: AkVehicleSound                                          - Instance: 0x0472BC58
Class: AnimNotify_PlayFaceFxAnim                               - Instance: 0x0475D61C
Class: HttpFactory                                             - Instance: 0x047AC2C8
Class: DebugCameraHUD                                          - Instance: 0x047CB340
Class: DebugCameraInput                                        - Instance: 0x047CCC80
Class: RDesignerWarning                                        - Instance: 0x047CF540
Class: SeqAct_SetDamageInstigator                              - Instance: 0x047ED2EC
Class: DynamicSMActor_Spawnable                                - Instance: 0x047FF91C
Class: DynamicTriggerVolume                                    - Instance: 0x04800758
Class: SeqAct_SetParticleSysParam                              - Instance: 0x048124AC
Class: ExponentialHeightFog                                    - Instance: 0x04829F04
Class: FracturedSMActorSpawnable                               - Instance: 0x0485F324
Class: FracturedStaticMeshActor_Spawnable                      - Instance: 0x04860024
Class: SeqEvent_PlayerSpawned                                  - Instance: 0x048752E4
Class: HeightFog                                               - Instance: 0x048B0ECC
Class: Interface_AudioImpact                                   - Instance: 0x048BD1D0
Class: InterpActor_ForCinematic                                - Instance: 0x048BDB88
Class: MaterialInstanceTimeVaryingActor                        - Instance: 0x0491270C
Class: NavMeshBoundsVolume                                     - Instance: 0x04925A80
Class: OnlineCommunityContentInterface                         - Instance: 0x04941480
Class: OnlineEventsInterface                                   - Instance: 0x04951144
Class: OnlineRecentPlayersList                                 - Instance: 0x0497B7C4
Class: OnlineSuppliedUIInterface                               - Instance: 0x04987C14
Class: ParticleModuleFieldSamplerAttractor                     - Instance: 0x0499DFB0
Class: ParticleModuleFieldSamplerDynamicGrid                   - Instance: 0x0499E4CC
Class: ParticleModuleFieldSamplerGrid                          - Instance: 0x0499EAEC
Class: ParticleModuleFieldSamplerHeatSource                    - Instance: 0x0499F0BC
Class: ParticleModuleFieldSamplerJet                           - Instance: 0x0499F5F0
Class: ParticleModuleFieldSamplerNoise                         - Instance: 0x0499FB4C
Class: ParticleModuleFieldSamplerVortex                        - Instance: 0x049A0098
Class: PathNode_Dynamic                                        - Instance: 0x049B8390
Class: SeqEvent_PickupStatusChange                             - Instance: 0x049C8CA0
Class: RadialBlurActor                                         - Instance: 0x049E47F0
Class: SeqAct_ToggleConstraintDrive                            - Instance: 0x049F2EAC
Class: RB_BSJointActor                                         - Instance: 0x049F3660
Class: RB_ConstraintActorSpawnable                             - Instance: 0x049F3FB0
Class: RB_FixedJointActor                                      - Instance: 0x049F5610
Class: RB_HingeActor                                           - Instance: 0x049F960C
Class: RB_PrismaticActor                                       - Instance: 0x049FA820
Class: RB_PulleyJointActor                                     - Instance: 0x049FB170
Class: RDeferred_LightEffector                                 - Instance: 0x049FEFA8
Class: RHeightmapOverrideActor                                 - Instance: 0x04A0EFEC
Class: RInterpTrackConversation                                - Instance: 0x04A10534
Class: RInterpTrackInstConversation                            - Instance: 0x04A11324
Class: RockInteriorMappingProbe                                - Instance: 0x04A2714C
Class: RockReflectionVolumeMovable                             - Instance: 0x04A290D0
Class: RParticleAttractor                                      - Instance: 0x04A2BBC4
Class: RStaticMeshActorDamageable                              - Instance: 0x04A34144
Class: RPhysicalMaterialRefCounter                             - Instance: 0x04A36034
Class: SeqAct_MITV_Activate                                    - Instance: 0x04A5810C
Class: SeqAct_SetSkelControlTarget                             - Instance: 0x04A5D488
Class: SeqAct_SetVector                                        - Instance: 0x04A5DC90
Class: SeqAct_UpdatePhysBonesFromAnim                          - Instance: 0x04A63994
Class: SeqEvent_AIReachedRouteActor                            - Instance: 0x04A66F1C
Class: SeqEvent_LOS                                            - Instance: 0x04A67D0C
Class: SkeletalMeshActorMATWalkable                            - Instance: 0x04A89588
Class: SphericalHarmonicLightComponent                         - Instance: 0x04A95C50
Class: SplineComponentSimplified                               - Instance: 0x04A998FC
Class: Trigger_Dynamic                                         - Instance: 0x04AADAA0
Class: Trigger_LOS                                             - Instance: 0x04AAE410
Class: TriggeredPath                                           - Instance: 0x04AB0130
Class: TriggerStreamingLevel                                   - Instance: 0x04AB1090
Class: UIDataStore_OnlineStats                                 - Instance: 0x04ABF7F8
Class: UIResourceDataProvider                                  - Instance: 0x04AC0AA8
Class: UIGameInfoSummary                                       - Instance: 0x04AC0D58
Class: WaterVolume                                             - Instance: 0x04ACB4C0
Class: WindDirectionalSource                                   - Instance: 0x04AD8350

Processing Package: AkAudio

ScriptStruct: SwitchModifierPair                               - Instance: 0x06E12DF4
ScriptStruct: ParameterModifierPair                            - Instance: 0x06E1312C
ScriptStruct: TouchingActorInfo                                - Instance: 0x06E13464
ScriptStruct: OverlappingVolumeInfo                            - Instance: 0x06E13664
ScriptStruct: AkAxisParameter                                  - Instance: 0x06E13B58
ScriptStruct: AkManagedEmitterItem                             - Instance: 0x06E196AC
ScriptStruct: APME                                             - Instance: 0x06E1A420
ScriptStruct: Variables                                        - Instance: 0x06E1F5E4
ScriptStruct: NodeEditorData                                   - Instance: 0x06E23F18
ScriptStruct: WhooshBy                                         - Instance: 0x06E25ED4
ScriptStruct: AkEventTrackKey                                  - Instance: 0x06E27430
ScriptStruct: AkEditorOnlyWavKey                               - Instance: 0x06E27C14
ScriptStruct: AkEditorOnlyWav                                  - Instance: 0x06E27EA8
ScriptStruct: AkWavData                                        - Instance: 0x06E283A8
ScriptStruct: SeqAct_AkAudioParameterInterpolationInfo         - Instance: 0x06E29D10
Const: CONST_EEntityType_Ignore                                - Instance: 0x06E203A4
Const: CONST_EEntityType_Numeric                               - Instance: 0x06E20410
Const: CONST_EEntityType_Volume                                - Instance: 0x06E2047C
Const: CONST_EEntityType_Parameter                             - Instance: 0x06E204E8
Const: CONST_EEntityType_GameVariable                          - Instance: 0x06E20554
Const: CONST_EEntityType_Symbol                                - Instance: 0x06E205C0
Const: CONST_EEntityType_Buss                                  - Instance: 0x06E2062C
Const: CONST_EEntityType_Object                                - Instance: 0x06E20698
Const: CONST_EEntityType_Floats                                - Instance: 0x06E20704
Const: CONST_EEntityType_SymbolOrFact                          - Instance: 0x06E20770
Enum: EOverlapSetting                                          - Instance: 0x06E12D88
Enum: EAkDialogueTapeState                                     - Instance: 0x06E16BB0
Enum: EMultipointEmitterType                                   - Instance: 0x06E1AFA8
Enum: EAkComponentSettingsBool                                 - Instance: 0x06E2A78C
Enum: EAkComponentSettingsObsOcc                               - Instance: 0x06E2A7F8
Enum: EMusicSyncOutputs                                        - Instance: 0x06E3025C
Enum: EAkRainIntensitySetting                                  - Instance: 0x06E3077C
Class: AkAudioSpline                                           - Instance: 0x041A0270
Class: AkAudioSystem                                           - Instance: 0x041A04E0
Class: AkAudioVolume                                           - Instance: 0x041A0750
Class: AkDialogueTape                                          - Instance: 0x041A09C0
Class: AkEmitter                                               - Instance: 0x041A0C30
Class: AkLightEmitter                                          - Instance: 0x041A0EA0
Class: AkMultipointEmitter                                     - Instance: 0x041A1110
Class: AkRattleEmitter                                         - Instance: 0x041A1380
Class: AkManagedEmitter                                        - Instance: 0x041A15F0
Class: AkMultipointEmitterLineComponent                        - Instance: 0x041A1860
Class: AkProximityTracker                                      - Instance: 0x041A1AD0
Class: AkRandomVolume                                          - Instance: 0x041A1D40
Class: AkSDNode                                                - Instance: 0x041A1FB0
Class: AkSDEntity                                              - Instance: 0x041A2220
Class: AkSDEntitySymbol                                        - Instance: 0x041A2490
Class: AkSDEntityAggLocation                                   - Instance: 0x041A2700
Class: AkSDEntityChallengeID                                   - Instance: 0x041A2970
Class: AkSDEntityGameState                                     - Instance: 0x041A2BE0
Class: AkSDEntityLevel                                         - Instance: 0x041A2E50
Class: AkSDEntityMusicState                                    - Instance: 0x041A30C0
Class: AkSDEntitySideStory                                     - Instance: 0x041A3330
Class: AkSDEntityValue                                         - Instance: 0x041A35A0
Class: AkSDEntityAkParameter                                   - Instance: 0x041A3810
Class: AkSDEntityChapter                                       - Instance: 0x041A3A80
Class: AkSDEntityConst                                         - Instance: 0x041A3CF0
Class: AkSDEntityCountPawnsInVolume                            - Instance: 0x04100000
Class: AkSDEntityCountEnemyPawnsInVolume                       - Instance: 0x04100270
Class: AkSDEntityCountFriendlyPawnsInVolume                    - Instance: 0x041004E0
Class: AkSDEntityFact                                          - Instance: 0x04100750
Class: AkSDEntityFalse                                         - Instance: 0x041009C0
Class: AkSDEntityGlobalFlag                                    - Instance: 0x04100C30
Class: AkSDEntityGlobalFlagFromKismet                          - Instance: 0x04100EA0
Class: AkSDEntityMeter                                         - Instance: 0x04101110
Class: AkSDEntityMusicCombatRandom                             - Instance: 0x04101380
Class: AkSDEntityMusicPlaying                                  - Instance: 0x041015F0
Class: AkSDEntityPawns                                         - Instance: 0x04101860
Class: AkSDEntityPawnsEnemy                                    - Instance: 0x04101AD0
Class: AkSDEntityPawnsEnemyFiring                              - Instance: 0x04101D40
Class: AkSDEntityPawnsEnemySpottedPlayer                       - Instance: 0x04101FB0
Class: AkSDEntityPlayerBase                                    - Instance: 0x04102220
Class: AkSDEntityPlayerDetectiveMode                           - Instance: 0x04102490
Class: AkSDEntityPlayerHealth                                  - Instance: 0x04102700
Class: AkSDEntityPlayersAverageHealth                          - Instance: 0x04102970
Class: AkSDEntityPlayerVehicleSpeed                            - Instance: 0x04102BE0
Class: AkSDEntityPlayerInCurrentBaseMap                        - Instance: 0x04102E50
Class: AkSDEntityPlayerInPredatorVolume                        - Instance: 0x041030C0
Class: AkSDEntityTimeDilation                                  - Instance: 0x04103330
Class: AkSDEntityTrue                                          - Instance: 0x041035A0
Class: AkSDRelationship                                        - Instance: 0x04103810
Class: AkSDRelationshipAlways                                  - Instance: 0x04103A80
Class: AkSDRelationshipEqual                                   - Instance: 0x04103CF0
Class: AkSDRelationshipEvery                                   - Instance: 0x04200000
Class: AkSDRelationshipGreaterThan                             - Instance: 0x04200270
Class: AkSDRelationshipGreaterThanEqual                        - Instance: 0x042004E0
Class: AkSDRelationshipHasChanged                              - Instance: 0x04200750
Class: AkSDRelationshipIn                                      - Instance: 0x042009C0
Class: AkSDRelationshipIsFalse                                 - Instance: 0x04200C30
Class: AkSDRelationshipIsTrue                                  - Instance: 0x04200EA0
Class: AkSDRelationshipLessThan                                - Instance: 0x04201110
Class: AkSDRelationshipLessThanEqual                           - Instance: 0x04201380
Class: AkSDRelationshipNotEqual                                - Instance: 0x042015F0
Class: AkSDRelationshipOnce                                    - Instance: 0x04201860
Class: AkSDRelationshipSymbolEqual                             - Instance: 0x04201AD0
Class: AkSDRelationshipSymbolNotEqual                          - Instance: 0x04201D40
Class: AkSDRelationshipSymbolValid                             - Instance: 0x04201FB0
Class: AkSDTrigger                                             - Instance: 0x04202220
Class: AkSDNodeDrawInfo                                        - Instance: 0x04202490
Class: AkSDRelationshipDiagram                                 - Instance: 0x04202700
Class: AkWhoosh                                                - Instance: 0x04202970
Class: AkWhooshAnchor                                          - Instance: 0x04202BE0
Class: AkWhooshVolume                                          - Instance: 0x04202E50
Class: InterpTrackAkEditorOnlyWav                              - Instance: 0x042030C0
Class: InterpTrackAkEvent                                      - Instance: 0x04203330
Class: InterpTrackAkAutoEvent                                  - Instance: 0x042035A0
Class: InterpTrackSoundMasterSync                              - Instance: 0x04203810
Class: InterpTrackAkParameter                                  - Instance: 0x04203A80
Class: InterpTrackInstAkEditorOnlyWav                          - Instance: 0x04203CF0
Class: InterpTrackInstAkEvent                                  - Instance: 0x04148000
Class: InterpTrackInstSoundMasterSync                          - Instance: 0x04148270
Class: InterpTrackInstAkParameter                              - Instance: 0x041484E0
Class: SeqAct_AkAudioEvent                                     - Instance: 0x04148750
Class: SeqAct_AkAudioEventLoop                                 - Instance: 0x041489C0
Class: SeqAct_AkAudioParameter                                 - Instance: 0x04148C30
Class: SeqAct_AkAudioParameterReset                            - Instance: 0x04148EA0
Class: SeqAct_AkAudioReset                                     - Instance: 0x04149110
Class: SeqAct_AkAudioSwitch                                    - Instance: 0x04149380
Class: SeqAct_AkBankLoader                                     - Instance: 0x041495F0
Class: SeqAct_AkBase                                           - Instance: 0x04149860
Class: SeqAct_AkBaseSimple                                     - Instance: 0x04149AD0
Class: SeqAct_AkAnimOnlyDialogue                               - Instance: 0x04149D40
Class: SeqAct_AkAudioState                                     - Instance: 0x04149FB0
Class: SeqAct_AkAudioStateReset                                - Instance: 0x0414A220
Class: SeqAct_AkDialogueGetSpeechDuration                      - Instance: 0x0414A490
Class: SeqAct_AkDialogueIsSpeaking                             - Instance: 0x0414A700
Class: SeqAct_AkDialogueLockType                               - Instance: 0x0414A970
Class: SeqAct_AkDialogueLockVoice                              - Instance: 0x0414ABE0
Class: SeqAct_AkDialoguePlayTape                               - Instance: 0x0414AE50
Class: SeqAct_AkDialogueResetDucking                           - Instance: 0x0414B0C0
Class: SeqAct_AkDialogueResetSpeechLimit                       - Instance: 0x0414B330
Class: SeqAct_AkDialogueResetTypePriority                      - Instance: 0x0414B5A0
Class: SeqAct_AkDialogueSetDucking                             - Instance: 0x0414B810
Class: SeqAct_AkDialogueSetSpeechLimit                         - Instance: 0x0414BA80
Class: SeqAct_AkDialogueSetTypePriority                        - Instance: 0x0414BCF0
Class: SeqAct_AkDialogueSetVoice                               - Instance: 0x041B0000
Class: SeqAct_AkDialogueSetVoiceSubtitle                       - Instance: 0x041B0270
Class: SeqAct_AkDialogueStartSpeech                            - Instance: 0x041B04E0
Class: SeqAct_AkDialogueStopSpeech                             - Instance: 0x041B0750
Class: SeqAct_AkDialogueSurveillance                           - Instance: 0x041B09C0
Class: SeqAct_AkRainIntensity                                  - Instance: 0x041B0C30
Class: SeqAct_AkCreateMultipoint                               - Instance: 0x041B0EA0
Class: SeqAct_AkPlayMultipoint                                 - Instance: 0x041B1110
Class: SeqAct_AkComponentSettings                              - Instance: 0x041B1380
Class: SeqAct_AkGetFact                                        - Instance: 0x041B15F0
Class: SeqAct_AkMixTemplate                                    - Instance: 0x041B1860
Class: SeqAct_AkMusicReplace                                   - Instance: 0x041B1AD0
Class: SeqAct_AkMusicSync                                      - Instance: 0x041B1D40
Class: SeqAct_AkMusicTrigger                                   - Instance: 0x041B1FB0
Class: SeqAct_AkResetSoundDirector                             - Instance: 0x041B2220
Class: SeqAct_AkSetFact                                        - Instance: 0x041B2490
Class: SeqAct_AkSoundDiagram                                   - Instance: 0x041B2700
Class: AkAudioVolumeDisabled                                   - Instance: 0x06E16240
Class: AkSDEntityFactARChallenge                               - Instance: 0x06E20E80
Class: AkSDEntityFactConversation                              - Instance: 0x06E211D4
Class: AkSDEntityFactCrawlSpace                                - Instance: 0x06E21528
Class: AkSDEntityFactDemo                                      - Instance: 0x06E2187C
Class: AkSDEntityFactDrivingChallenge                          - Instance: 0x06E21BD0
Class: AkSDEntityFactInGame                                    - Instance: 0x06E21F24
Class: AkSDEntityFactOverworld                                 - Instance: 0x06E22278
Class: AkSDEntityFactPlayerInCombat                            - Instance: 0x06E225CC
Class: AkSDEntityFactPlayerInVehicle                           - Instance: 0x06E22920
Class: AkSDEntityFactPlayerInVehicleCombat                     - Instance: 0x06E22C74
Class: AkSDEntityFactPlayerVehicleJumping                      - Instance: 0x06E22FC8
Class: AkSDEntityFactQuickDeath                                - Instance: 0x06E2331C
Class: SeqAct_AkAudioHDR                                       - Instance: 0x06E29834
Class: SeqAct_AkMusicParameter                                 - Instance: 0x06E2EC70
Class: SeqAct_AkMusicParameterReset                            - Instance: 0x06E2F014
Class: SeqAct_AkMusicResumeAutoStates                          - Instance: 0x06E2F770
Class: SeqAct_AkMusicState                                     - Instance: 0x06E2FB14
Class: SeqAct_AkMusicSuspendAutoStates                         - Instance: 0x06E2FEB8
Class: SeqAct_AkStartMusic                                     - Instance: 0x06E30D6C
Class: SeqAct_AkStopMusic                                      - Instance: 0x06E31110
Class: SeqAct_AkTargetedLoopingEvent                           - Instance: 0x06E314B4

Processing Package: IpDrv

ScriptStruct: IpAddr                                           - Instance: 0x04B46D74
ScriptStruct: EventUploadConfig                                - Instance: 0x04B5277C
ScriptStruct: OnlineImageDownload                              - Instance: 0x04B5F06C
ScriptStruct: Steam_PriceInfo                                  - Instance: 0x04B613E8
ScriptStruct: RegistryEntry                                    - Instance: 0x04B63240
ScriptStruct: RegistryFolder                                   - Instance: 0x04B6355C
ScriptStruct: CacheActivityEntry                               - Instance: 0x04B63E9C
Enum: ELinkMode                                                - Instance: 0x04B46F64
Enum: EReceiveMode                                             - Instance: 0x04B47368
Enum: ELineMode                                                - Instance: 0x04B473D4
Enum: EEventUploadType                                         - Instance: 0x04B525D8
Enum: EOnlineImageDownloadState                                - Instance: 0x04B5EEC8
Enum: ECacheActivityType                                       - Instance: 0x04B63090
Enum: ECacheActivityStatus                                     - Instance: 0x04B630FC
Enum: ECacheFileStatus                                         - Instance: 0x04B63168
Enum: EQueuePriorityState                                      - Instance: 0x04B631D4
Enum: ETitleFileFileOp                                         - Instance: 0x04B69F58
Class: ClientBeaconAddressResolver                             - Instance: 0x041B2970
Class: InternetLink                                            - Instance: 0x041B2BE0
Class: McpServiceBase                                          - Instance: 0x041B2E50
Class: MCPBase                                                 - Instance: 0x041B30C0
Class: OnlineEventsInterfaceMcp                                - Instance: 0x041B3330
Class: TitleFileDownloadCache                                  - Instance: 0x041B35A0
Class: OnlineSubsystemCommonImpl                               - Instance: 0x041B3A80
Class: OnlineAuthInterfaceImpl                                 - Instance: 0x041B3810
Class: OnlineGameInterfaceImpl                                 - Instance: 0x041B3CF0
Class: ROnlineCustomContentCacheManager                        - Instance: 0x0419C270
Class: TcpipConnection                                         - Instance: 0x0419C4E0
Class: TcpNetDriver                                            - Instance: 0x0419C750
Class: TitleFileCacheEntry                                     - Instance: 0x0419C9C0
Class: McpServiceConfig                                        - Instance: 0x04B48700
Class: OnlineImageDownloaderWeb                                - Instance: 0x04B5EC84

Processing Package: GFxUI

ScriptStruct: SoundThemeBinding                                - Instance: 0x04B2C0D8
ScriptStruct: ASValue                                          - Instance: 0x04B2E744
ScriptStruct: GFxWidgetBinding                                 - Instance: 0x04B2E9AC
ScriptStruct: ExternalTexture                                  - Instance: 0x04B364D0
ScriptStruct: GCReference                                      - Instance: 0x04B3A040
ScriptStruct: ASDisplayInfo                                    - Instance: 0x04B3B7CC
ScriptStruct: ASColorTransform                                 - Instance: 0x04B3C57C
Const: CONST_Version                                           - Instance: 0x04B398EC
Enum: EFlashTextureRescale                                     - Instance: 0x04B2A594
Enum: EPackedTextureResize                                     - Instance: 0x04B2A600
Enum: EASType                                                  - Instance: 0x04B2E80C
Enum: EGFxAlign                                                - Instance: 0x04B3437C
Enum: EGFxScaleMode                                            - Instance: 0x04B343E8
Enum: EGFxTimingMode                                           - Instance: 0x04B35170
Enum: EGFxDPGBias                                              - Instance: 0x04B351DC
Enum: EGFxRenderTextureMode                                    - Instance: 0x04B3632C
Class: GFxEngine                                               - Instance: 0x0419CC30
Class: GFxFSCmdHandler                                         - Instance: 0x0419CEA0
Class: GFxInteraction                                          - Instance: 0x0419D110
Class: GFxMoviePlayer                                          - Instance: 0x0419D380
Class: GFxObject                                               - Instance: 0x0419D860
Class: GFxRawData                                              - Instance: 0x0419DAD0
Class: SwfMovie                                                - Instance: 0x0419DD40
Class: FlashMovie                                              - Instance: 0x0419DFB0
Class: GFxAction_CloseMovie                                    - Instance: 0x0419E220
Class: GFxAction_GetVariable                                   - Instance: 0x0419E490
Class: GFxAction_Invoke                                        - Instance: 0x0419E700
Class: GFxAction_OpenMovie                                     - Instance: 0x0419E970
Class: GFxAction_SetCaptureKeys                                - Instance: 0x0419EBE0
Class: GFxAction_SetVariable                                   - Instance: 0x0419EE50
Class: GFxEvent_FSCommand                                      - Instance: 0x0419F0C0
Class: GFxFSCmdHandler_Kismet                                  - Instance: 0x0419F330

Processing Package: WinDrv

Class: FacebookWindows                                         - Instance: 0x0419F5A0
Class: HttpRequestWindows                                      - Instance: 0x0419F810
Class: HttpResponseWindows                                     - Instance: 0x0419FA80
Class: WindowsClient                                           - Instance: 0x0419FCF0
Class: XnaForceFeedbackManager                                 - Instance: 0x041F4270
Class: HttpRequestWindowsMcp                                   - Instance: 0x04B72978

Processing Package: OnlineSubsystemSteamworks

ScriptStruct: ServerQueryToPingResponseMapping                 - Instance: 0x06E33F50
ScriptStruct: ServerQueryToRulesResponseMapping                - Instance: 0x06E34018
ScriptStruct: FilterKeyToSteamKeyMapping                       - Instance: 0x06E34A84
ScriptStruct: ClientFilterORClause                             - Instance: 0x06E34B4C
ScriptStruct: MatchmakingQueryState                            - Instance: 0x06E34CB0
ScriptStruct: ContentListCache                                 - Instance: 0x06E38084
ScriptStruct: OnlineStatusMapping                              - Instance: 0x06E3ABA4
ScriptStruct: AchievementMappingInfo                           - Instance: 0x06E3B0E0
ScriptStruct: AchievementProgressStat                          - Instance: 0x06E3B8EC
ScriptStruct: QueuedAvatarRequest                              - Instance: 0x06E3BAEC
ScriptStruct: PlayerStat                                       - Instance: 0x06E45D68
ScriptStruct: PendingPlayerStats                               - Instance: 0x06E3C2F8
ScriptStruct: LeaderboardHandle                                - Instance: 0x06E46420
ScriptStruct: LeaderboardTemplate                              - Instance: 0x06E3C4F8
ScriptStruct: DeferredLeaderboardRead                          - Instance: 0x06E3C6F8
ScriptStruct: DeferredLeaderboardWrite                         - Instance: 0x06E3C8F8
ScriptStruct: SteamUserCloud                                   - Instance: 0x06E3E530
ScriptStruct: SteamUserCloudMetadata                           - Instance: 0x06E3E730
ScriptStruct: LocalTalkerSteam                                 - Instance: 0x06E42BB4
Info: Extra padding detected!
Info: Property size 0x5
Info: Min alignment 0x4
Info: Extra padding 0x3
ScriptStruct: DeviceIdCache                                    - Instance: 0x06E42EDC
ScriptStruct: ControllerConnectionState                        - Instance: 0x06E431FC
ScriptStruct: ProfileSettingsCache                             - Instance: 0x06E43E00
ScriptStruct: SteamPlayerClanData                              - Instance: 0x06E45034
ScriptStruct: LeaderboardEntry                                 - Instance: 0x06E47034
Enum: ESteamMatchmakingType                                    - Instance: 0x06E33EE4
Enum: ELeaderboardSortType                                     - Instance: 0x06E37ED4
Enum: ELeaderboardRequestType                                  - Instance: 0x06E37F40
Enum: ELeaderboardFormat                                       - Instance: 0x06E37FAC
Enum: EMuteType                                                - Instance: 0x06E38018
Enum: ELeaderboardUpdateType                                   - Instance: 0x06E3814C
Class: DownloadableContentEnumeratorSteamworks                 - Instance: 0x041F44E0
Class: OnlineAuthInterfaceSteamworks                           - Instance: 0x041F4750
Class: OnlineGameInterfaceSteamworks                           - Instance: 0x041F49C0
Class: OnlineLobbyInterfaceSteamworks                          - Instance: 0x041F4C30
Class: OnlineSubsystemSteamworks                               - Instance: 0x041F4EA0
Class: IpNetDriverSteamworks                                   - Instance: 0x041F5110
Class: IpNetConnectionSteamworks                               - Instance: 0x041F5380

Processing Package: BmGame

ScriptStruct: PossibleSpot                                     - Instance: 0x04B7B968
ScriptStruct: PossibleSpotIndexAndNavHandle                    - Instance: 0x04B7BF68
ScriptStruct: PathfindingController                            - Instance: 0x04B7BB68
ScriptStruct: AttractedThugData                                - Instance: 0x04B7BD68
ScriptStruct: BarkFlag                                         - Instance: 0x04B89D94
ScriptStruct: WatcherSearch                                    - Instance: 0x04B8C37C
ScriptStruct: ExitPointPair                                    - Instance: 0x04B8F14C
ScriptStruct: FullyCustomAdditiveAnimConfig                    - Instance: 0x04BA43B8
ScriptStruct: CustomAdditiveAnimConfig                         - Instance: 0x04BA4480
ScriptStruct: Weight                                           - Instance: 0x04BA50A8
ScriptStruct: AdditiveAnimConfig                               - Instance: 0x04BA488C
ScriptStruct: CustomAnimConfig                                 - Instance: 0x04BA4CE8
ScriptStruct: AnimConfig                                       - Instance: 0x04BA5204
ScriptStruct: Transition                                       - Instance: 0x04BA5F34
ScriptStruct: OverlayDescription                               - Instance: 0x04BA7C88
ScriptStruct: MovementAnim                                     - Instance: 0x04BA8224
ScriptStruct: StrafeMovementAnim                               - Instance: 0x04BA87C0
ScriptStruct: Movement                                         - Instance: 0x04BA7D50
ScriptStruct: AdditiveDescription                              - Instance: 0x04BA8FC8
ScriptStruct: RandomIdleOverlays                               - Instance: 0x04BA9254
ScriptStruct: ChaserConfig                                     - Instance: 0x04BA9618
ScriptStruct: AimingTransitionTiming                           - Instance: 0x04BA9B38
ScriptStruct: FloorMovementCorrectionConfig                    - Instance: 0x04BAA054
ScriptStruct: FloorCorrectionConfig                            - Instance: 0x04BA9F8C
ScriptStruct: Pose                                             - Instance: 0x04BA6FC4
ScriptStruct: AimingTransitionTimingOverride                   - Instance: 0x04BA79EC
ScriptStruct: TurnConfig                                       - Instance: 0x04BA96E0
ScriptStruct: VisibilityResult                                 - Instance: 0x04BAA254
ScriptStruct: PoseEditorFrame                                  - Instance: 0x04BAAAB8
ScriptStruct: ActionFacingState                                - Instance: 0x04BAC49C
ScriptStruct: YawPitch                                         - Instance: 0x04BBD1B0
ScriptStruct: AimAtTransition                                  - Instance: 0x04BAEA70
ScriptStruct: AimAtSample                                      - Instance: 0x04BBCC8C
ScriptStruct: AimAtState                                       - Instance: 0x04BAE314
ScriptStruct: TransitionId                                     - Instance: 0x04BB1974
ScriptStruct: IdleSlavedToDescription                          - Instance: 0x04BB2AB8
ScriptStruct: AnimSetToAnimSet                                 - Instance: 0x04BB2E1C
ScriptStruct: BeginEverythingSlavedToDescription               - Instance: 0x04BB2D54
ScriptStruct: EndEverythingSlavedToDescription                 - Instance: 0x04BB248C
ScriptStruct: StanceChangePoseInput                            - Instance: 0x04BB23C4
ScriptStruct: ResolvedAnimConfig                               - Instance: 0x04BB3F94
ScriptStruct: ResolvedMovementAnim                             - Instance: 0x04BB3CCC
ScriptStruct: ResolvedMovementAnimSpeed                        - Instance: 0x04BB3A30
ScriptStruct: ResolvedMovementAnims                            - Instance: 0x04BB3968
ScriptStruct: IdleAnim                                         - Instance: 0x04BB21C4
ScriptStruct: ResolvedAdditiveAnimConfig                       - Instance: 0x04BB4F60
ScriptStruct: StanceChangePose                                 - Instance: 0x04BB20FC
ScriptStruct: StanceChangePreviousPoseInput                    - Instance: 0x04BB55C0
ScriptStruct: StanceChangePreviousPose                         - Instance: 0x04BB53C0
ScriptStruct: SlavedToTransitionDescription                    - Instance: 0x04BB5E14
ScriptStruct: AutomaticTransitionInstance                      - Instance: 0x04BB1A3C
Info: Extra padding detected!
Info: Property size 0x31
Info: Min alignment 0x4
Info: Extra padding 0x3
ScriptStruct: StanceChangeTransitionInput                      - Instance: 0x04BB5D4C
ScriptStruct: MeetingPoints                                    - Instance: 0x04BB8120
ScriptStruct: StanceChangeTransition                           - Instance: 0x04BB5B4C
ScriptStruct: NormalizedTimeSpan                               - Instance: 0x04BB9240
ScriptStruct: RelativeTarget                                   - Instance: 0x04BB81E8
Info: Extra padding detected!
Info: Property size 0x29
Info: Min alignment 0x4
Info: Extra padding 0x3
ScriptStruct: DirectionalAnimState                             - Instance: 0x04BB9944
ScriptStruct: AdditiveState                                    - Instance: 0x04BB9DD8
ScriptStruct: AdditiveStates                                   - Instance: 0x04BB4CC8
ScriptStruct: IdleState                                        - Instance: 0x04BBA2D0
ScriptStruct: AdditiveIdleState                                - Instance: 0x04BBA958
ScriptStruct: RandomOverlayAnimState                           - Instance: 0x04BBACFC
ScriptStruct: RandomOverlayAnim                                - Instance: 0x04BBAE60
ScriptStruct: RandomOverlayState                               - Instance: 0x04BBA398
ScriptStruct: StanceChangeMatineeAnim                          - Instance: 0x04BBB3E0
ScriptStruct: StanceChangeMatinee                              - Instance: 0x04BB1EFC
ScriptStruct: StanceChange                                     - Instance: 0x04BB1E34
ScriptStruct: AnimTarget                                       - Instance: 0x04BAE714
ScriptStruct: MoveToRequest                                    - Instance: 0x04BBBC88
Info: Extra padding detected!
Info: Property size 0x35
Info: Min alignment 0x4
Info: Extra padding 0x3
ScriptStruct: FaceAtRequest                                    - Instance: 0x04BBC494
ScriptStruct: AimAtRequest                                     - Instance: 0x04BAE870
ScriptStruct: LookAtRequest                                    - Instance: 0x04BBC55C
ScriptStruct: MoveToTransition                                 - Instance: 0x04BBDD44
ScriptStruct: MoveToState                                      - Instance: 0x04BB3D94
ScriptStruct: StanceChangeQueue                                - Instance: 0x04BBED74
ScriptStruct: PosePlayer                                       - Instance: 0x04BAE478
Info: Extra padding detected!
Info: Property size 0x19E
Info: Min alignment 0x4
Info: Extra padding 0x2
ScriptStruct: PendingQueuedTransitionCallback                  - Instance: 0x04BB1B98
ScriptStruct: AngleRange                                       - Instance: 0x04BB4B64
ScriptStruct: CyclePhase                                       - Instance: 0x04CA6D08
ScriptStruct: CycleTime                                        - Instance: 0x04BB9AA8
ScriptStruct: ProportionalMotion                               - Instance: 0x04BBA6C4
ScriptStruct: AimAtChange                                      - Instance: 0x04BBCE8C
ScriptStruct: NotifyAnim                                       - Instance: 0x04BBD278
ScriptStruct: MoveToChange                                     - Instance: 0x04BBDE0C
ScriptStruct: PoseDescription                                  - Instance: 0x04BC31C0
ScriptStruct: PersistentThought                                - Instance: 0x04BCA6BC
ScriptStruct: RegisteredThoughtActor                           - Instance: 0x04BC968C
ScriptStruct: PendingPersistentThought                         - Instance: 0x04BC988C
ScriptStruct: DeferredSetTickIsDisabled                        - Instance: 0x04BC9A8C
ScriptStruct: ContentBeacon                                    - Instance: 0x04BCEE50
ScriptStruct: PositionBeaconData                               - Instance: 0x04BCF134
ScriptStruct: ShowcaseItem                                     - Instance: 0x04BCF4F0
ScriptStruct: LevelTransitionOffset                            - Instance: 0x04BCF624
ScriptStruct: StoryDLCItem                                     - Instance: 0x04BCF89C
ScriptStruct: VehicleInitInfo                                  - Instance: 0x04BCFC58
ScriptStruct: WBPlayRewardInfo                                 - Instance: 0x04BCFD8C
ScriptStruct: BoneToHide                                       - Instance: 0x04BD0064
ScriptStruct: VisualDamageEffect                               - Instance: 0x04BD0264
ScriptStruct: LocationHistoryInfo                              - Instance: 0x04BD4FA0
ScriptStruct: RoadNetworkSpan                                  - Instance: 0x04BD533C
ScriptStruct: RacingLineSeg                                    - Instance: 0x04BD553C
Info: Extra padding detected!
Info: Property size 0xE
Info: Min alignment 0x4
Info: Extra padding 0x2
ScriptStruct: RoadNetworkTightArea                             - Instance: 0x04BD5B60
ScriptStruct: BreadCrumb                                       - Instance: 0x04BD6064
ScriptStruct: VehicleLight                                     - Instance: 0x04BD84E4
ScriptStruct: RoadObstacleTypes                                - Instance: 0x04BD9994
ScriptStruct: OneWayLink                                       - Instance: 0x04BE013C
ScriptStruct: CostScaleSphere                                  - Instance: 0x04BDF074
ScriptStruct: RoadRouteRestriction                             - Instance: 0x04BDEFAC
Info: Extra padding detected!
Info: Property size 0xA5
Info: Min alignment 0x4
Info: Extra padding 0x3
ScriptStruct: RoadNetworkJunction                              - Instance: 0x04BE3228
ScriptStruct: RoadNetworkPoint                                 - Instance: 0x04BEC708
ScriptStruct: LaneInfo                                         - Instance: 0x04BED608
ScriptStruct: RoadNetworkLane                                  - Instance: 0x04BED184
ScriptStruct: RoadNetworkLink                                  - Instance: 0x04BED384
ScriptStruct: FloatingDamageNumber                             - Instance: 0x04BF9894
ScriptStruct: TutorialInfo                                     - Instance: 0x04BFCB84
ScriptStruct: TutorialInfoNew                                  - Instance: 0x04BFCD84
ScriptStruct: EvidenceTrail                                    - Instance: 0x04BFDD7C
ScriptStruct: MostWanted_IconData                              - Instance: 0x04C06FF0
ScriptStruct: MostWanted_Data                                  - Instance: 0x04BFDF7C
ScriptStruct: SideStoryMapIconEntry                            - Instance: 0x04BFE2AC
Info: Extra padding detected!
Info: Property size 0x1A
Info: Min alignment 0x4
Info: Extra padding 0x2
ScriptStruct: VehicleScenarioInfo                              - Instance: 0x04C08D68
Info: Extra padding detected!
Info: Property size 0x1F
Info: Min alignment 0x4
Info: Extra padding 0x1
ScriptStruct: OverrideThreatLevelInfo                          - Instance: 0x04C08938
ScriptStruct: RandomPopulationDefine                           - Instance: 0x04BFE4AC
ScriptStruct: APCSideStoryInfo                                 - Instance: 0x04BFEC54
ScriptStruct: BatmobilePassengerSave                           - Instance: 0x04BFF840
Info: Extra padding detected!
Info: Property size 0x51
Info: Min alignment 0x4
Info: Extra padding 0x3
ScriptStruct: BatmobileDriveTutorialSection                    - Instance: 0x04C01618
ScriptStruct: MapElementsItem                                  - Instance: 0x04C1A090
Info: Extra padding detected!
Info: Property size 0x63
Info: Min alignment 0x4
Info: Extra padding 0x1
ScriptStruct: EnvironmentSpecialMoveLocator                    - Instance: 0x04C1AC98
ScriptStruct: PlayerEdgeColl                                   - Instance: 0x04C1B108
ScriptStruct: CoverDescriptor                                  - Instance: 0x04C1B948
ScriptStruct: EnvironmentSpecialMoveTypesContainer             - Instance: 0x04C1D2A0
ScriptStruct: TauntPosition                                    - Instance: 0x04C1F130
ScriptStruct: GuardVolAssignmentTracker                        - Instance: 0x04C1F4EC
ScriptStruct: DLCAdditionalLevel                               - Instance: 0x04C1FA88
ScriptStruct: StreamingTransitionInfo                          - Instance: 0x04C25CD0
ScriptStruct: StreamingLevelInfo                               - Instance: 0x04C20290
ScriptStruct: StreamingPMapInfo                                - Instance: 0x04C205C8
ScriptStruct: LoadedPlayerCharacter                            - Instance: 0x04C219DC
ScriptStruct: LoadedPlayerBatmobile                            - Instance: 0x04C22088
ScriptStruct: StreamingLOD2Info                                - Instance: 0x04C232D8
ScriptStruct: SoundSurface                                     - Instance: 0x04C254E0
ScriptStruct: BorderInfo                                       - Instance: 0x04C25AD0
ScriptStruct: DebugSaveDescription                             - Instance: 0x04C27C14
ScriptStruct: TauntContextInfo                                 - Instance: 0x04C28940
ScriptStruct: TauntAnimInfo                                    - Instance: 0x04C29094
ScriptStruct: TauntBatmobileInfo                               - Instance: 0x04C295F4
ScriptStruct: LevelVolumeDesc                                  - Instance: 0x04C3C438
Info: Extra padding detected!
Info: Property size 0x61
Info: Min alignment 0x10
Info: Extra padding 0xF
ScriptStruct: ChallengeMatch                                   - Instance: 0x04C61054
ScriptStruct: LeaderboardCached                                - Instance: 0x04C61254
ScriptStruct: BeatenMsg                                        - Instance: 0x04C61454
ScriptStruct: CountsByCharacter                                - Instance: 0x04C616C0
ScriptStruct: GargToPoints                                     - Instance: 0x04C656FC
ScriptStruct: TakedownGroup                                    - Instance: 0x04C67A38
ScriptStruct: PredatorXPInfo                                   - Instance: 0x04C6AE50
ScriptStruct: LocationToAvoidMining                            - Instance: 0x04C6F17C
Info: Extra padding detected!
Info: Property size 0x11
Info: Min alignment 0x4
Info: Extra padding 0x3
ScriptStruct: AIAwarenessState                                 - Instance: 0x04C77340
ScriptStruct: ControllerInfo                                   - Instance: 0x04C8A864
ScriptStruct: CombatXPInfo                                     - Instance: 0x04C94A78
ScriptStruct: BodyPartMadObj                                   - Instance: 0x04C98D98
Info: Extra padding detected!
Info: Property size 0x9
Info: Min alignment 0x4
Info: Extra padding 0x3
ScriptStruct: HistoryInfo                                      - Instance: 0x04C990D0
ScriptStruct: SeqActFaceFXRegister                             - Instance: 0x04CA0954
ScriptStruct: RagdollParts                                     - Instance: 0x04CA49EC
ScriptStruct: RagdollIndices                                   - Instance: 0x04CA51D4
ScriptStruct: RotationTranslation                              - Instance: 0x04CA60DC
Info: Extra padding detected!
Info: Property size 0x1C
Info: Min alignment 0x10
Info: Extra padding 0x4
ScriptStruct: Chaser                                           - Instance: 0x04CA67B4
ScriptStruct: SoundTracking                                    - Instance: 0x04CA7354
ScriptStruct: CustomIdleConfig                                 - Instance: 0x04CA75E0
ScriptStruct: OneShotMovementCycle                             - Instance: 0x04CA7714
ScriptStruct: MovementPlayer                                   - Instance: 0x04CA7ED4
ScriptStruct: AnimAccumulatorInputAnim                         - Instance: 0x04CA8A8C
Info: Extra padding detected!
Info: Property size 0x74
Info: Min alignment 0x10
Info: Extra padding 0xC
ScriptStruct: AnimAccumulatorInputAdditiveAnim                 - Instance: 0x04CA956C
Info: Extra padding detected!
Info: Property size 0x5C
Info: Min alignment 0x10
Info: Extra padding 0x4
ScriptStruct: AnimAccumulatorInputPartialAnim                  - Instance: 0x04CA875C
Info: Extra padding detected!
Info: Property size 0x26
Info: Min alignment 0x4
Info: Extra padding 0x2
ScriptStruct: AnimAccumulatorInputLayer                        - Instance: 0x04CA8694
ScriptStruct: AnimAccumulatorInputLayerStack                   - Instance: 0x04CAA714
ScriptStruct: AnimAccumulatorInputPose                         - Instance: 0x04CAA64C
ScriptStruct: AnimAccumulatorInputSlavedPoses                  - Instance: 0x04CA8494
ScriptStruct: AnimAccumulatorInput                             - Instance: 0x04CA83CC
ScriptStruct: BodyWeight                                       - Instance: 0x04CAB3E4
ScriptStruct: AnimAccumulatorWeightedAnim                      - Instance: 0x04CAB31C
ScriptStruct: AnimAccumulatorWeightedUpperBodyAnim             - Instance: 0x04CAB854
ScriptStruct: AnimAccumulatorWeightedAdditiveAnim              - Instance: 0x04CAB080
ScriptStruct: AnimAccumulatorIntermediate                      - Instance: 0x04CAAFB8
ScriptStruct: AnimAccumulatorMotionAnim                        - Instance: 0x04CABE20
Info: Extra padding detected!
Info: Property size 0x54
Info: Min alignment 0x10
Info: Extra padding 0xC
ScriptStruct: AnimAccumulatorMotion                            - Instance: 0x04CABD58
ScriptStruct: AnimAccumulatorOutputNotifyAnims                 - Instance: 0x04CAC020
ScriptStruct: AnimAccumulatorSkeleton                          - Instance: 0x04CACBBC
ScriptStruct: IntArray                                         - Instance: 0x04CAD058
ScriptStruct: AnimAccumulatorSkeletonConstants                 - Instance: 0x04CACC84
ScriptStruct: AimingBoneConstants                              - Instance: 0x04CAE16C
ScriptStruct: AimingGroupBone                                  - Instance: 0x04CAE864
ScriptStruct: AimingGroupConstants                             - Instance: 0x04CADED0
ScriptStruct: AimingReferenceBoneIndexChains                   - Instance: 0x04CAE234
ScriptStruct: AimingOutput                                     - Instance: 0x04CADE08
ScriptStruct: AnimAccumulatorCachedOutput                      - Instance: 0x04CAF360
ScriptStruct: AnimAccumulatorOutput                            - Instance: 0x04CAF428
ScriptStruct: RagdollConstants                                 - Instance: 0x04CB50D0
ScriptStruct: CustomTransitionConfig                           - Instance: 0x04CB8188
ScriptStruct: ProceduralMovement                               - Instance: 0x04CBA514
ScriptStruct: MovementOutput                                   - Instance: 0x04CBAB34
Info: Extra padding detected!
Info: Property size 0x78
Info: Min alignment 0x10
Info: Extra padding 0x8
ScriptStruct: PlayingOverlayState                              - Instance: 0x04CBB28C
ScriptStruct: OverlayId                                        - Instance: 0x04CBB51C
ScriptStruct: PlayingOverlay                                   - Instance: 0x04CBB5E4
ScriptStruct: OverlayPlayer                                    - Instance: 0x04CBB9A8
Info: Extra padding detected!
Info: Property size 0x19
Info: Min alignment 0x4
Info: Extra padding 0x3
ScriptStruct: PlayingAdditiveOverlay                           - Instance: 0x04CBBD6C
ScriptStruct: AdditiveOverlayPlayer                            - Instance: 0x04CBC09C
ScriptStruct: PlayingGlobalAdditiveOverlay                     - Instance: 0x04CBC3C4
ScriptStruct: GlobalAdditiveOverlayPlayer                      - Instance: 0x04CBC658
ScriptStruct: AnimAccumulator                                  - Instance: 0x04CBC980
Info: Extra padding detected!
Info: Property size 0x58
Info: Min alignment 0x10
Info: Extra padding 0x8
ScriptStruct: GlobalAdditiveAnimState                          - Instance: 0x04CBCF28
ScriptStruct: GlobalGundummyAnimState                          - Instance: 0x04CBD324
ScriptStruct: BreathingState                                   - Instance: 0x04CBD5B8
ScriptStruct: CurveFloat                                       - Instance: 0x04CBFC3C
ScriptStruct: CurveFloatState                                  - Instance: 0x04CBDBFC
ScriptStruct: EditorNonsense                                   - Instance: 0x04CBE378
ScriptStruct: PreviousPoseDescription                          - Instance: 0x04CBF6B0
ScriptStruct: RagdollNavMeshCollisionTrackingInfo              - Instance: 0x04CC1578
ScriptStruct: TweakFaceFXRegister                              - Instance: 0x04CC1778
ScriptStruct: WrithePhaseDesc                                  - Instance: 0x04CDE148
ScriptStruct: WritheDescription                                - Instance: 0x04CDE46C
ScriptStruct: DamageInfo                                       - Instance: 0x04CDECA8
ScriptStruct: MatOverrides                                     - Instance: 0x04CFD780
ScriptStruct: MainMeshArray                                    - Instance: 0x04CF8B7C
ScriptStruct: PerMeshMatOverride                               - Instance: 0x04CF8D7C
ScriptStruct: MultiStaticProp                                  - Instance: 0x04CFC4D8
ScriptStruct: CharacterStaticPropsDef                          - Instance: 0x04CF8F7C
ScriptStruct: MultiSkeletonProp                                - Instance: 0x04CFBFC4
ScriptStruct: CharacterSkeletalPropsDef                        - Instance: 0x04CF917C
ScriptStruct: AlwaysOnParticlesDef                             - Instance: 0x04CF94AC
ScriptStruct: BoneTrackingCharDefine                           - Instance: 0x04CF9C54
ScriptStruct: CharacterStaticProps                             - Instance: 0x04D00B78
ScriptStruct: CharacterSkeletalProps                           - Instance: 0x04D00D78
ScriptStruct: GameActionToAAITakedownMapping                   - Instance: 0x04D151A4
Info: Extra padding detected!
Info: Property size 0x11
Info: Min alignment 0x4
Info: Extra padding 0x3
ScriptStruct: CombatAndSpOptions                               - Instance: 0x04D20D10
ScriptStruct: HighlightedMesh                                  - Instance: 0x04D297EC
ScriptStruct: GlideGadgetTargetContainer                       - Instance: 0x04D29C5C
ScriptStruct: BatmobileWeaponWarning                           - Instance: 0x04D682C0
ScriptStruct: BatmobileWeaponWarningContainer                  - Instance: 0x04D4E85C
ScriptStruct: BMAdvancedScreenShakeStruct                      - Instance: 0x04D4EB94
ScriptStruct: BMScreenShakeStruct                              - Instance: 0x04D4F108
ScriptStruct: BatmobilePassengerNoise                          - Instance: 0x04D500C4
ScriptStruct: BatmobileOnFireInfo                              - Instance: 0x04D50524
ScriptStruct: BatmobilePassenger                               - Instance: 0x04D537B8
ScriptStruct: QueuedVehicleImpactDamage                        - Instance: 0x04D55238
ScriptStruct: OffScreenThreat                                  - Instance: 0x04D58738
ScriptStruct: SpawnedVehicleInstance                           - Instance: 0x04D776A4
ScriptStruct: RWindState                                       - Instance: 0x04D8B668
ScriptStruct: CarCustomisationMaterialParam                    - Instance: 0x04D97614
ScriptStruct: CarCustomisationObject                           - Instance: 0x04D9754C
ScriptStruct: SpawnedVehicleEnemyDesc                          - Instance: 0x04D98AF8
ScriptStruct: WalkerWeaponContainer                            - Instance: 0x04D99558
ScriptStruct: VehicleVisionCone                                - Instance: 0x04DA80E4
ScriptStruct: VehicleVisionSet                                 - Instance: 0x04D9A568
ScriptStruct: VehiclePassengerIdleInfo                         - Instance: 0x04DA5F30
ScriptStruct: EnterVehicleAnimInfo                             - Instance: 0x04DA661C
ScriptStruct: ExitVehicleAnimationInfo                         - Instance: 0x04DA7638
ScriptStruct: ExitVehicleSlotInfo                              - Instance: 0x04DA64B8
ScriptStruct: VehiclePassenger                                 - Instance: 0x04D9A934
ScriptStruct: DroneBarkTimer                                   - Instance: 0x04DD4008
ScriptStruct: VehicleEnemyAttacksContainer                     - Instance: 0x04DD4208
ScriptStruct: VehicleEnemyContainer                            - Instance: 0x04DD4844
ScriptStruct: AttackSector                                     - Instance: 0x04DD98C0
ScriptStruct: TempEnemyContainer                               - Instance: 0x04DD93D4
ScriptStruct: AttackTarget                                     - Instance: 0x04DD4A44
ScriptStruct: TankStrafeBehaviourContainer                     - Instance: 0x04DD4D7C
ScriptStruct: RagdollState                                     - Instance: 0x04DEE360
ScriptStruct: RagdollTransition                                - Instance: 0x0539A0C0
ScriptStruct: RagdollStack                                     - Instance: 0x04DEE4BC
ScriptStruct: CachedAnimset                                    - Instance: 0x04DF5608
ScriptStruct: WeaponConfigRef                                  - Instance: 0x04DF573C
ScriptStruct: DynamicallyLoadedAnimsetDef                      - Instance: 0x04DFF5FC
Info: Extra padding detected!
Info: Property size 0x19
Info: Min alignment 0x4
Info: Extra padding 0x3
ScriptStruct: PairedAnimsetPackageDef                          - Instance: 0x04DF75CC
ScriptStruct: DifficultyProgressionDefine                      - Instance: 0x04DF7904
ScriptStruct: CachedTauntAnims                                 - Instance: 0x04DF7EA4
ScriptStruct: CachedStepAnims                                  - Instance: 0x04DF80A4
ScriptStruct: CachedIdleStances                                - Instance: 0x04DF82A4
ScriptStruct: CombatantInfo                                    - Instance: 0x04DF84A4
ScriptStruct: AffectPlayerVolumeInfo                           - Instance: 0x04E10BFC
ScriptStruct: HelpLine                                         - Instance: 0x04E2BAC0
ScriptStruct: SoftPawnInfo                                     - Instance: 0x04E2F1DC
ScriptStruct: InitCharacterDescription                         - Instance: 0x04E2FB88
ScriptStruct: AlwaysOnParticles                                - Instance: 0x04E30094
ScriptStruct: PathFailItem                                     - Instance: 0x04E303C4
ScriptStruct: grateVisInfo                                     - Instance: 0x04E305C4
ScriptStruct: ValidNavMeshPoly                                 - Instance: 0x04E3195C
ScriptStruct: BodyLocationDirtState                            - Instance: 0x04E376A4
ScriptStruct: BodyDirtState                                    - Instance: 0x04E375DC
ScriptStruct: StartStateDebugInfo                              - Instance: 0x04E533AC
ScriptStruct: HallucinationAppearanceHistory                   - Instance: 0x04E75458
ScriptStruct: KeyMap                                           - Instance: 0x04E78270
ScriptStruct: LevelStartDefinition                             - Instance: 0x04E786E0
ScriptStruct: HelicopterPointOfInterest                        - Instance: 0x04E79008
Info: Extra padding detected!
Info: Property size 0x9
Info: Min alignment 0x4
Info: Extra padding 0x3
ScriptStruct: ConceptItem                                      - Instance: 0x04E79E38
ScriptStruct: ShowcaseCamera                                   - Instance: 0x04E7A038
ScriptStruct: UpgradeHeader                                    - Instance: 0x04E7A370
ScriptStruct: UpgradeItem                                      - Instance: 0x04E7A570
ScriptStruct: RiddlerPuzzlePrize                               - Instance: 0x04E8AE70
ScriptStruct: RiddlerPuzzlePiece                               - Instance: 0x04E8B068
ScriptStruct: RiddlerPuzzle                                    - Instance: 0x04E7AB10
Info: Extra padding detected!
Info: Property size 0x29
Info: Min alignment 0x4
Info: Extra padding 0x3
ScriptStruct: FilteredVehicleExclusionVolume                   - Instance: 0x04E7B6D0
ScriptStruct: VehiclePassengerSpawnInfo                        - Instance: 0x04E7CAC0
ScriptStruct: VehicleScenarioSpawnInfo                         - Instance: 0x04E7CCC0
ScriptStruct: ChallengeDesc                                    - Instance: 0x04E7D4D8
Info: Extra padding detected!
Info: Property size 0x71
Info: Min alignment 0x4
Info: Extra padding 0x3
ScriptStruct: MostWantedSetup                                  - Instance: 0x04E7D6D8
ScriptStruct: LevelVolumeBsp                                   - Instance: 0x04E7D974
Info: Extra padding detected!
Info: Property size 0x18
Info: Min alignment 0x10
Info: Extra padding 0x8
ScriptStruct: LevelTransitionDesc                              - Instance: 0x04E7DB74
ScriptStruct: MapHackOWLoc                                     - Instance: 0x04E7DD74
ScriptStruct: MapElements                                      - Instance: 0x04E7DF74
ScriptStruct: ConversationActivationTime                       - Instance: 0x04E7EBC0
ScriptStruct: ChallengeCharacterId                             - Instance: 0x04E7F630
ScriptStruct: RequiredChaptersByChallengeId                    - Instance: 0x04E7F830
ScriptStruct: RWindConfig                                      - Instance: 0x04E8214C
ScriptStruct: ResolutionOption                                 - Instance: 0x04E87758
ScriptStruct: MovementControllerHistory                        - Instance: 0x04E8CAC0
ScriptStruct: RBasicWindConfig                                 - Instance: 0x04E8CD4C
ScriptStruct: MapCampaignEntry                                 - Instance: 0x04E8E4C8
ScriptStruct: IndexDistItem                                    - Instance: 0x04E90EFC
ScriptStruct: VillainAttackInfo                                - Instance: 0x04E91B74
ScriptStruct: DofStruct                                        - Instance: 0x04E92228
ScriptStruct: BarkSetName                                      - Instance: 0x053D3584
ScriptStruct: DynamicSetContainer                              - Instance: 0x04EA3094
ScriptStruct: RiddlerGridCategory                              - Instance: 0x04EB4500
ScriptStruct: RiddlerGridPuzzle                                - Instance: 0x04EB4D44
ScriptStruct: SpawnedScenario                                  - Instance: 0x04EC3838
ScriptStruct: ScenarioPassengerDesc                            - Instance: 0x04EC3EE4
ScriptStruct: ScenarioVehicleDesc                              - Instance: 0x04EC4048
ScriptStruct: AllowedMovementTypes                             - Instance: 0x04EDF2F0
ScriptStruct: ThrowInfo                                        - Instance: 0x04EE2E30
ScriptStruct: SimultaneousCounterInfo                          - Instance: 0x04EE303C
ScriptStruct: StrikeTargetInfo                                 - Instance: 0x04EE3320
ScriptStruct: InterrogationAnimations                          - Instance: 0x04EE4170
ScriptStruct: BM2IdleSet                                       - Instance: 0x04EE4B08
ScriptStruct: RandomAnimation                                  - Instance: 0x04EE52A8
ScriptStruct: RandomAnimationData                              - Instance: 0x04EE55C8
ScriptStruct: DialogueAnimationSets                            - Instance: 0x04EE4908
ScriptStruct: EventAnimationData                               - Instance: 0x04EE4EF0
ScriptStruct: StartledAnimationData                            - Instance: 0x04EE58F0
ScriptStruct: AnimationSets                                    - Instance: 0x04EE4C6C
ScriptStruct: StrikeInfo                                       - Instance: 0x04EE6788
ScriptStruct: CounterInfo                                      - Instance: 0x04EE6B5C
ScriptStruct: TakedownInfo                                     - Instance: 0x04EE6E94
ScriptStruct: WeaponDestroyInfo                                - Instance: 0x04EE71CC
ScriptStruct: WeaponSnatchInfo                                 - Instance: 0x04EE73CC
Info: Extra padding detected!
Info: Property size 0x21
Info: Min alignment 0x4
Info: Extra padding 0x3
ScriptStruct: DualStrikeType                                   - Instance: 0x04EE75CC
ScriptStruct: DualStrikeInfo                                   - Instance: 0x04EE77CC
ScriptStruct: BeatdownInfo                                     - Instance: 0x04EFF910
ScriptStruct: LookAtDirection                                  - Instance: 0x04F40A60
ScriptStruct: FakeWall                                         - Instance: 0x04F42D60
ScriptStruct: GrapplePointOctreeObject                         - Instance: 0x04F4532C
ScriptStruct: GrapplePointInfo                                 - Instance: 0x04F45908
ScriptStruct: CeilingClimbPoint                                - Instance: 0x04F49690
ScriptStruct: CapeStateChangeData                              - Instance: 0x04F499E0
ScriptStruct: WireBounceUpdater                                - Instance: 0x04F57D60
ScriptStruct: RailingInfo                                      - Instance: 0x04F5A0B0
Info: Extra padding detected!
Info: Property size 0x19
Info: Min alignment 0x4
Info: Extra padding 0x3
ScriptStruct: HairAndCowlState                                 - Instance: 0x04F5A178
ScriptStruct: PlayerTakedownInfo                               - Instance: 0x04F5A888
ScriptStruct: EnemyPosition                                    - Instance: 0x04FAED78
ScriptStruct: RegisteredPairedAnimsetInfo                      - Instance: 0x04FAF14C
ScriptStruct: PotentialLookAtPoint                             - Instance: 0x04FBB3D8
ScriptStruct: VoicePawnRef                                     - Instance: 0x04FFC478
ScriptStruct: VoiceUsage                                       - Instance: 0x04FFE240
ScriptStruct: VoiceWeightingInfo                               - Instance: 0x04FFC5D8
ScriptStruct: GBFSNode                                         - Instance: 0x04FFD0E4
ScriptStruct: VoiceCountData                                   - Instance: 0x04FFD380
ScriptStruct: WeightedSpeaker                                  - Instance: 0x04FFD614
ScriptStruct: LiveAssignRawState                               - Instance: 0x04FFD80C
ScriptStruct: LiveAssignEndState                               - Instance: 0x04FFDBE0
ScriptStruct: BarkAssignmentSearchNode                         - Instance: 0x04FFDDE0
ScriptStruct: AttackAndCounterInfo                             - Instance: 0x0501DF54
ScriptStruct: VillainInfo                                      - Instance: 0x05052364
ScriptStruct: UnlockedChallengePerCharacter                    - Instance: 0x05077D2C
ScriptStruct: UnlockedChallenge                                - Instance: 0x05076C18
ScriptStruct: DeathMovieRecord                                 - Instance: 0x05076E18
ScriptStruct: ActivePlayerSkin                                 - Instance: 0x05077148
ScriptStruct: StoredKeyMap                                     - Instance: 0x05079874
Info: Extra padding detected!
Info: Property size 0x26
Info: Min alignment 0x4
Info: Extra padding 0x2
ScriptStruct: MenuState                                        - Instance: 0x05091DD0
ScriptStruct: PlayableCharacterItem                            - Instance: 0x0509AA60
ScriptStruct: NetworkStatus_Data                               - Instance: 0x050A7B74
Info: Extra padding detected!
Info: Property size 0x61
Info: Min alignment 0x4
Info: Extra padding 0x3
ScriptStruct: EmailForm_PreData                                - Instance: 0x050A7CD8
ScriptStruct: GenericOverlay_Data                              - Instance: 0x050A7E3C
ScriptStruct: SubroutineDefinition                             - Instance: 0x050AADB8
ScriptStruct: BatgirlSecondaryTargetData                       - Instance: 0x050B601C
ScriptStruct: InfoEntry                                        - Instance: 0x050B9938
ScriptStruct: CantJumpOffArc                                   - Instance: 0x050BF56C
ScriptStruct: HideLink                                         - Instance: 0x050C02E4
ScriptStruct: GrapplePointContainer                            - Instance: 0x050CC6BC
ScriptStruct: GrappleDodgeAnim                                 - Instance: 0x050CC8BC
ScriptStruct: HidePointInfo                                    - Instance: 0x050D4034
ScriptStruct: AvailableVantagePoints                           - Instance: 0x050CEE40
ScriptStruct: GrappleConeDefinition                            - Instance: 0x050D4A84
ScriptStruct: BatarangThrowDirection                           - Instance: 0x050F59B4
ScriptStruct: BatarangThrowDirectionsContainer                 - Instance: 0x050F2E54
ScriptStruct: CapeChangeData                                   - Instance: 0x05113AB0
ScriptStruct: WhipTrailData                                    - Instance: 0x0512CFCC
ScriptStruct: WallLandPoint                                    - Instance: 0x0591BC50
ScriptStruct: WallClimbPath                                    - Instance: 0x05131130
ScriptStruct: SwingParameters                                  - Instance: 0x0591D554
ScriptStruct: WallClimbInfo                                    - Instance: 0x05131290
ScriptStruct: RhStickBouncePoint                               - Instance: 0x05146374
ScriptStruct: ComboMoveInfo                                    - Instance: 0x05172D50
ScriptStruct: UserData                                         - Instance: 0x051AB0EC
ScriptStruct: CameraOverlayLayer                               - Instance: 0x051AE670
Info: Extra padding detected!
Info: Property size 0xA8
Info: Min alignment 0x10
Info: Extra padding 0x8
ScriptStruct: CameraLookAtSpeedDescriptor                      - Instance: 0x051B39C4
ScriptStruct: FreeCameraConfig                                 - Instance: 0x051B3D04
ScriptStruct: CameraSmoother                                   - Instance: 0x051B9210
ScriptStruct: Vector3WithTime                                  - Instance: 0x051BA054
ScriptStruct: RailingOffsetSettings                            - Instance: 0x051BA1B8
ScriptStruct: CameraWanderSettings                             - Instance: 0x051BD974
ScriptStruct: FloorCorrectionResult                            - Instance: 0x051FFA38
ScriptStruct: BlurStruct                                       - Instance: 0x0520D364
ScriptStruct: MolotovTimeParam                                 - Instance: 0x05216978
ScriptStruct: BatmobileMaterialOverride                        - Instance: 0x0522AF9C
ScriptStruct: AddContentCharacterSelect_AttachMesh             - Instance: 0x0522BBEC
ScriptStruct: BoneTrackingPlayer                               - Instance: 0x0522DD6C
ScriptStruct: EdgePoint                                        - Instance: 0x0524768C
ScriptStruct: AttackPoint                                      - Instance: 0x0524E9A4
ScriptStruct: MultiDestPathFindInfo                            - Instance: 0x0525080C
ScriptStruct: PreSearchDestIndex                               - Instance: 0x05250E1C
ScriptStruct: PreSearchList                                    - Instance: 0x052510A8
ScriptStruct: PerGoalInfo                                      - Instance: 0x052531D4
ScriptStruct: AnnouncementInfo                                 - Instance: 0x05283208
ScriptStruct: reviveAnimNames                                  - Instance: 0x0528C2DC
ScriptStruct: StandPoint                                       - Instance: 0x0529226C
ScriptStruct: GunSource                                        - Instance: 0x052A97CC
ScriptStruct: MultiDestPathFindInfo                            - Instance: 0x052CBD80
ScriptStruct: SearchTarget                                     - Instance: 0x052D3518
ScriptStruct: MultiDestPathFindInfo                            - Instance: 0x052D35E0
ScriptStruct: PointDist                                        - Instance: 0x052E322C
ScriptStruct: ThugPointDist                                    - Instance: 0x052E341C
ScriptStruct: ConDist                                          - Instance: 0x052EE4C8
ScriptStruct: GroupingHistoryEntry                             - Instance: 0x052F41C4
ScriptStruct: SideBranchStruct                                 - Instance: 0x053005BC
ScriptStruct: cornerAnimNames                                  - Instance: 0x05303678
ScriptStruct: DirectionAccessInfo                              - Instance: 0x05323F24
ScriptStruct: GargLocSearchItem                                - Instance: 0x053332AC
ScriptStruct: GargSearchItem                                   - Instance: 0x053334AC
ScriptStruct: GenSearchItem                                    - Instance: 0x05337D5C
ScriptStruct: LedgeSegment                                     - Instance: 0x053467A8
ScriptStruct: AimingBoneValues                                 - Instance: 0x0538E8A4
ScriptStruct: OverlayAnimNames                                 - Instance: 0x05390314
ScriptStruct: AdditiveOverlayAnimNames                         - Instance: 0x05390514
ScriptStruct: MovementAnimNames                                - Instance: 0x05390678
ScriptStruct: BlendBoneData                                    - Instance: 0x0539468C
Info: Extra padding detected!
Info: Property size 0x48
Info: Min alignment 0x10
Info: Extra padding 0x8
ScriptStruct: LookupChainEntry                                 - Instance: 0x053952EC
ScriptStruct: LookupCapePos                                    - Instance: 0x053954EC
ScriptStruct: FilterChildBones                                 - Instance: 0x05398FC0
ScriptStruct: ConstraintLimit                                  - Instance: 0x053992BC
ScriptStruct: RagdollForce                                     - Instance: 0x053997B0
ScriptStruct: RagdollCachedChannelsAndCallbacks                - Instance: 0x0539B924
ScriptStruct: MeetingPointTranslationComponents                - Instance: 0x053AFC5C
ScriptStruct: MeetingPointRotationComponents                   - Instance: 0x053AFDC0
ScriptStruct: AdvDropSettings                                  - Instance: 0x053B0A90
ScriptStruct: NotifyStrikeInfo                                 - Instance: 0x053B28CC
ScriptStruct: NotifyCapeInfo                                   - Instance: 0x053B363C
ScriptStruct: NotifyStrikeFlags                                - Instance: 0x053B37A0
ScriptStruct: NotifyDamageInfo                                 - Instance: 0x053B3904
Info: Extra padding detected!
Info: Property size 0x39
Info: Min alignment 0x4
Info: Extra padding 0x3
ScriptStruct: NotifyCameraInfo                                 - Instance: 0x053B3A68
ScriptStruct: BlinkState                                       - Instance: 0x053B5720
ScriptStruct: ResolvedAABB                                     - Instance: 0x053B5C84
ScriptStruct: FloorCorrectionTransition                        - Instance: 0x053B5FAC
ScriptStruct: FloorCorrectionBoneIndices                       - Instance: 0x053B6074
ScriptStruct: StepUpState                                      - Instance: 0x053B6548
ScriptStruct: FloorCorrectionResolvedConfig                    - Instance: 0x053B7018
ScriptStruct: FloorCorrectionTempDisable                       - Instance: 0x053B7348
ScriptStruct: GridSample                                       - Instance: 0x053B7978
ScriptStruct: GridSlope                                        - Instance: 0x053B7B70
ScriptStruct: GridVector                                       - Instance: 0x053B7DFC
ScriptStruct: GridParameters                                   - Instance: 0x053B8080
ScriptStruct: GridFeather                                      - Instance: 0x053B83A4
ScriptStruct: GridConstants                                    - Instance: 0x053B8750
ScriptStruct: GridState                                        - Instance: 0x053B90D4
ScriptStruct: ShimmyArm                                        - Instance: 0x053B9E50
ScriptStruct: ShimmyDebugArm                                   - Instance: 0x053BA704
ScriptStruct: ShimmyDebug                                      - Instance: 0x053BA50C
Info: Extra padding detected!
Info: Property size 0x158
Info: Min alignment 0x10
Info: Extra padding 0x8
ScriptStruct: TargetActorContainer                             - Instance: 0x053BBF90
ScriptStruct: DynamicBarkRoot                                  - Instance: 0x053D31C0
ScriptStruct: BCA_Output                                       - Instance: 0x053D4140
ScriptStruct: FlagLineEntry                                    - Instance: 0x053E16B0
ScriptStruct: FlagValAndFileName                               - Instance: 0x053E75F0
ScriptStruct: RuntimePillar                                    - Instance: 0x053E7328
ScriptStruct: PillarBarkPair                                   - Instance: 0x053E7ADC
ScriptStruct: PillarBarkInfo                                   - Instance: 0x053E7528
ScriptStruct: MapProxyForSaving                                - Instance: 0x053E8300
ScriptStruct: ScannedVehicleMesh                               - Instance: 0x05474374
ScriptStruct: WinchInvalidTarget                               - Instance: 0x05484120
Info: Extra padding detected!
Info: Property size 0x15
Info: Min alignment 0x4
Info: Extra padding 0x3
ScriptStruct: MoveToRandomAnimation                            - Instance: 0x054B05C4
ScriptStruct: MoveToStartledAnimationData                      - Instance: 0x054B07B8
ScriptStruct: StartleOptions                                   - Instance: 0x054B03C4
ScriptStruct: MoveToData                                       - Instance: 0x054B1FCC
ScriptStruct: ProximityAndSight                                - Instance: 0x054B3278
ScriptStruct: NotifyIdentifier                                 - Instance: 0x054B3B60
ScriptStruct: LootingAnimInfo                                  - Instance: 0x054F7928
ScriptStruct: sCachedAnimData                                  - Instance: 0x054FB7A8
ScriptStruct: ApproachOption                                   - Instance: 0x0550433C
ScriptStruct: VantagePointInfo                                 - Instance: 0x0550E150
ScriptStruct: ReactionAnimations                               - Instance: 0x05566F70
ScriptStruct: PredatorDifficultyLevelDefine                    - Instance: 0x05568138
ScriptStruct: PawnSpawnerTimeout                               - Instance: 0x05568504
ScriptStruct: NavMeshObstacleOperation                         - Instance: 0x0556883C
ScriptStruct: StoredNavMeshObstacle                            - Instance: 0x05568FB8
ScriptStruct: StasisPawnDestroyInfo                            - Instance: 0x055691B8
ScriptStruct: StasisPawnTeleportInfo                           - Instance: 0x055693B8
ScriptStruct: CoverageTestBucket                               - Instance: 0x0557D868
ScriptStruct: AvoidActor                                       - Instance: 0x0558A49C
ScriptStruct: StoredLink                                       - Instance: 0x0558A69C
ScriptStruct: InvalidLink                                      - Instance: 0x0558A9D4
ScriptStruct: ValidLink                                        - Instance: 0x0558ABD4
ScriptStruct: HelicopterDifficultyParameters                   - Instance: 0x055A1298
ScriptStruct: HelicopterPassengerInfo                          - Instance: 0x055A16FC
ScriptStruct: HelicopterAbseilSlotInfo                         - Instance: 0x055A18FC
ScriptStruct: WanderingGroup                                   - Instance: 0x055B9C60
ScriptStruct: TeleportLocationScore                            - Instance: 0x055F191C
ScriptStruct: ProximityAndSightPatrol                          - Instance: 0x056267EC
ScriptStruct: JokerTauntAnims                                  - Instance: 0x05633014
ScriptStruct: WanderOverlays                                   - Instance: 0x05670410
ScriptStruct: WeaponAnimOverrides                              - Instance: 0x05670610
ScriptStruct: ConnectToDatas                                   - Instance: 0x0567C3BC
ScriptStruct: StringUpBoneConfig                               - Instance: 0x0567C5BC
ScriptStruct: RopeExtraAttachConnection                        - Instance: 0x0567DB18
ScriptStruct: JumperAssignment                                 - Instance: 0x056C8628
ScriptStruct: PawnSpawnerDesc                                  - Instance: 0x056D8774
ScriptStruct: GunInfo                                          - Instance: 0x056F4464
ScriptStruct: GunShotEntry                                     - Instance: 0x056F48CC
ScriptStruct: RocketEntry                                      - Instance: 0x056F4ACC
ScriptStruct: GunShotFiringActor                               - Instance: 0x056F4CCC
ScriptStruct: TrackedVehicle                                   - Instance: 0x056F5004
ScriptStruct: Reflection                                       - Instance: 0x056F533C
ScriptStruct: GunFireRayJob                                    - Instance: 0x056F667C
ScriptStruct: LinkedCameraPathNode                             - Instance: 0x0571FEC4
ScriptStruct: CapeSkinningBoneData                             - Instance: 0x05721680
Info: Extra padding detected!
Info: Property size 0xD
Info: Min alignment 0x4
Info: Extra padding 0x3
ScriptStruct: CapeStateDataIndicator                           - Instance: 0x057215B8
ScriptStruct: CapeBoneData                                     - Instance: 0x05722724
ScriptStruct: CapeShapeData                                    - Instance: 0x05723028
ScriptStruct: CapeStateData                                    - Instance: 0x05722924
ScriptStruct: CapeBoneFakeSkinningData                         - Instance: 0x057232C4
Info: Extra padding detected!
Info: Property size 0x9
Info: Min alignment 0x4
Info: Extra padding 0x3
ScriptStruct: CapeBoneFakeSkinningDatas                        - Instance: 0x05723550
ScriptStruct: CapeStateBoneData                                - Instance: 0x05723750
ScriptStruct: CapeBoneStateData                                - Instance: 0x05722C54
ScriptStruct: SkinningLocalToWorlds                            - Instance: 0x0572465C
ScriptStruct: CapeWindAudioProperties                          - Instance: 0x05729394
ScriptStruct: CapeFloatArrayType                               - Instance: 0x0572CF24
ScriptStruct: CapeIntArrayType                                 - Instance: 0x0572D124
ScriptStruct: CapeSupportConnectorIndexPair                    - Instance: 0x0572D594
ScriptStruct: MinLengthSpringConfig                            - Instance: 0x0572D794
ScriptStruct: CapeBoolArrayType                                - Instance: 0x0572D994
ScriptStruct: CapeMaterialPropertySetting                      - Instance: 0x05731924
ScriptStruct: BarkVoiceDef                                     - Instance: 0x057504E4
ScriptStruct: CharacterCustomConstraintConfig                  - Instance: 0x05751BF0
ScriptStruct: SkeletalMeshSettings                             - Instance: 0x057545C0
ScriptStruct: CharacterSelectPlayer                            - Instance: 0x057606D8
ScriptStruct: VisitedEdge                                      - Instance: 0x05763DF0
ScriptStruct: BatmobileHandlingTweak                           - Instance: 0x0576D804
ScriptStruct: PerCharacterTypeAnimDebug                        - Instance: 0x0576F540
ScriptStruct: ProxyAttachment                                  - Instance: 0x0579141C
ScriptStruct: CinematicCharacterMeshComponentChange            - Instance: 0x057B1E68
ScriptStruct: MoveSequence                                     - Instance: 0x057C2B54
ScriptStruct: AerialTargetInfo                                 - Instance: 0x057C5848
ScriptStruct: DodgerInfo                                       - Instance: 0x05800B58
ScriptStruct: CasualtyInfo                                     - Instance: 0x0588DCF0
ScriptStruct: ClashInfo                                        - Instance: 0x058A17F4
ScriptStruct: IndexDistArray                                   - Instance: 0x058D06B4
ScriptStruct: CommandBeaconMaterialSet                         - Instance: 0x058F3C48
ScriptStruct: ClimbLedges                                      - Instance: 0x05920870
ScriptStruct: ShowEntry                                        - Instance: 0x0594EFD0
ScriptStruct: DebugPageInfo                                    - Instance: 0x0594F1D0
ScriptStruct: VehicleAnimDebug                                 - Instance: 0x05965374
ScriptStruct: CinematicAnimDebug                               - Instance: 0x05965764
ScriptStruct: MostWantedDebugMenuData                          - Instance: 0x05977414
ScriptStruct: BackscreenDebugData                              - Instance: 0x05978E14
ScriptStruct: DestructibleAppearance                           - Instance: 0x05986EC0
ScriptStruct: DestructStage                                    - Instance: 0x05980A90
ScriptStruct: DestructWhooshBy                                 - Instance: 0x05980C90
ScriptStruct: DestructiblePropDamage                           - Instance: 0x05982024
ScriptStruct: ConversationCameraLocation                       - Instance: 0x059A0394
ScriptStruct: DisruptedEquipmentRecord                         - Instance: 0x059B936C
ScriptStruct: QueuedBarkInfo                                   - Instance: 0x059E16C4
ScriptStruct: CheckpointRecord                                 - Instance: 0x059F04E8
ScriptStruct: IndependentFadeState                             - Instance: 0x05A0FB2C
ScriptStruct: MainFadeState                                    - Instance: 0x05A0FBF4
ScriptStruct: RiddlerHintEntry                                 - Instance: 0x05A28F98
ScriptStruct: SideStoryVisualDiscoveryActor                    - Instance: 0x05A2A474
ScriptStruct: SideStoryActorGroup                              - Instance: 0x05A29198
ScriptStruct: SideStoryVisibleEntry                            - Instance: 0x05A29398
ScriptStruct: DiscoveryHudTarget                               - Instance: 0x05A29598
ScriptStruct: MissionDialogue                                  - Instance: 0x05A29798
ScriptStruct: ScreenInfoItem                                   - Instance: 0x05A43EAC
ScriptStruct: RBCollisionBreakType                             - Instance: 0x05A5780C
ScriptStruct: RFractureWallExplosionTriggerData                - Instance: 0x05A57B44
ScriptStruct: RArraySubtitleCue                                - Instance: 0x05A818E4
ScriptStruct: RLocalizedSubtitles                              - Instance: 0x05A81BAC
ScriptStruct: RArrayLocalizedSubtitles                         - Instance: 0x05A81AE4
ScriptStruct: WeaponAnimsets                                   - Instance: 0x05A8ED0C
ScriptStruct: ArrowContainer                                   - Instance: 0x05A94864
ScriptStruct: TransInLocs                                      - Instance: 0x05A94A64
ScriptStruct: MultiStageAnim                                   - Instance: 0x05A94D2C
ScriptStruct: CarAnimationDetails                              - Instance: 0x05A94C64
ScriptStruct: GargLocSearchItem                                - Instance: 0x05A9B77C
ScriptStruct: PromptRecord                                     - Instance: 0x05AAE948
ScriptStruct: Mission_Data                                     - Instance: 0x05AB82D4
ScriptStruct: ScreenDef                                        - Instance: 0x05AF66E0
ScriptStruct: SkinChar                                         - Instance: 0x05B10E8C
ScriptStruct: BaseChar                                         - Instance: 0x05B10760
ScriptStruct: MMO_Record                                       - Instance: 0x05B2090C
ScriptStruct: ThreeDeeTarget                                   - Instance: 0x05B20CD0
ScriptStruct: GunFireLocator                                   - Instance: 0x05B2A7A0
ScriptStruct: MultiDestPathFindInfo                            - Instance: 0x05B3E1C4
ScriptStruct: RSmashablePropDecalData                          - Instance: 0x05B4FD48
ScriptStruct: BatclawAnchorPoints                              - Instance: 0x05B50B04
ScriptStruct: SearchLightData                                  - Instance: 0x05B72990
ScriptStruct: TargetData                                       - Instance: 0x05B732CC
ScriptStruct: SearchLightSourceLocationInfo                    - Instance: 0x05B7355C
ScriptStruct: RopeRenderPoint                                  - Instance: 0x05B8FA38
ScriptStruct: ConnectionAttachCalculatedData                   - Instance: 0x05B8FFF8
ScriptStruct: EndInitData                                      - Instance: 0x05B91C30
ScriptStruct: RRope2CapsuleInitData                            - Instance: 0x05B924BC
ScriptStruct: Rope2CapsuleChainPhysicsUpdaterInitData          - Instance: 0x05B92888
ScriptStruct: RopeConnectData                                  - Instance: 0x05B93528
ScriptStruct: RopeEndAttachData                                - Instance: 0x05B93E40
ScriptStruct: RRope2SimplePhyiscsNodeInitData                  - Instance: 0x05B9A2E8
ScriptStruct: RRope2SimplePhysicsUpdaterInitData               - Instance: 0x05B9A57C
ScriptStruct: DetailObject                                     - Instance: 0x05BCC92C
ScriptStruct: QueuedObjectives                                 - Instance: 0x05BD3818
ScriptStruct: CompassItemThreeDee                              - Instance: 0x05BE29D0
ScriptStruct: CapeTrackKey                                     - Instance: 0x05BF68F4
ScriptStruct: GadgetDirection                                  - Instance: 0x05BF7BDC
ScriptStruct: RLedgeInfoIntermediate                           - Instance: 0x05C14D28
ScriptStruct: PrePlacedLedgeInfo                               - Instance: 0x05C14FC4
ScriptStruct: LevelDef                                         - Instance: 0x05C17A40
ScriptStruct: MenusDef                                         - Instance: 0x05C16900
ScriptStruct: RSaveGameSummaryInfo                             - Instance: 0x05C16FE0
ScriptStruct: LocationIDRemap                                  - Instance: 0x05C1C3A4
ScriptStruct: VisibleLevelInfo                                 - Instance: 0x05C406B0
ScriptStruct: OWStreamingLevelInfo                             - Instance: 0x05C45D98
ScriptStruct: BeamInfo                                         - Instance: 0x05C6A450
ScriptStruct: MagneticMatineeMovementProperties                - Instance: 0x05C7DB24
ScriptStruct: MagMatObjEmitterData                             - Instance: 0x05C7DD24
ScriptStruct: MagMatObjCalculatedVelocity                      - Instance: 0x05C7E054
ScriptStruct: ManbatAppearanceHistory                          - Instance: 0x05C8BAD0
ScriptStruct: MirrorAction                                     - Instance: 0x05C910C8
ScriptStruct: NamedMirror                                      - Instance: 0x05C91000
ScriptStruct: MultiCharacterCinematicActorMaterialSwap         - Instance: 0x05C9380C
ScriptStruct: MultiCharacterCinematicActorSetup                - Instance: 0x05C9360C
ScriptStruct: IndexedNavHandle                                 - Instance: 0x05C951C4
ScriptStruct: PathShortenInstance                              - Instance: 0x05C991E8
ScriptStruct: EdgeReachedInstance                              - Instance: 0x05C993E8
ScriptStruct: NavHandleHistoryInfo                             - Instance: 0x05C99AC8
ScriptStruct: ComputedPathPoint                                - Instance: 0x05C99CC0
ScriptStruct: RebuildObstacleMeshkDOPInfo                      - Instance: 0x05CA40D4
ScriptStruct: DeletePawnStruct                                 - Instance: 0x05CBED10
ScriptStruct: JokerCustomConstraintConfig                      - Instance: 0x05CF0BD0
ScriptStruct: NwStickBouncePoint                               - Instance: 0x05CF6DA8
ScriptStruct: PxShapeAndActorPair                              - Instance: 0x05D5AC34
ScriptStruct: CamSplineSegment                                 - Instance: 0x05D75A58
ScriptStruct: QuickGrappleSwingContainer                       - Instance: 0x05D7A170
ScriptStruct: IntItems                                         - Instance: 0x05D7A2A4
ScriptStruct: MoveNameString                                   - Instance: 0x05D7A444
ScriptStruct: BatmobileChallengeKillString                     - Instance: 0x05D7A63C
ScriptStruct: CheatCode                                        - Instance: 0x05D7A834
Info: Extra padding detected!
Info: Property size 0x15
Info: Min alignment 0x4
Info: Extra padding 0x3
ScriptStruct: FearTakedownHightlightInfo                       - Instance: 0x05D7AB6C
ScriptStruct: BattleModeWeaponButton                           - Instance: 0x05D7AE04
ScriptStruct: ChildStateCacheElement                           - Instance: 0x05D7B004
ScriptStruct: RemapStringAtoB                                  - Instance: 0x05E4FCC8
ScriptStruct: RiddleData                                       - Instance: 0x05E55E20
ScriptStruct: HudComboData                                     - Instance: 0x05E63D84
ScriptStruct: UnlockableDefinition                             - Instance: 0x05E83D74
ScriptStruct: ChallengeCombatData                              - Instance: 0x05E8B510
ScriptStruct: StruckInfo                                       - Instance: 0x05EC8528
ScriptStruct: ControllerSpinContainer                          - Instance: 0x05EF5700
ScriptStruct: TempDeactivatedPopVolumes                        - Instance: 0x05EFF84C
ScriptStruct: ScenarioUsageInformation                         - Instance: 0x05EFFC20
ScriptStruct: APCSpawnPointsList                               - Instance: 0x05F001C8
ScriptStruct: ThreatLevelCache                                 - Instance: 0x05F008A8
ScriptStruct: WeaponConfigInfo                                 - Instance: 0x05F01338
ScriptStruct: DestroyPawnInfo                                  - Instance: 0x05F01538
ScriptStruct: ScenarioID                                       - Instance: 0x05F0293C
ScriptStruct: WanderingData                                    - Instance: 0x05F17B68
ScriptStruct: AnimList                                         - Instance: 0x05F4C4A8
ScriptStruct: TakeDownStageAnimSet                             - Instance: 0x05F4BF70
ScriptStruct: VictimStruct                                     - Instance: 0x05F4C2A8
ScriptStruct: TunnelPathPoint                                  - Instance: 0x05F606D8
ScriptStruct: RAM_AnimTime                                     - Instance: 0x05F72FC0
ScriptStruct: SecondaryTargetData                              - Instance: 0x05F79150
ScriptStruct: RoadAreaPoint                                    - Instance: 0x05F928DC
ScriptStruct: RoadAreaLink                                     - Instance: 0x05F92ADC
ScriptStruct: Lane                                             - Instance: 0x05F947BC
ScriptStruct: RRope2SimpleSphereChainPhyiscsNodeInitData       - Instance: 0x05FBB074
ScriptStruct: RRope2SimpleSphereChainPhysicsUpdaterInitData    - Instance: 0x05FBB39C
ScriptStruct: HangingFearRopeSetupParams                       - Instance: 0x05FBFF14
ScriptStruct: RejectedLedgeInfo                                - Instance: 0x05FC5D3C
ScriptStruct: SentryGunSettings                                - Instance: 0x05FD3E1C
ScriptStruct: MultiDestPathFindInfo                            - Instance: 0x05FE52F4
ScriptStruct: CombatantThreshold                               - Instance: 0x05FEA718
ScriptStruct: BobWaveForm                                      - Instance: 0x05FF16EC
ScriptStruct: AxisBobSettings                                  - Instance: 0x05FF0938
ScriptStruct: AutoJezChapter                                   - Instance: 0x05FFA45C
ScriptStruct: OutputLinkData                                   - Instance: 0x06002F74
ScriptStruct: voiceCharacterPair                               - Instance: 0x06003348
ScriptStruct: PawnChatterInfo                                  - Instance: 0x06017D40
ScriptStruct: PawnChatterGroup                                 - Instance: 0x060178D8
ScriptStruct: TimedLink                                        - Instance: 0x06030030
ScriptStruct: singleTier                                       - Instance: 0x06034630
ScriptStruct: IntThreshold                                     - Instance: 0x0604C3A8
ScriptStruct: SidePercs                                        - Instance: 0x06050490
ScriptStruct: CharacterAnim                                    - Instance: 0x06067D50
ScriptStruct: SingleLineAnimData                               - Instance: 0x06067F50
ScriptStruct: PawnAndTransition                                - Instance: 0x06068148
ScriptStruct: BeamData                                         - Instance: 0x06075858
ScriptStruct: BreakableData                                    - Instance: 0x060756F8
ScriptStruct: BlockSettings                                    - Instance: 0x0607934C
ScriptStruct: RiotWeapons                                      - Instance: 0x0607E000
ScriptStruct: DateDef                                          - Instance: 0x060A1364
ScriptStruct: DateGroupDef                                     - Instance: 0x060A129C
ScriptStruct: FlagItem                                         - Instance: 0x060A226C
ScriptStruct: AdditionalWaveSetup                              - Instance: 0x060B3048
ScriptStruct: UnlockCriterion                                  - Instance: 0x060D4FBC
ScriptStruct: FeedConstraintSourceRange                        - Instance: 0x060E77C4
ScriptStruct: FeedConstraintDestinationRange                   - Instance: 0x060E7AE4
ScriptStruct: PositionConstraintBone                           - Instance: 0x060E9588
ScriptStruct: ResolvedPositionConstraintBone                   - Instance: 0x060E9788
ScriptStruct: DeformVehicleBone                                - Instance: 0x060EA81C
ScriptStruct: WhipBoneData                                     - Instance: 0x060EB858
ScriptStruct: WhipBoneReparenting                              - Instance: 0x060EBB90
ScriptStruct: WhipTargetingData                                - Instance: 0x060EC11C
Info: Extra padding detected!
Info: Property size 0x9C
Info: Min alignment 0x10
Info: Extra padding 0x4
ScriptStruct: WhipHipPhysicsData                               - Instance: 0x060EC60C
ScriptStruct: BatclawBatmanAnimConfig                          - Instance: 0x061002B4
ScriptStruct: RailingAttackRopeSetupParams                     - Instance: 0x0614F984
ScriptStruct: WallAttackAnimInfo                               - Instance: 0x061B7824
ScriptStruct: WallAttackStageInfo                              - Instance: 0x061B7048
ScriptStruct: WallAttackAnimInfo                               - Instance: 0x061D7EFC
ScriptStruct: WallAttackStageInfo                              - Instance: 0x061D7660
ScriptStruct: RSArraySubtitleCue                               - Instance: 0x061FA7C0
ScriptStruct: RSubtitleLookupEntry                             - Instance: 0x061FAF1C
ScriptStruct: TreeEndHandleCombo                               - Instance: 0x06243C8C
ScriptStruct: CommanderTankWeakPoint                           - Instance: 0x062B5CF8
ScriptStruct: CommanderTankStage                               - Instance: 0x062B84E4
ScriptStruct: CommandTankDialogueCont                          - Instance: 0x062B8C40
ScriptStruct: BadGuyData                                       - Instance: 0x062C7D64
ScriptStruct: VehicleTransmission                              - Instance: 0x062CE6DC
ScriptStruct: VoiceSynthTargetStruct                           - Instance: 0x062ECA24
ScriptStruct: RestingChunk                                     - Instance: 0x0630FA64
Const: CONST_MaxDistForLateJoiner                              - Instance: 0x04B8CE48
Const: CONST_kMaxDestructibleDustTrails                        - Instance: 0x04BDEBEC
Const: CONST_Rad_EasterEgg                                     - Instance: 0x04BFCFF0
Const: CONST_Rad_HasBeenFound                                  - Instance: 0x04C06068
Const: CONST_Rad_HasHint                                       - Instance: 0x04C060D4
Const: CONST_Rad_InitiallyEncrypted                            - Instance: 0x04C06140
Const: CONST_Rad_Mandatory                                     - Instance: 0x04C061AC
Const: CONST_LeaderboardCache_MasterVersion                    - Instance: 0x04C640E0
Const: CONST_MINE_OBSTACLE_MESH_CHECK_EXTENT                   - Instance: 0x04C651B0
Const: CONST_MaxMinesInRoom                                    - Instance: 0x04C6EAA4
Const: CONST_MaxGuns                                           - Instance: 0x04C6EB10
Const: CONST_DBG_ANNOUNCER_TEXT_DURATION                       - Instance: 0x04C6ECB4
Const: CONST_MIN_DIST_BETWEEN_GRATE_AND_MINE                   - Instance: 0x04C6EEF4
Const: CONST_MIN_DIST_BETWEEN_FLIPGRATE_AND_MINE               - Instance: 0x04C6EF60
Const: CONST_MIN_DIST_BETWEEN_PLACED_MINES                     - Instance: 0x04C6EFCC
Const: CONST_MIN_DIST_BETWEEN_ANY_DEAD_BODY_AND_MINES          - Instance: 0x04C6F038
Const: CONST_MIN_DIST_FROM_CURRENT_CAS_TO_MINE                 - Instance: 0x04C6F0A4
Const: CONST_MAX_DIST_FROM_CURRENT_CAS_TO_MINE                 - Instance: 0x04C6F110
Const: CONST_RETRIGGER_WINDOW                                  - Instance: 0x04CB5660
Const: CONST_SOUND_WINDOW                                      - Instance: 0x04CB56CC
Const: CONST_SOUND_THRESHOLD                                   - Instance: 0x04CB5738
Const: CONST_RiotHistoryMax                                    - Instance: 0x04CF89D8
Const: CONST_kWarningPSCacheSize                               - Instance: 0x04D60D6C
Const: CONST_MaxPassengers                                     - Instance: 0x04D61AF0
Const: CONST_MaxPassengers_0                                   - Instance: 0x04DA8078
Const: CONST_kMaxPlayerBatmobileTakedownRangeSq                - Instance: 0x04DFF3F4
Const: CONST_kMaxVillainBatmobileTakedownRangeSq               - Instance: 0x04DFF460
Const: CONST_kExclusivePriority                                - Instance: 0x04E01354
Const: CONST_FailHistoryNum                                    - Instance: 0x04E3A86C
Const: CONST_MAX_PAINTY_FOOTPRINTS                             - Instance: 0x04E3AAAC
Const: CONST_MAX_DYE_SPRAY_LEVEL                               - Instance: 0x04E3AB18
Const: CONST_CosmeticDistanceScalar                            - Instance: 0x04E7FEE4
Const: CONST_MAX_INTERVAL_BETWEEN_PATH_ORIENTATION_CHECKS      - Instance: 0x04E87E00
Const: CONST_MAX_LOOT_POINT_BEGINPLAYS_PER_FRAME               - Instance: 0x04E87E6C
Const: CONST_MAX_GRATE_BEGINPLAYS_PER_FRAME                    - Instance: 0x04E87ED8
Const: CONST_MAX_SENTRYGUN_BEGINPLAYS_PER_FRAME                - Instance: 0x04E87F44
Const: CONST_CONVERSATION_RECENTLY_TRIGGERED_THRESHOLD         - Instance: 0x04E925D8
Const: CONST_MENU_ITEM_DISABLED                                - Instance: 0x05090D94
Const: CONST_MENU_INDENT                                       - Instance: 0x05090E00
Const: CONST_RUI_GRIDBUTTONSTATE_NEW                           - Instance: 0x0509205C
Const: CONST_RUI_GRIDBUTTONSTATE_LOCKED                        - Instance: 0x050920C8
Const: CONST_RUI_GRIDBUTTONSTATE_PLATFORM                      - Instance: 0x05092134
Const: CONST_LOCXINV                                           - Instance: 0x051ABEE0
Const: CONST_LOCYINV                                           - Instance: 0x051ABF4C
Const: CONST_LOCZINV                                           - Instance: 0x051ABFB8
Const: CONST_ROTXINV                                           - Instance: 0x051AC024
Const: CONST_ROTYINV                                           - Instance: 0x051AC090
Const: CONST_ROTZINV                                           - Instance: 0x051AC0FC
Const: CONST_ALLINV                                            - Instance: 0x051AC168
Const: CONST_ReassessDist                                      - Instance: 0x05234614
Const: CONST_StandardAPSRange                                  - Instance: 0x05234680
Const: CONST_GargAPSRange                                      - Instance: 0x052346EC
Const: CONST_LitePredAPSRange                                  - Instance: 0x05234758
Const: CONST_OWFullPredAPSRange                                - Instance: 0x052347C4
Const: CONST_ImpactIsCloseRange                                - Instance: 0x05274A1C
Const: CONST_BatarangJumpRange                                 - Instance: 0x05274A88
Const: CONST_BrokenGlassJumpRange                              - Instance: 0x05274AF4
Const: CONST_WatchRadius                                       - Instance: 0x05274B60
Const: CONST_BatarangSightDist                                 - Instance: 0x05274BCC
Const: CONST_DualHandgunsNoiseRange                            - Instance: 0x05274C38
Const: CONST_DisruptedJammerStunTime                           - Instance: 0x052ACD68
Const: CONST_NumWanted                                         - Instance: 0x052B8088
Const: CONST_MIN_DIST_FROM_CAS                                 - Instance: 0x052DB0C4
Const: CONST_NUM_PAIRED_CORNER_VARIANTS                        - Instance: 0x053040A0
Const: CONST_TreeSearchDist                                    - Instance: 0x0530C1A4
Const: CONST_SpecialMoveCheckFrequency                         - Instance: 0x05313A94
Const: CONST_CongaDist                                         - Instance: 0x05331304
Const: CONST_BackwardsDist                                     - Instance: 0x05331370
Const: CONST_MIN_LEG_LENGTH                                    - Instance: 0x0533BC28
Const: CONST_NUM_LEDGE_LOOK_VARIANTS                           - Instance: 0x0534898C
Const: CONST_MIN_DIST_FROM_ENDS                                - Instance: 0x0534F86C
Const: CONST_BitsPerFlagSet                                    - Instance: 0x053BB770
Const: CONST_MaxSize                                           - Instance: 0x053C20F4
Const: CONST_ShoutDist                                         - Instance: 0x053E4420
Const: CONST_MaxNoiseTargets                                   - Instance: 0x053EC5A0
Const: CONST_MIN_STAIR_ANGLE_DEG                               - Instance: 0x054CB000
Const: CONST_LOOKAHEAD_DIST_2                                  - Instance: 0x054CB06C
Const: CONST_LOOKAHEAD_DIST_3                                  - Instance: 0x054CB0D8
Const: CONST_SlowScale                                         - Instance: 0x054E3F00
Const: CONST_DAMAGE_RECURSION_DEPTH                            - Instance: 0x054FC438
Const: CONST_SCORE_INVALID                                     - Instance: 0x05504EDC
Const: CONST_SlowScale_0                                       - Instance: 0x05509D1C
Const: CONST_ShoutDistance                                     - Instance: 0x0557DB04
Const: CONST_NOT_IN_RANGE_TIMEOUT                              - Instance: 0x0561F0D8
Const: CONST_AudioTimeToLockOnCombat                           - Instance: 0x056583B4
Const: CONST_CAMERATESTDISTANCE                                - Instance: 0x056AEA84
Const: CONST_LEFT_DIR                                          - Instance: 0x056B110C
Const: CONST_RIGHT_DIR                                         - Instance: 0x056B1178
Const: CONST_LEFT_DIR_0                                        - Instance: 0x056B3108
Const: CONST_RIGHT_DIR_0                                       - Instance: 0x056B3174
Const: CONST_LEFT_DIR_1                                        - Instance: 0x056B5AF0
Const: CONST_RIGHT_DIR_1                                       - Instance: 0x056B5B5C
Const: CONST_LEFT_DIR_2                                        - Instance: 0x056B9FE0
Const: CONST_RIGHT_DIR_2                                       - Instance: 0x056BA04C
Const: CONST_LEFT_DIR_3                                        - Instance: 0x056BEBA0
Const: CONST_RIGHT_DIR_3                                       - Instance: 0x056BEC0C
Const: CONST_LEFT_DIR_4                                        - Instance: 0x056C0830
Const: CONST_RIGHT_DIR_4                                       - Instance: 0x056C089C
Const: CONST_POLL_DELAY_TIME                                   - Instance: 0x0573BE8C
Const: CONST_POLL_CHALLENGE_DELAY_TIME                         - Instance: 0x0573BEF8
Const: CONST_CINEMATICMESH_Main                                - Instance: 0x05796D74
Const: CONST_CINEMATICMESH_Extra                               - Instance: 0x05796DE0
Const: CONST_CINEMATICMESH_Hair                                - Instance: 0x05796E4C
Const: CONST_AttackDmgType                                     - Instance: 0x057C7670
Const: CONST_MinIntoAnimDist                                   - Instance: 0x057E373C
Const: CONST_MaxIntoAnimDist                                   - Instance: 0x057E37A8
Const: CONST_MinDurationScale                                  - Instance: 0x057E3814
Const: CONST_MaxDurationScale                                  - Instance: 0x057E3880
Const: CONST_MinIntoAnimDist_0                                 - Instance: 0x057FE168
Const: CONST_MaxIntoAnimDist_0                                 - Instance: 0x057FE1D4
Const: CONST_MinDurationScale_0                                - Instance: 0x057FE240
Const: CONST_MaxDurationScale_0                                - Instance: 0x057FE2AC
Const: CONST_MinIntoAnimDist_1                                 - Instance: 0x0580E634
Const: CONST_MaxIntoAnimDist_1                                 - Instance: 0x0580E6A0
Const: CONST_MinDurationScale_1                                - Instance: 0x0580E70C
Const: CONST_MaxDurationScale_1                                - Instance: 0x0580E778
Const: CONST_HalfExtentCheckHeight                             - Instance: 0x0582C864
Const: CONST_kMaxTimeToCatch                                   - Instance: 0x058301DC
Const: CONST_kMinCatchDist                                     - Instance: 0x05830248
Const: CONST_kMaxCatchDist                                     - Instance: 0x058302B4
Const: CONST_MaxIntoAnimDist_2                                 - Instance: 0x05837040
Const: CONST_MinIntoAnimDist_2                                 - Instance: 0x058370AC
Const: CONST_MinDurationScale_2                                - Instance: 0x05837118
Const: CONST_MaxDurationScale_2                                - Instance: 0x05837184
Const: CONST_kRotOffset                                        - Instance: 0x0583C2F4
Const: CONST_WallCollideRange                                  - Instance: 0x05899900
Const: CONST_GameSlowDownSpeed                                 - Instance: 0x0589996C
Const: CONST_kNumAxis                                          - Instance: 0x058D09DC
Const: CONST_kFormationVectorLength                            - Instance: 0x058D0A48
Const: CONST_COMMAND_BEACON_CLEAR_DIST                         - Instance: 0x058F169C
Const: CONST_NUM_MATERIAL_SLOTS                                - Instance: 0x058F3F80
Const: CONST_kDisappearScale                                   - Instance: 0x058FD1A0
Const: CONST_kNumTickGroups                                    - Instance: 0x0590116C
Const: CONST_NUM_CROWS                                         - Instance: 0x0590EA18
Const: CONST_CROW_VS_CROW_RANGE                                - Instance: 0x0590EA84
Const: CONST_DefaultCylinderRadius                             - Instance: 0x05910410
Const: CONST_CylinderHeight                                    - Instance: 0x0591047C
Const: CONST_MaxNumDeadVehicles                                - Instance: 0x0593E15C
Const: CONST_PAD_LEFT                                          - Instance: 0x059512B8
Const: CONST_PAD_RIGHT                                         - Instance: 0x05951324
Const: CONST_PAD_UP                                            - Instance: 0x05951390
Const: CONST_PAD_DOWN                                          - Instance: 0x059513FC
Const: CONST_PAD_IN_A                                          - Instance: 0x05951468
Const: CONST_PAD_IN_B                                          - Instance: 0x059514D4
Const: CONST_PAD_IN_X                                          - Instance: 0x05951540
Const: CONST_PAD_IN_Y                                          - Instance: 0x059515AC
Const: CONST_MaxNumKActorsRestingOnDestructibleProp            - Instance: 0x0598AE1C
Const: CONST_ImpactDamageThreshold_DamageDisabled              - Instance: 0x0598AE88
Const: CONST_UnrealUnitsPerSecToKilometresPerHour              - Instance: 0x0598AEF4
Const: CONST_NUMCAMS                                           - Instance: 0x0599EDA8
Const: CONST_CAMERATESTDISTANCE_0                              - Instance: 0x0599EE14
Const: CONST_MAX_DIRECTIONAL_ANIMS                             - Instance: 0x059A3A98
Const: CONST_DISRUPTOR_FIRED_FLAG_ANIMATE                      - Instance: 0x059BBCA8
Const: CONST_DISRUPTOR_FIRED_FLAG_SCREENSHAKE                  - Instance: 0x059BBD14
Const: CONST_MISSION_DIALOGUE_MAX_LOAD_TIME                    - Instance: 0x05A2AFD8
Const: CONST_MISSION_DIALOGUE_MAX_LINES                        - Instance: 0x05A2B044
Const: CONST_MaxViewDistance                                   - Instance: 0x05A44308
Const: CONST_DistanceToBeFullyVisable                          - Instance: 0x05A44374
Const: CONST_LightTorchAngle                                   - Instance: 0x05A443E0
Const: CONST_LightTorchAngleMin                                - Instance: 0x05A4444C
Const: CONST_FilterMaxViewDistance                             - Instance: 0x05A444B8
Const: CONST_FilterDistanceToBeFullyVisable                    - Instance: 0x05A44524
Const: CONST_FilterDistanceToBeProcessed                       - Instance: 0x05A44590
Const: CONST_FilterDistanceForDiscovery                        - Instance: 0x05A445FC
Const: CONST_MaxFreezeRange                                    - Instance: 0x05A44668
Const: CONST_MaxRadioSignalDistance                            - Instance: 0x05A446D4
Const: CONST_MaxDisruptorTowerDistance                         - Instance: 0x05A44740
Const: CONST_VirtualDisruptorTowerPeriod                       - Instance: 0x05A447AC
Const: CONST_MissingPersonsTotalCount                          - Instance: 0x05A44818
Const: CONST_DefaultClusterCylinderRadius                      - Instance: 0x05A75AF4
Const: CONST_ClusterCylinderHeight                             - Instance: 0x05A75B60
Const: CONST_GAMEEVENT_BUG_REPORT                              - Instance: 0x05A88D48
Const: CONST_CONTEXT_GAME_MODE                                 - Instance: 0x05A8BC70
Const: CONST_CONTEXT_GAME_MODE_MODE_STORY                      - Instance: 0x05A8BCDC
Const: CONST_CONTEXT_GAME_MODE_MODE_CHALLENGE                  - Instance: 0x05A8BD48
Const: CONST_CONTEXT_CHALLENGE                                 - Instance: 0x05A8BDB4
Const: CONST_CONTEXT_MAP_1                                     - Instance: 0x05A8BE20
Const: CONST_CONTEXT_MAP_2                                     - Instance: 0x05A8BE8C
Const: CONST_SESSION_MATCH_QUERY_COOP                          - Instance: 0x05A8BEF8
Const: CONST_SKIN_SELECT_MIN_COUNT                             - Instance: 0x05B10E20
Const: CONST_DragableObjectDominanceGroup                      - Instance: 0x05B50CFC
Const: CONST_LeftOffset                                        - Instance: 0x05BA5938
Const: CONST_TAF_Pulsing                                       - Instance: 0x05BE4B60
Const: CONST_TAF_CullIfBehind                                  - Instance: 0x05BE4BCC
Const: CONST_TAF_ClampIfOffscreen                              - Instance: 0x05BE4C38
Const: CONST_TAF_PersistUntilHidden                            - Instance: 0x05BE4CA4
Const: CONST_TAF_CentreScreen                                  - Instance: 0x05BE4D10
Const: CONST_TAF_OverrideCentreScreenDepth                     - Instance: 0x05BE4D7C
Const: CONST_TAF_OffscreenGrappleLogic                         - Instance: 0x05BE4DE8
Const: CONST_TAF_VariableSizeReticle                           - Instance: 0x05BE4E54
Const: CONST_TAF_PositionIconAboveTarget                       - Instance: 0x05BE4EC0
Const: CONST_TAF_AppendDistance                                - Instance: 0x05BE4F2C
Const: CONST_TAF_SuppressDuringRemoteControl                   - Instance: 0x05BE4F98
Const: CONST_TAF_FadeDuringCombat                              - Instance: 0x05BE5004
Const: CONST_TAF_ObjectiveTarget                               - Instance: 0x05BE5070
Const: CONST_Const_ScreenSafeX                                 - Instance: 0x05BE50DC
Const: CONST_Const_ScreenSafeY                                 - Instance: 0x05BE5148
Const: CONST_Const_ScreenTanToCorner                           - Instance: 0x05BE51B4
Const: CONST_NUM_JOKER_MESHSWAP_OVERRIDE_MATERIALS             - Instance: 0x05C0BE78
Const: CONST_LADDER_TOP                                        - Instance: 0x05C12B8C
Const: CONST_LADDER_BOTTOM                                     - Instance: 0x05C12BF8
Const: CONST_ROUNDROBIN_SAVE_MAX                               - Instance: 0x05C1C59C
Const: CONST_MAT_DOOR_UNLOCKED                                 - Instance: 0x05C34758
Const: CONST_MAT_DOOR_LOCKED                                   - Instance: 0x05C347C4
Const: CONST_MAX_DROPOFF_LOCATIONS                             - Instance: 0x05C598C8
Const: CONST_MAX_WAYPOINT_DBG_LINES                            - Instance: 0x05C5D618
Const: CONST_PathShortenProportionChecksPerSegment             - Instance: 0x05C9BE54
Const: CONST_PathShortenProportionChecksPerSegmentQuick        - Instance: 0x05C9BEC0
Const: CONST_MAX_PATH_INSTANCES_PER_CLASS                      - Instance: 0x05CA440C
Const: CONST_THUG_KNOCKBACK_EXTENT                             - Instance: 0x05CAF768
Const: CONST_NUM_ENCOUNTERS                                    - Instance: 0x05CCD09C
Const: CONST_RECDisableSpecialsMax                             - Instance: 0x05D02B8C
Const: CONST_GRENADE_MAX_ELEVATION                             - Instance: 0x05D02BF8
Const: CONST_EDGEFLAG_SpecialRoofEdge                          - Instance: 0x05D7A02C
Const: CONST_MARKER_DISTANCE_FOR_MIN_VISIBILITY                - Instance: 0x05D7A36C
Const: CONST_MARKER_DISTANCE_FOR_MAX_VISIBILITY                - Instance: 0x05D7A3D8
Const: CONST_ShortGlideKickMaximumDistance                     - Instance: 0x05E25028
Const: CONST_ShortGlideKickMaximumDistanceDLC                  - Instance: 0x05E25094
Const: CONST_EDGEFLAG_WideRailing                              - Instance: 0x05E84090
Const: CONST_EDGEFLAG_Railing                                  - Instance: 0x05E840FC
Const: CONST_EDGEFLAG_ShimmyOnly                               - Instance: 0x05E84168
Const: CONST_EDGEFLAG_SlopedEdge                               - Instance: 0x05E841D4
Const: CONST_EDGEFLAG_WireRailing                              - Instance: 0x05E84240
Const: CONST_EDGEFLAG_ExtraSloped                              - Instance: 0x05E842AC
Const: CONST_EDGEFLAG_CanGrapple                               - Instance: 0x05E84318
Const: CONST_MovesToUnlockSpecial                              - Instance: 0x05ECBE2C
Const: CONST_LocalPopulationDeaths_PostSaveGame                - Instance: 0x05F053CC
Const: CONST_LocalPopulationDeaths_Firefly                     - Instance: 0x05F05438
Const: CONST_MaxIntoSideRoomDist                               - Instance: 0x05FC5928
Const: CONST_StopBeforeWallDist                                - Instance: 0x05FC6DEC
Const: CONST_IgnoreFailureToLeaveSpecialZoneDist               - Instance: 0x05FC6E58
Const: CONST_NUM_FIRING_FX                                     - Instance: 0x05FD7784
Const: CONST_NUM_ENCOUNTERS_0                                  - Instance: 0x06034558
Const: CONST_NUM_TIERS                                         - Instance: 0x060345C4
Const: CONST_NUM_ENCOUNTERS_1                                  - Instance: 0x06037E34
Const: CONST_MAX_MISSIONS_TO_UPDATE                            - Instance: 0x06058E14
Const: CONST_TAKEOVER_SCREEN_TRIGGER_RADIUS_THRESHOLD          - Instance: 0x060A528C
Const: CONST_INTERPOLATION_SPEED                               - Instance: 0x060E2350
Const: CONST_AUTO_MODE_DELAY                                   - Instance: 0x060E23BC
Const: CONST_INPUT_HEIGHT_ACCELERATION                         - Instance: 0x060E2428
Const: CONST_INPUT_HEIGHT_DAMPEN_SPEED                         - Instance: 0x060E2494
Const: CONST_INPUT_SPIN_ACCELERATION                           - Instance: 0x060E2500
Const: CONST_INPUT_SPIN_DAMPEN_SPEED                           - Instance: 0x060E256C
Const: CONST_INPUT_FOV_ACCELERATION                            - Instance: 0x060E25D8
Const: CONST_INPUT_FOV_DAMPEN_SPEED                            - Instance: 0x060E2644
Const: CONST_LONG_ANIM_TRAVELDIST                              - Instance: 0x06128030
Const: CONST_SHORT_ANIM_TRAVELDIST                             - Instance: 0x0612809C
Const: CONST_MAX_REQUIRED_DIST_FOR_ESCAPE                      - Instance: 0x06128108
Const: CONST_REQUIRED_RADIUS                                   - Instance: 0x06129B6C
Const: CONST_NUM_FIRING_FX_0                                   - Instance: 0x0623639C
Const: CONST_MAX_POSECONFIG_PREVIEW_EXTRA_MESHES               - Instance: 0x063077BC
Enum: EVisibilityCategory                                      - Instance: 0x04B743E8
Enum: EAttractAlertLevel                                       - Instance: 0x04B7B758
Enum: EAttractedThugState                                      - Instance: 0x04B7B7C4
Enum: EFlagTypeEnum                                            - Instance: 0x04B89A58
Enum: EBarkDeliveryType                                        - Instance: 0x04B89D28
Enum: EAdditiveSubtractMode                                    - Instance: 0x04BA47B4
Enum: EYesNoDefault                                            - Instance: 0x04BA4820
Enum: ETransitionMagicGadgetBlend                              - Instance: 0x04BA6670
Enum: EMirroredYesNoMaybe                                      - Instance: 0x04BA693C
Enum: EPoseAllowMirroring                                      - Instance: 0x04BA74B8
Enum: EMovementStyle                                           - Instance: 0x04BA7FE4
Enum: EActionExitLevel                                         - Instance: 0x04BABCAC
Enum: EActionTickResult                                        - Instance: 0x04BABDB4
Enum: EAnimIdleType                                            - Instance: 0x04BB3588
Enum: EAnimTransitionType                                      - Instance: 0x04BB35F4
Enum: EBodyPart                                                - Instance: 0x04BB405C
Enum: EResolvedMovementAnimDirectionCombination                - Instance: 0x04BB4928
Enum: EMirrorChoice                                            - Instance: 0x04BB668C
Enum: ERootBoneSubtractionMode                                 - Instance: 0x04BB66F8
Enum: ESlavedTransitionTimeSync                                - Instance: 0x04BB6800
Enum: ERandomOverlayBlockType                                  - Instance: 0x04BB6F94
Enum: ETurnInstigator                                          - Instance: 0x04BB7BE4
Enum: ERagdollSoundType                                        - Instance: 0x04BB9308
Enum: ERelativeTargetAnimSource                                - Instance: 0x04BB95CC
Enum: ERandomOverlayState                                      - Instance: 0x04BBAB58
Enum: EMoveToRequestFacing                                     - Instance: 0x04BBBD50
Enum: EAnimTargetCharacterHeadPolicy                           - Instance: 0x04BBBEF4
Enum: EAbsoluteOrRelative                                      - Instance: 0x04BBC2F8
Enum: EAllowTurningToAim                                       - Instance: 0x04BBC75C
Enum: EMoveToThreshold                                         - Instance: 0x04BBDB0C
Enum: EDirectionInterpolation                                  - Instance: 0x04BBE144
Enum: ECheatCode                                               - Instance: 0x04BCED0C
Enum: EDistrict                                                - Instance: 0x04BCED78
Enum: EGameAction                                              - Instance: 0x04BCEDE4
Enum: EAAITakedownType                                         - Instance: 0x04BCEF18
Enum: ERPMAPCSpawnResultWheel                                  - Instance: 0x04BCEF84
Enum: EChallengeRankMode                                       - Instance: 0x04BCEFF0
Enum: EContentBeaconDisplayMode                                - Instance: 0x04BCF05C
Enum: EContentBeaconState                                      - Instance: 0x04BCF0C8
Enum: ERiddlerState                                            - Instance: 0x04BCF1FC
Enum: ERiddlerPiece                                            - Instance: 0x04BCF268
Enum: ERiddlerCategory                                         - Instance: 0x04BCF2D4
Enum: ETapeCharacter                                           - Instance: 0x04BCF340
Enum: ERiddlerCollection                                       - Instance: 0x04BCF3AC
Enum: ERiddlerLocationName                                     - Instance: 0x04BCF418
Enum: EUpgradeBoostAction                                      - Instance: 0x04BCF484
Enum: EHelicopterPointOfInterestTypes                          - Instance: 0x04BCF5B8
Enum: EGameModes                                               - Instance: 0x04BCF6EC
Enum: ELeaderboardColumns                                      - Instance: 0x04BCF758
Enum: EInstallChunk                                            - Instance: 0x04BCF7C4
Enum: ECounterLimb                                             - Instance: 0x04BCF830
Enum: EBoneNameList                                            - Instance: 0x04BCF964
Enum: EBioCharacter                                            - Instance: 0x04BCF9D0
Enum: EComboMoveType                                           - Instance: 0x04BCFA3C
Enum: EChallengeFrontendGroup                                  - Instance: 0x04BCFAA8
Enum: EChallengeFrontendState                                  - Instance: 0x04BCFB14
Enum: EChallengeBeaconStyle                                    - Instance: 0x04BCFB80
Enum: EVehicleScenarioType                                     - Instance: 0x04BCFBEC
Enum: EVehicleOrientation                                      - Instance: 0x04BCFD20
Enum: EVehicleDamageEffectCond                                 - Instance: 0x04BCFE54
Enum: EVehicleDamageEffectAttachment                           - Instance: 0x04BCFF5C
Enum: EInteractableItemFaceButton                              - Instance: 0x04BD33A4
Enum: ESelfDriveMode                                           - Instance: 0x04BD4E5C
Enum: EWanderAudioState                                        - Instance: 0x04BD4EC8
Enum: EVehicleLightType                                        - Instance: 0x04BD4F34
Enum: EVehicleLightMaterialType                                - Instance: 0x04BD5068
Enum: EFenceJumpEdgeType                                       - Instance: 0x04BDD370
Enum: EClimbEdgeFailReason                                     - Instance: 0x04BDD3DC
Enum: EStrikeRange                                             - Instance: 0x04BDD4E4
Enum: ELocalRadarTargetType                                    - Instance: 0x04BDD724
Enum: EBatmanVsBatmobileCollisionMode                          - Instance: 0x04BF9828
Enum: EBatmobileDriveTutorialStage                             - Instance: 0x04BF995C
Enum: EPDVersion                                               - Instance: 0x04BF9A5C
Enum: ECM_MedalType                                            - Instance: 0x04BF9AC8
Enum: EConceptArt                                              - Instance: 0x04BF9B34
Enum: EShowcaseCharacter                                       - Instance: 0x04BF9BA0
Enum: EShowcaseVehicle                                         - Instance: 0x04BF9C0C
Enum: ECustomWayPointType                                      - Instance: 0x04BF9C78
Enum: ETutorialType                                            - Instance: 0x04BFCF84
Enum: EProgressLocations                                       - Instance: 0x04BFE6A4
Enum: EBatmanChallenge                                         - Instance: 0x04BFE710
Enum: EBluntTraumaTakedowns                                    - Instance: 0x04C03638
Enum: EJokerSickStages                                         - Instance: 0x04C03B84
Enum: ETrailItems_Version                                      - Instance: 0x04C06C1C
Enum: EMostWanted_IconData_Version                             - Instance: 0x04C06F84
Enum: EMostWanted_Data_Version                                 - Instance: 0x04C076A0
Enum: ESideStoryMapIcon_Data_Version                           - Instance: 0x04C08564
Enum: EOverrideThreatLevel                                     - Instance: 0x04C088CC
Enum: EDynamicPopulation_APCSideStory_Version                  - Instance: 0x04C08BC4
Enum: EDynamicPopulation_VehicleScenario_Version               - Instance: 0x04C0982C
Enum: EDynamicPopulation_PopulationDefines_Version             - Instance: 0x04C09DF4
Enum: EDynamicPopulation_SideStories                           - Instance: 0x04C09E60
Enum: EBatmobileGetOutSpace                                    - Instance: 0x04C1AA38
Enum: EHandbrakeTurnType                                       - Instance: 0x04C1AAA4
Enum: EnvironmentAnimationDirection                            - Instance: 0x04C1C4C8
Enum: EnvironmentSpecialMoveTypes                              - Instance: 0x04C1C5C8
Enum: EnvironmentFeelerState                                   - Instance: 0x04C1C808
Enum: EBatmanCoverCorners                                      - Instance: 0x04C1D368
Enum: EHangLedgeType                                           - Instance: 0x04C1F058
Enum: EVehicleWeaponSelection                                  - Instance: 0x04C1F0C4
Enum: EHighlightedTargetType                                   - Instance: 0x04C1F1F8
Enum: EFGadgetIDs                                              - Instance: 0x04C1F264
Enum: EPlayerWantsToCrouch                                     - Instance: 0x04C1F2D0
Enum: EGadgetEquipState                                        - Instance: 0x04C1F33C
Enum: EBatmanGrabType                                          - Instance: 0x04C1F3A8
Enum: EPoseMirroredBehaviour                                   - Instance: 0x04C1F414
Enum: EVoiceSynthesiserLethalTrap                              - Instance: 0x04C1F480
Enum: ECommanderVoiceForVoiceSynthesiser                       - Instance: 0x04C1F5B4
Enum: EGameStatus                                              - Instance: 0x04C1F6BC
Enum: EStaticString                                            - Instance: 0x04C1F728
Enum: EStaticFloat                                             - Instance: 0x04C1F794
Enum: EStaticInt                                               - Instance: 0x04C1F800
Enum: EStaticBool                                              - Instance: 0x04C1F86C
Enum: ETauntMovementDirectionHint                              - Instance: 0x04C1F8D8
Enum: ETauntNotifyType                                         - Instance: 0x04C1F944
Enum: ETauntPairedDirection                                    - Instance: 0x04C1F9B0
Enum: EDebugSaveGameplayType                                   - Instance: 0x04C1FA1C
Enum: EMultiPlayerGameType                                     - Instance: 0x04C25264
Enum: EPredAttackState                                         - Instance: 0x04C252D0
Enum: EGameCombatCameraType                                    - Instance: 0x04C25474
Enum: ECombatLockType                                          - Instance: 0x04C25644
Enum: EChallengeModifiers                                      - Instance: 0x04C256B0
Enum: EChallengeModifierType                                   - Instance: 0x04C257B8
Enum: EAchievementID                                           - Instance: 0x04C25824
Enum: EChallengeFlow                                           - Instance: 0x04C259C8
Enum: EBatmobileTauntPosition                                  - Instance: 0x04C29588
Enum: EWeaponSwitchCallbackResult                              - Instance: 0x04C29C14
Enum: EPhysWalkingType                                         - Instance: 0x04C29C80
Enum: EStasisMode                                              - Instance: 0x04C29CEC
Enum: EKeyMapping                                              - Instance: 0x04C3D600
Enum: EFlashAudioChannel                                       - Instance: 0x04C3D66C
Enum: EObjIcon                                                 - Instance: 0x04C531A0
Enum: ENpcHeartBeatType                                        - Instance: 0x04C5320C
Enum: EDetectiveModeDetectorStates                             - Instance: 0x04C533D8
Enum: EChallengeScreenModes                                    - Instance: 0x04C61654
Enum: ELocationToAvoidMiningType                               - Instance: 0x04C65144
Enum: EVillainFearLevel                                        - Instance: 0x04C6A8A0
Enum: EFOVcategory                                             - Instance: 0x04C9843C
Enum: EContactType                                             - Instance: 0x04C984A8
Enum: EFoot                                                    - Instance: 0x04C98514
Enum: EFootstepSurfaceFinder                                   - Instance: 0x04C98580
Enum: EStunnedHitType                                          - Instance: 0x04C987C0
Enum: EFuzziness                                               - Instance: 0x04CA6A38
Enum: ERagdollVsNavMesh                                        - Instance: 0x04CA76A8
Enum: EOneShotMovementCycleState                               - Instance: 0x04CA7E68
Enum: EAnimAccumulatorPoseLayer                                - Instance: 0x04CA8B54
Enum: EAnimAccumulatorPartialAnimType                          - Instance: 0x04CAA068
Enum: EAnimAccumulatorSpecialBones                             - Instance: 0x04CAD2F0
Enum: ETargetStrikeResponse                                    - Instance: 0x04CDB18C
Enum: EDamageResult                                            - Instance: 0x04CDB1F8
Enum: ECombatPawnType                                          - Instance: 0x04CDB264
Enum: ESimultaneousCounterFormation                            - Instance: 0x04CDDF98
Enum: EAdditionalRagdollForce                                  - Instance: 0x04CDE004
Enum: ESimultaneousCounterAnimType                             - Instance: 0x04CDE070
Enum: ESimultaneousCounterBehaviourType                        - Instance: 0x04CDE0DC
Enum: ERiotFailReason                                          - Instance: 0x04CF896C
Enum: ESkinTypeEnum                                            - Instance: 0x04CF9A44
Enum: EGangTypeDefineEnum                                      - Instance: 0x04CF9AB0
Enum: EThugMakerTypeEnum                                       - Instance: 0x04CFA1D4
Enum: ECasualtyScreamReason                                    - Instance: 0x04D041B8
Enum: EBRAECReactionType                                       - Instance: 0x04D04224
Enum: ERagdollStunType                                         - Instance: 0x04D15138
Enum: EEvadeVehicleType                                        - Instance: 0x04D1CD18
Enum: EStreamedCombatWeaponTypes                               - Instance: 0x04D1CD84
Enum: ECoverCornerType                                         - Instance: 0x04D294A4
Enum: EBatarangThrowType                                       - Instance: 0x04D29510
Enum: EHudDisplayLevel                                         - Instance: 0x04D44540
Enum: ELockOnBeepStage                                         - Instance: 0x04D445AC
Enum: EBatmobileEjectType                                      - Instance: 0x04D58180
Enum: EBatmobilePickupMode                                     - Instance: 0x04D586CC
Enum: EWeaponWarningAttackType                                 - Instance: 0x04D5ACDC
Enum: EAudioAltModeTypes                                       - Instance: 0x04D60A98
Enum: EWalkerWeaponTypes                                       - Instance: 0x04D9521C
Enum: EVehicleSpawnType                                        - Instance: 0x04D95288
Enum: EVehiclePassengerIdleType                                - Instance: 0x04D952F4
Enum: ECanAttackTargetResult                                   - Instance: 0x04D95360
Enum: EVehicleCombatEncounterType                              - Instance: 0x04D953CC
Enum: EOmnitronInteractionType                                 - Instance: 0x04D957DC
Enum: EVehicleGroupType                                        - Instance: 0x04D9DCB8
Enum: EVehicleKillType                                         - Instance: 0x04DD3F9C
Enum: ECriticalRunStage                                        - Instance: 0x04DD6DE4
Enum: EChaseDifficulty                                         - Instance: 0x04DD6F88
Enum: EXrayType                                                - Instance: 0x04DEBA28
Enum: EDifficultyType                                          - Instance: 0x04DF559C
Enum: EArrayPropertyType                                       - Instance: 0x04DF56D0
Enum: ECameraLookAtSpeed                                       - Instance: 0x04DF9A78
Enum: ECameraLookAtStrength                                    - Instance: 0x04DF9AE4
Enum: EWeaponConfigType                                        - Instance: 0x04DFAD4C
Enum: ESContexts                                               - Instance: 0x04E11304
Enum: EHudWeaponType                                           - Instance: 0x04E24DA0
Enum: EDirtLocation                                            - Instance: 0x04E2B7A8
Enum: EDirtType                                                - Instance: 0x04E2B8B0
Enum: EJustifyText                                             - Instance: 0x04E2B91C
Enum: EControlIcon                                             - Instance: 0x04E2BE88
Enum: EGunTargetBoneState                                      - Instance: 0x04E2FB1C
Enum: EFadeType                                                - Instance: 0x04E6E110
Enum: ECombatQualityType                                       - Instance: 0x04E6E2AC
Enum: ETypesOfHallucination                                    - Instance: 0x04E6E318
Enum: EStasisLevel                                             - Instance: 0x04E829A0
Enum: EVocalType                                               - Instance: 0x04E87FB0
Enum: EVocalPriority                                           - Instance: 0x04E8801C
Enum: EStreamedPredWeaponTypes                                 - Instance: 0x04E88088
Enum: EGS_Reason                                               - Instance: 0x04E880F4
Enum: ELive_LiveError                                          - Instance: 0x04E88160
Enum: ERPMAPCSpawnStatusWheel                                  - Instance: 0x04E881CC
Enum: EPresenceID                                              - Instance: 0x04E8C730
Enum: EContexts                                                - Instance: 0x04E8C79C
Enum: ECameraLookAtType                                        - Instance: 0x04E8C808
Enum: EStealthTakeDownStages                                   - Instance: 0x04E8C910
Enum: EStrikeStrength                                          - Instance: 0x04E8C97C
Enum: EStrikeDirection                                         - Instance: 0x04E8C9E8
Enum: EeSideStoryCooldownTimer                                 - Instance: 0x04E8CA54
Enum: EHitAnimType                                             - Instance: 0x04ED4794
Enum: EAimingConfigDesc                                        - Instance: 0x04EDF284
Enum: ETryCounterResult                                        - Instance: 0x04EE2BE4
Enum: ECounterSlopeDirection                                   - Instance: 0x04EE2C50
Enum: EPlayerVariableType                                      - Instance: 0x04EE2CBC
Enum: EWeaponDestroyType                                       - Instance: 0x04EE2DC4
Enum: EPickupWeaponType                                        - Instance: 0x04EE2EF8
Enum: EStrikeWeaponGrabbed                                     - Instance: 0x04EE2F64
Enum: ETakedownSpeed                                           - Instance: 0x04EE2FD0
Enum: ETakedownEnvironmentDir                                  - Instance: 0x04EE3104
Enum: ETakedownMovement                                        - Instance: 0x04EE3170
Enum: EStrikeStartHeight                                       - Instance: 0x04EE31DC
Enum: ETakedownType                                            - Instance: 0x04EE3248
Enum: ECounterMoveDir                                          - Instance: 0x04EE32B4
Enum: ECounterEnvironmentDir                                   - Instance: 0x04EE33E8
Enum: ECounterStrength                                         - Instance: 0x04EE3454
Enum: ECounterStartHeight                                      - Instance: 0x04EE34C0
Enum: ECounterWeaponGrabbed                                    - Instance: 0x04EE352C
Enum: EHitStrength                                             - Instance: 0x04EE3598
Enum: EStrikeHand                                              - Instance: 0x04EE3604
Enum: EStrikeDamageDirection                                   - Instance: 0x04EE3670
Enum: ECameraDirection                                         - Instance: 0x04EE36DC
Enum: EStrikeTurnMotion                                        - Instance: 0x04EE3748
Enum: EStrikeTargetType                                        - Instance: 0x04EE37B4
Enum: EStrikeEnvironmentDir                                    - Instance: 0x04EE3820
Enum: EMovementStances                                         - Instance: 0x04EE4794
Enum: EBM2RelativeTransitionStyle                              - Instance: 0x04EE4800
Enum: EInterrogationPose                                       - Instance: 0x04EE619C
Enum: EeLookDirection                                          - Instance: 0x04F409F4
Enum: EWallRunType                                             - Instance: 0x04F42BB0
Enum: EDualPlayPredatorLines                                   - Instance: 0x04F42C1C
Enum: EShimmtMoveResult                                        - Instance: 0x04F42C88
Enum: EOverheadRopeControlPointType                            - Instance: 0x04F42CF4
Enum: ELocalGrapplePlayer                                      - Instance: 0x04F43C98
Enum: EGrapplePointOctreeTypeType                              - Instance: 0x04F453F4
Enum: EGrapplePointTypes                                       - Instance: 0x04F45808
Enum: EPredatorAttackType                                      - Instance: 0x04F46404
Enum: EPredatorAIType                                          - Instance: 0x04F46470
Enum: EArmourType                                              - Instance: 0x04F49624
Enum: EPlayerTakedownType                                      - Instance: 0x04F49758
Enum: EPerchDirection                                          - Instance: 0x04F497C4
Enum: ETakedownFeature_Type                                    - Instance: 0x04F49830
Enum: ECapeEnabledType                                         - Instance: 0x04F4989C
Enum: ECapeHiddenType                                          - Instance: 0x04F49908
Enum: ECapeMirroredType                                        - Instance: 0x04F49974
Enum: EAISpecialMoveCommentType                                - Instance: 0x04F4A9FC
Enum: ESpecialMoveAnimSetType                                  - Instance: 0x04F4AA68
Enum: ESpecialMoveSupportedOverrideButtons                     - Instance: 0x04F4AB70
Enum: ERelativeAnimMoveExtraInfo                               - Instance: 0x04F51E94
Enum: ERelativeAnimLaunchFoot                                  - Instance: 0x04F52D2C
Enum: EQuickGadgetType                                         - Instance: 0x04F5770C
Enum: EBatmanPoseType                                          - Instance: 0x04F5A044
Enum: EBatmanGadgetList                                        - Instance: 0x04F5A378
Enum: EPlayerLandMoves                                         - Instance: 0x04F5A3E4
Enum: EDamageAllowed                                           - Instance: 0x04FAFC78
Enum: ECombatReadinessState                                    - Instance: 0x04FBAD28
Enum: EStuckRagdollSolutionType                                - Instance: 0x04FBAF68
Enum: EAttackCounterTypes                                      - Instance: 0x04FBB1A0
Enum: EBatmanArmourType                                        - Instance: 0x050739C8
Enum: EPOVersion                                               - Instance: 0x05077764
Enum: EDDAIntType                                              - Instance: 0x050777D0
Enum: EDifficultyLevels                                        - Instance: 0x0507783C
Enum: EHelpTextLevel                                           - Instance: 0x050778A8
Enum: EDeathMovieRecord_Version                                - Instance: 0x05077914
Enum: EGeneralOptions                                          - Instance: 0x05077BE8
Enum: EPlayerOptions                                           - Instance: 0x05077C54
Enum: EChallengePerCharacter_Data_Version                      - Instance: 0x05077CC0
Enum: EChallengePerCharacter_Version                           - Instance: 0x05078348
Enum: EMobileUnlocks                                           - Instance: 0x0507887C
Enum: EActivePlayerSkin_Version                                - Instance: 0x050788E8
Enum: EControlsOptionsKeyboard_Batgirl                         - Instance: 0x0507B978
Enum: EControlsOptionsKeyboard_RedHood                         - Instance: 0x0507B9E4
Enum: EControlsOptionsKeyboard_Harley                          - Instance: 0x0507BA50
Enum: EControlsOptionsKeyboard_Pursuit                         - Instance: 0x0507BABC
Enum: EControlsOptionsKeyboard                                 - Instance: 0x0507BB28
Enum: EControlsOptionsKeyboard_Battle                          - Instance: 0x0507BB94
Enum: EMenuItemEnum                                            - Instance: 0x05090234
Enum: EUIPromptType                                            - Instance: 0x05090334
Enum: EUIEVENT_ActionType                                      - Instance: 0x050903A0
Enum: EWBIDStatus                                              - Instance: 0x050A7108
Enum: E_WBID_Screen_Type                                       - Instance: 0x050A7174
Enum: ENetworkDebugColourCode                                  - Instance: 0x050A71E0
Enum: EHackSubroutineType                                      - Instance: 0x050AAC74
Enum: EHackableObjectState                                     - Instance: 0x050AACE0
Enum: EHackSubroutineIcon                                      - Instance: 0x050AAD4C
Enum: EForceVantageCameraSide                                  - Instance: 0x050C0048
Enum: EVantageWallInfo                                         - Instance: 0x050C00B4
Enum: EGrappleFailReason                                       - Instance: 0x050CDFD4
Enum: EAutoSwingState                                          - Instance: 0x0512CF60
Enum: ESwingDirection                                          - Instance: 0x0512DE20
Enum: EHarleyMayhemMove                                        - Instance: 0x05137340
Enum: EHarleyVisibilityState                                   - Instance: 0x051373AC
Enum: EHarleyQuinnGadgetList                                   - Instance: 0x0513C784
Enum: EAllyType                                                - Instance: 0x051666BC
Enum: EGlideKickMoveExtraInfo                                  - Instance: 0x051856D0
Enum: EButtonGroup_Default                                     - Instance: 0x051AAD04
Enum: EButtonGroup_Create                                      - Instance: 0x051AAEF8
Enum: EButtonGroup_EmailForm                                   - Instance: 0x051AB4A0
Enum: EButtonGroup_WBIDOptions                                 - Instance: 0x051AB730
Enum: EButtonGroup_Verify                                      - Instance: 0x051AB924
Enum: EBatmobileDriveCamera                                    - Instance: 0x051BDDE4
Enum: ESpecialEscapeType                                       - Instance: 0x05230078
Enum: EAttackProgressState                                     - Instance: 0x052300E4
Enum: EPredAttackEscalationType                                - Instance: 0x05230150
Enum: EAttackStartTrigger                                      - Instance: 0x052301BC
Enum: EConvergeProcessState                                    - Instance: 0x05250AA4
Enum: EAAIResponseType                                         - Instance: 0x05283840
Enum: ENervousSetPieceType                                     - Instance: 0x052840F4
Enum: EConvergeTargetType                                      - Instance: 0x052A3FAC
Enum: EDroneStartleType                                        - Instance: 0x052AFE1C
Enum: ESearchAssignProcessState                                - Instance: 0x052D3A50
Enum: ESearchRoutingWorkState                                  - Instance: 0x05300550
Enum: EeCornerAnimStage                                        - Instance: 0x05303AE0
Enum: EePairedCornerAnimType                                   - Instance: 0x0530438C
Enum: EAmbushDir                                               - Instance: 0x0531AC58
Enum: EGrateGrenadeAnimDir                                     - Instance: 0x053239AC
Enum: EeLookInGrateType                                        - Instance: 0x0533B148
Enum: EPredStartleType                                         - Instance: 0x05373968
Enum: EBrainScriptImportance                                   - Instance: 0x05386310
Enum: EPlayerSeenEscapeTypeEnum                                - Instance: 0x05386F04
Enum: ERagdollTransitionInstigator                             - Instance: 0x05399250
Enum: ERagdollForceType                                        - Instance: 0x05399CB4
Enum: EBeginEndType                                            - Instance: 0x053AC93C
Enum: ECamNotifyType                                           - Instance: 0x053ACF94
Enum: EFloatControlType                                        - Instance: 0x053AD398
Enum: EFootPassing                                             - Instance: 0x053ADEE0
Enum: EMeetingPointType                                        - Instance: 0x053AFB54
Enum: ERiotPickupType                                          - Instance: 0x053B0850
Enum: EBoneOrSocketSource                                      - Instance: 0x053B1EF8
Enum: ESwitchType                                              - Instance: 0x053B4D04
Enum: ELimbOnOrOff                                             - Instance: 0x053B51B0
Enum: EWhipTargetingType                                       - Instance: 0x053B5484
Enum: EBlinkSequenceState                                      - Instance: 0x053B56B4
Enum: EFloorCorrectionInput                                    - Instance: 0x053B5C18
Enum: EArZoneColor                                             - Instance: 0x053BE7F0
Enum: EAttackEdgeSearchState                                   - Instance: 0x053BF088
Enum: EStanceVisType                                           - Instance: 0x053C0068
Enum: EAttackPointSearchState                                  - Instance: 0x053C00D4
Enum: EConvoFlagSource                                         - Instance: 0x053E0D28
Enum: EBatarangCameraRollingDirection                          - Instance: 0x053FA91C
Enum: EBatmobileCannonMode                                     - Instance: 0x0542E878
Enum: EMissileAnimState                                        - Instance: 0x05443248
Enum: ERopeLengthChangeType                                    - Instance: 0x0547DF88
Enum: ERopeEndType                                             - Instance: 0x0547DFF4
Enum: ERopeLengthControlType                                   - Instance: 0x0547E060
Enum: EWinchPullType                                           - Instance: 0x054840B4
Enum: EBlockingType                                            - Instance: 0x054AE3A4
Enum: EMoveToSpeed                                             - Instance: 0x054B0358
Enum: ETransitionInInteruptSetting                             - Instance: 0x054B1EF4
Enum: EStasisType                                              - Instance: 0x054B1F60
Enum: ECornerType                                              - Instance: 0x054C8FE0
Enum: EePathElevation                                          - Instance: 0x054C917C
Enum: ECheckManDown_OverlayState                               - Instance: 0x054D6100
Enum: EeDMDExitReason                                          - Instance: 0x054D8A4C
Enum: EeReviveAnimType                                         - Instance: 0x0552B6E0
Enum: EeThugInWayAnimType                                      - Instance: 0x0552C21C
Enum: EeReviveCasDialogueState                                 - Instance: 0x0552C324
Enum: EeRunToCasType                                           - Instance: 0x0553A820
Enum: EFireState                                               - Instance: 0x0554A2F4
Enum: ENavMeshObstacleQueueType                                - Instance: 0x0556A4B8
Enum: EBatmanCutsceneType                                      - Instance: 0x05586690
Enum: EAvoidType                                               - Instance: 0x0558D060
Enum: EHeliTimeSliceFeature                                    - Instance: 0x055A7768
Enum: ENoMoveReason                                            - Instance: 0x055BE210
Enum: EThugState                                               - Instance: 0x055E8070
Enum: EMirrorState                                             - Instance: 0x05604788
Enum: ECommonPoses                                             - Instance: 0x056047F4
Enum: EMoveSpeed                                               - Instance: 0x0561F1E0
Enum: EMoveToSpeed_0                                           - Instance: 0x05644150
Enum: EMoveToSpeed_1                                           - Instance: 0x05649AB8
Enum: EIdleStanceName                                          - Instance: 0x05657AC0
Enum: EFireState_0                                             - Instance: 0x056584BC
Enum: EStringUpBones                                           - Instance: 0x0567BE78
Enum: ELoDUpdateMode                                           - Instance: 0x0567DAAC
Enum: EDamageDirectionType                                     - Instance: 0x056814A8
Enum: EObjectUsageType                                         - Instance: 0x056860D8
Enum: EThrownWeaonCounterType                                  - Instance: 0x05693810
Enum: ECamMovementTestResults                                  - Instance: 0x056AEA18
Enum: EMatineeEndedType                                        - Instance: 0x056C4E84
Enum: EPS_PawnTypes                                            - Instance: 0x056D1288
Enum: EHasHeadset                                              - Instance: 0x056D1A80
Enum: ESmashStatus                                             - Instance: 0x056E2748
Enum: EGunType                                                 - Instance: 0x056F5534
Enum: ECollisionShape                                          - Instance: 0x057208C4
Enum: EInitterType                                             - Instance: 0x05721234
Enum: EStateEffectType                                         - Instance: 0x0572133C
Enum: ECapeBoneState                                           - Instance: 0x057213A8
Enum: ECapeBoneSkinningType                                    - Instance: 0x05721414
Enum: ECapeBoneVisibility                                      - Instance: 0x05722580
Enum: ECapeBoundsCalculationType                               - Instance: 0x05730D38
Enum: EAutoForwardType                                         - Instance: 0x057318B8
Enum: EOverstretchHandlingMethod                               - Instance: 0x05731BA8
Enum: ESubChapter                                              - Instance: 0x0574BBC4
Enum: EChaseSearchState                                        - Instance: 0x057670D0
Enum: EFloorPickupType                                         - Instance: 0x057F62F8
Enum: ECancelTakedownStatus                                    - Instance: 0x057F93FC
Enum: ECatchAnimType                                           - Instance: 0x0582FB78
Enum: EBreakoutDir                                             - Instance: 0x05861770
Enum: ENinjaDodgeReason                                        - Instance: 0x05873318
Enum: ENinjaSingleSwordAttackType                              - Instance: 0x05875634
Enum: EVillainJumpType                                         - Instance: 0x058B43A8
Enum: ECommandBeaconDialogue                                   - Instance: 0x058E714C
Enum: EeCommandBeaconState                                     - Instance: 0x058E7490
Enum: ECornerState                                             - Instance: 0x058F5ED4
Enum: EReverbPreset                                            - Instance: 0x058F798C
Enum: ESpawnShape                                              - Instance: 0x0590DDF8
Enum: ESpawnGrouping                                           - Instance: 0x0590DE64
Enum: EStartPoints                                             - Instance: 0x05911830
Enum: EClawClimbDirection                                      - Instance: 0x0591189C
Enum: EClimbPathFailReason                                     - Instance: 0x059119A4
Enum: EClawClimbStartMode                                      - Instance: 0x05916EFC
Enum: EDynamicMenuButton                                       - Instance: 0x05951618
Enum: EPopulationType                                          - Instance: 0x05961BE8
Enum: EMostWantedDebugMenuE                                    - Instance: 0x05977858
Enum: EDamageSuppressed                                        - Instance: 0x05980748
Enum: EDebugDestructiblesTickReason                            - Instance: 0x059807B4
Enum: EDebugDestructibleArchetype                              - Instance: 0x059830D0
Enum: EDestructibleWallSide                                    - Instance: 0x0598FB74
Enum: EDisruptableObjectNetworkType                            - Instance: 0x059A80D0
Enum: EDisruptableObjectTargetType                             - Instance: 0x059A84E4
Enum: EDisruptableObjectDifficulty                             - Instance: 0x059AABE4
Enum: EHighlightedMaterialType                                 - Instance: 0x059BA9B0
Enum: EFloorPanelStates                                        - Instance: 0x059F23AC
Enum: EeRobotSpawnerState                                      - Instance: 0x059F7F98
Enum: EFireGrappleExtraVectorInfo                              - Instance: 0x05A14148
Enum: EKnightfallState                                         - Instance: 0x05A28D88
Enum: EMissionDialogueType                                     - Instance: 0x05A28DF4
Enum: EActiveSideStoryEnum                                     - Instance: 0x05A29BF0
Enum: EIntelEnabledSideStories                                 - Instance: 0x05A29C5C
Enum: EMissionDialogueState                                    - Instance: 0x05A2B0B0
Enum: ESideStoryDiscoveryState                                 - Instance: 0x05A2B844
Enum: EVisualHudMode                                           - Instance: 0x05A3BFD4
Enum: ESpecialTrackingMode                                     - Instance: 0x05A3C040
Enum: EFilterModeEvent                                         - Instance: 0x05A3C448
Enum: EFlashStates                                             - Instance: 0x05A3C630
Enum: EvidenceVisibleState                                     - Instance: 0x05A40BA8
Enum: EDevicePostProcessEffects                                - Instance: 0x05A40D4C
Enum: EvidenceDisplayState                                     - Instance: 0x05A43E40
Enum: EFractureWallSide                                        - Instance: 0x05A575FC
Enum: ERigidBodyCollisionResponseType                          - Instance: 0x05A57668
Enum: EGadgetWheelState                                        - Instance: 0x05A84D20
Enum: EObjectPickupTypes                                       - Instance: 0x05A8DC8C
Enum: EWindowTypes                                             - Instance: 0x05A8DCF8
Enum: EGangPointCarState                                       - Instance: 0x05A946C0
Enum: EtransitionState                                         - Instance: 0x05A9E4F8
Enum: EGPopup_Type                                             - Instance: 0x05AA5500
Enum: EUpgradeItemType                                         - Instance: 0x05AAA430
Enum: ERiddleLoadingStatus                                     - Instance: 0x05AAA49C
Enum: EAnimatedFadeType                                        - Instance: 0x05AAE608
Enum: ESubtitleJustify                                         - Instance: 0x05AAE674
Enum: EGE_Type                                                 - Instance: 0x05AB5084
Enum: EWCLBMode                                                - Instance: 0x05AB9BEC
Enum: EResonatorAudioEvent                                     - Instance: 0x05ADCD98
Enum: EControllerStatusFields                                  - Instance: 0x05ADCE04
Enum: ELBMode                                                  - Instance: 0x05AE4B04
Enum: EPopUpTypes                                              - Instance: 0x05AF80EC
Enum: EKeyBindSourceId                                         - Instance: 0x05AFE4BC
Enum: EKeyboardBindTypeId                                      - Instance: 0x05AFE528
Enum: EKeyMap                                                  - Instance: 0x05AFE594
Enum: EGuardLocationType                                       - Instance: 0x05B40EF0
Enum: EAssignBarkType                                          - Instance: 0x05B4205C
Enum: EDragMovingState                                         - Instance: 0x05B4C2C4
Enum: EBreakableType                                           - Instance: 0x05B4D538
Enum: EHarpoonAttackType                                       - Instance: 0x05B541BC
Enum: EBatclawFireDirections                                   - Instance: 0x05B55B68
Enum: EeHPOIIsland                                             - Instance: 0x05B78540
Enum: ETunnelMeshType                                          - Instance: 0x05B7F7F4
Enum: ERope2LengthChangeEndType                                - Instance: 0x05B8F828
Enum: ERope2EndType                                            - Instance: 0x05B8F894
Enum: ECinematicPriorities                                     - Instance: 0x05BA3BF4
Enum: ESurveillanceModes                                       - Instance: 0x05BA9038
Enum: EnergySystemStates                                       - Instance: 0x05BAB6D8
Enum: EHeavyCannonCooldownLevel                                - Instance: 0x05BADC00
Enum: EDetailDisplayType                                       - Instance: 0x05BBA120
Enum: ENpcExtraInfo                                            - Instance: 0x05BBAAE4
Enum: EDownloadProgressPhases                                  - Instance: 0x05BBE188
Enum: EHeavyTankDetails                                        - Instance: 0x05BCE43C
Enum: EHeaderArrayIndices                                      - Instance: 0x05BE2A98
Enum: ETargetsArrayIndices                                     - Instance: 0x05BE2B04
Enum: ECompassArrayIndices                                     - Instance: 0x05BE2B70
Enum: EeIncendiaryGrenadeState                                 - Instance: 0x05BEFCD0
Enum: EGadgetSelectionDirection                                - Instance: 0x05BF77E0
Enum: EStorySlots                                              - Instance: 0x05C1C608
Enum: EMBControlType                                           - Instance: 0x05C23EF8
Enum: EMBImpulseType                                           - Instance: 0x05C2409C
Enum: ECombatLockSides                                         - Instance: 0x05C3302C
Enum: EMagMatObjEmitType                                       - Instance: 0x05C7DAB8
Enum: EMatineeMoveState                                        - Instance: 0x05C7E24C
Enum: EMagAudioDirection                                       - Instance: 0x05C7E354
Enum: EEmergencyStopMode                                       - Instance: 0x05C83D34
Enum: EForceFieldAxis                                          - Instance: 0x05C83DA0
Enum: ETypesOfAppearance                                       - Instance: 0x05C8BCD0
Enum: EMapFilterType                                           - Instance: 0x05C8E324
Enum: EMapMarkerType                                           - Instance: 0x05C8E390
Enum: EMapLabelType                                            - Instance: 0x05C8E3FC
Enum: EMapGroupArea                                            - Instance: 0x05C8E468
Enum: EMapGroupRange                                           - Instance: 0x05C8E4D4
Enum: EMMTFlags                                                - Instance: 0x05C8E540
Enum: ENavActorState                                           - Instance: 0x05C983F8
Enum: EPathStatus                                              - Instance: 0x05C9ADB8
Enum: ENavMeshCollisionSettings                                - Instance: 0x05CA82F4
Enum: EMWLeaderboardColumns                                    - Instance: 0x05CBACF0
Enum: EKismetState                                             - Instance: 0x05CBF168
Enum: ELeftRight                                               - Instance: 0x05D02388
Enum: EThermalGoggleState                                      - Instance: 0x05D023F4
Enum: ESkillPointCategories                                    - Instance: 0x05D3569C
Enum: EPercentData                                             - Instance: 0x05D35708
Enum: EGameplayStats                                           - Instance: 0x05D35774
Enum: EPSharedVersion                                          - Instance: 0x05D357E0
Enum: EPhotoMenuSettings                                       - Instance: 0x05D40E50
Enum: EPhotoScannerStates                                      - Instance: 0x05D47940
Enum: EScanningState                                           - Instance: 0x05D479AC
Enum: ECrimeSceneEvidenceEvent                                 - Instance: 0x05D47B70
Enum: EvidenceScanType                                         - Instance: 0x05D511C0
Enum: EChapterNo                                               - Instance: 0x05D65A0C
Enum: EStopPlayerDoingStuff                                    - Instance: 0x05D74518
Enum: ECameraRouteType                                         - Instance: 0x05D75BBC
Enum: EStealthAttackType                                       - Instance: 0x05D79FC0
Enum: EMapKeyType                                              - Instance: 0x05D7A098
Enum: ELowUrgencyOpenWheelStates                               - Instance: 0x05D7A104
Enum: EGroundMovementState                                     - Instance: 0x05D7A238
Enum: EJumpSpaceResult                                         - Instance: 0x05DF3444
Enum: EGlideAttackTargettingType                               - Instance: 0x05E29FDC
Enum: EPCCheckFrame                                            - Instance: 0x05E2A048
Enum: EVehicleCombatMedals                                     - Instance: 0x05E83740
Enum: EKismetBatmanStates                                      - Instance: 0x05E8C584
Enum: EPlayerVoiceCmds                                         - Instance: 0x05E90C10
Enum: EKeyboardBindTypeId_0                                    - Instance: 0x05EF7248
Enum: EInformantType                                           - Instance: 0x05EFC068
Enum: EThreatType                                              - Instance: 0x05EFC0D4
Enum: EVehicleScenarioPlaceholderType                          - Instance: 0x05EFCB60
Enum: EPressurePadType                                         - Instance: 0x05F3BC18
Enum: ERagdollState                                            - Instance: 0x05F45F20
Enum: EAttackApproachDirection                                 - Instance: 0x05F4DF6C
Enum: EEscapeTakedownType                                      - Instance: 0x05F50794
Enum: EWaitForBatmanStages                                     - Instance: 0x05F5E680
Enum: ExcavatorLightTypes                                      - Instance: 0x05F60DA0
Enum: EGrateBoltPosition                                       - Instance: 0x05F6A1A0
Enum: EGrateRemoveType                                         - Instance: 0x05F6A20C
Enum: EBlindedDroneState                                       - Instance: 0x05F79E1C
Enum: ERiddlerCameoOverworldHintRadius                         - Instance: 0x05F8CA38
Enum: ELaneKey                                                 - Instance: 0x05F95A5C
Enum: EUsePavementMode                                         - Instance: 0x05F963EC
Enum: EBotCombatMoveType                                       - Instance: 0x05FA64AC
Enum: ELengthChangeType                                        - Instance: 0x05FB9E2C
Enum: EControlPointPhysicsType                                 - Instance: 0x05FBA470
Enum: ERopeTestState                                           - Instance: 0x05FC09E4
Enum: ECPProcessResult                                         - Instance: 0x05FC58BC
Enum: ESearchResultType                                        - Instance: 0x05FC6BAC
Enum: EeLightMode                                              - Instance: 0x05FD0A0C
Enum: ESentryGunSearchType                                     - Instance: 0x05FD20EC
Enum: EStartUpType                                             - Instance: 0x05FE9044
Enum: ESAAB_IN_Links                                           - Instance: 0x05FF1614
Enum: ESAAB_OUT_Links                                          - Instance: 0x05FF1680
Enum: ER_ShowInEditor_AudioCombNotify                          - Instance: 0x05FF7510
Enum: EPlaySpeechState                                         - Instance: 0x06003EC8
Enum: EDialogueType                                            - Instance: 0x06004CE4
Enum: EeSpeechCleanupReason                                    - Instance: 0x06004D50
Enum: EeRadioThoughtDialogueType                               - Instance: 0x06008BA8
Enum: EeTOCStatus                                              - Instance: 0x06009F1C
Enum: EeBMBLUpgradeConvState                                   - Instance: 0x0600E6FC
Enum: EScreenShakePreMades                                     - Instance: 0x06011C40
Enum: ESightCheckResult                                        - Instance: 0x06012E40
Enum: ECaseFileDirectorControl                                 - Instance: 0x06014C10
Enum: EPawnChatterActivityType                                 - Instance: 0x06017800
Enum: EGlobalChatterAvailability                               - Instance: 0x0601786C
Enum: ECinematicHudType                                        - Instance: 0x06020710
Enum: EFireCrewEncounterState                                  - Instance: 0x06034450
Enum: EFireflyEncounterState                                   - Instance: 0x06037D34
Enum: ERecencyCheckableActions                                 - Instance: 0x06043E38
Enum: EIntegratedChallengeState                                - Instance: 0x0604B858
Enum: ESAIBD_IN_Links                                          - Instance: 0x0604CC4C
Enum: ESATT_OUT_Links                                          - Instance: 0x0604CCB8
Enum: EObjectiveStyle                                          - Instance: 0x0605F8FC
Enum: ERiddlerBlockColour                                      - Instance: 0x0607913C
Enum: ERiddlerBlockStartState                                  - Instance: 0x060791A8
Enum: EMaxSimultaneousCounterSize                              - Instance: 0x06081904
Enum: ESCounterSize                                            - Instance: 0x0608C870
Enum: ESmashablePropChangeType                                 - Instance: 0x06093C1C
Enum: ESoundMeterVolume                                        - Instance: 0x0609602C
Enum: EDroneTypes                                              - Instance: 0x06098058
Enum: EMonth                                                   - Instance: 0x060A10F8
Enum: ESFModeType                                              - Instance: 0x060A2594
Enum: EeVideoTakoverTransitionType                             - Instance: 0x060A4284
Enum: EeVideoTakeoverOriginator                                - Instance: 0x060A42F0
Enum: ETutorialLookAtState                                     - Instance: 0x060ACF98
Enum: ECrimeSceneCompletionLevel                               - Instance: 0x060C1130
Enum: EBackscreenAvailability                                  - Instance: 0x060C1B40
Enum: EDroneResult                                             - Instance: 0x060C446C
Enum: EHeliAggroState                                          - Instance: 0x060CABF8
Enum: ETrackVehicleEventOutputLinks                            - Instance: 0x060E03C8
Enum: EShowcaseCameraMode                                      - Instance: 0x060E2140
Enum: EShowcaseCameraVantageRequirement                        - Instance: 0x060E21AC
Enum: ERotationOrTranslation                                   - Instance: 0x060E7758
Enum: ELimitSpace                                              - Instance: 0x060E85D4
Enum: EPropKOType                                              - Instance: 0x060F0260
Enum: ECameraCollisionOption                                   - Instance: 0x06102320
Enum: EShimmyDir                                               - Instance: 0x0610DAAC
Enum: ESwingToVantagePointExtraInfo                            - Instance: 0x06110ADC
Enum: EBatclawRopeHandOn                                       - Instance: 0x06138874
Enum: EInterrogationThugReaction                               - Instance: 0x06147A98
Enum: ELineLauncherTakedownFinish                              - Instance: 0x061563D8
Enum: ELineLauncherGrabType                                    - Instance: 0x06156444
Enum: ELineLauncherDismountType                                - Instance: 0x061564B0
Enum: ELineLauncherKickDirection                               - Instance: 0x0615651C
Enum: ELineLauncherMovementResult                              - Instance: 0x06156624
Enum: EAttackApproachDirectionChainTakedownLoopVersion         - Instance: 0x061B2C1C
Enum: EAttackApproachObstacle                                  - Instance: 0x061B77B8
Enum: ECameraCollisionOption_0                                 - Instance: 0x061D7420
Enum: EThrowTargetPriority                                     - Instance: 0x0620BD48
Enum: ETunnelFunnelType                                        - Instance: 0x062241E8
Enum: EBehaviourWhenEscortsGone                                - Instance: 0x0625D260
Enum: ECarChaseState                                           - Instance: 0x06266018
Enum: ETankSearchPhase                                         - Instance: 0x06268AFC
Enum: EFlyingStrafeBehaviourPhase                              - Instance: 0x0628229C
Enum: ESuicideMode                                             - Instance: 0x0628E704
Enum: EStrafeBehaviourPhase                                    - Instance: 0x06292BAC
Enum: EAPCWeakSpot                                             - Instance: 0x0629CF70
Enum: EVehicleExclusionTypes                                   - Instance: 0x062A34C4
Enum: ECommandTankStageBasedDialogue                           - Instance: 0x062B5C8C
Enum: EBatmobileDriveMode                                      - Instance: 0x062CE0A0
Enum: ESkidToPositionDir                                       - Instance: 0x062CF484
Enum: EVoiceSynthesiserScreenState                             - Instance: 0x062EC91C
Class: AlertInstance                                           - Instance: 0x041F55F0
Class: RActorFactoryStaticMeshDamageable                       - Instance: 0x041F5860
Class: RAltitudeVolume                                         - Instance: 0x041F5AD0
Class: RAnimNotify_AudioNotify                                 - Instance: 0x041F5D40
Class: RAnimNotify_DestructibleTakeDamage                      - Instance: 0x041F5FB0
Class: RAnimNotify_Emote                                       - Instance: 0x041F6220
Class: RAnimNotify_GauntletMovie                               - Instance: 0x041F6490
Class: RAnimNotify_Graffiti                                    - Instance: 0x041F6700
Class: RAnimNotify_IdleConfigOutput                            - Instance: 0x041F6970
Class: RAnimNotify_PickupProp                                  - Instance: 0x041F6BE0
Class: RAnimNotify_PickupWeapon                                - Instance: 0x041F6E50
Class: RAnimNotify_PlayGadgetAnim                              - Instance: 0x041F70C0
Class: RAnimNotify_RadialImpulse                               - Instance: 0x041F7330
Class: RAnimNotify_Rumble                                      - Instance: 0x041F75A0
Class: RAnimNotify_Script                                      - Instance: 0x041F7810
Class: RAnimNotify_IdleOverlay                                 - Instance: 0x041F7A80
Class: RAnimNotify_SpawnParticleFX                             - Instance: 0x041F7CF0
Class: RAnimNotify_StealthTakedownInfo                         - Instance: 0x041F0000
Class: RAnimNotify_StrikeContact                               - Instance: 0x041F0270
Class: RAnimNotify_SwitchWeaponBone                            - Instance: 0x041F04E0
Class: RApexStaticDestructibleComponent                        - Instance: 0x041F0750
Class: RAutoJezNode                                            - Instance: 0x041F09C0
Class: RBarkCharacterDef                                       - Instance: 0x041F0C30
Class: RBarkConvo                                              - Instance: 0x041F0EA0
Class: RBarkConvoData_FlagNode                                 - Instance: 0x041F1110
Class: RBarkConvoNode                                          - Instance: 0x041F1380
Class: RBarkConvoAction                                        - Instance: 0x041F15F0
Class: RBarkConvoAction_SpeechBase                             - Instance: 0x041F1860
Class: RBarkConvoAction_AKConversation                         - Instance: 0x041F1AD0
Class: RBarkConvoAction_AKDialogue                             - Instance: 0x041F1D40
Class: RBarkConvoAction_AKMulti                                - Instance: 0x041F1FB0
Class: RBarkConvoAction_FlaggedDialogue                        - Instance: 0x041F2220
Class: RBarkConvoActionCond                                    - Instance: 0x041F2490
Class: RBarkConvoAction_Cond_Flag                              - Instance: 0x041F2700
Class: RBarkConvoAction_Cond_SpeakerFlag                       - Instance: 0x041F2970
Class: RBarkConvoAction_Cond_SpeakerValid                      - Instance: 0x041F2BE0
Class: RBarkConvoPawnRef                                       - Instance: 0x041F2E50
Class: RBarkConvoPawnRef_BestForFlagType                       - Instance: 0x041F30C0
Class: RBarkConvoPawnRef_BossPawn                              - Instance: 0x041F3330
Class: RBarkConvoPawnRef_Carrier                               - Instance: 0x041F35A0
Class: RBarkConvoPawnRef_ClosestForShouting                    - Instance: 0x041F3810
Class: RBarkConvoPawnRef_ClosestToIndexed                      - Instance: 0x041F3A80
Class: RBarkConvoPawnRef_DroneController                       - Instance: 0x041F3CF0
Class: RBarkConvoPawnRef_Indexed                               - Instance: 0x041E8000
Class: RBarkConvoPawnRef_Leader                                - Instance: 0x041E8270
Class: RBarkConvoPawnRef_Named                                 - Instance: 0x041E84E0
Class: RBarkConvoPawnRef_NearestToPrev                         - Instance: 0x041E8750
Class: RBarkConvoPawnRef_Random                                - Instance: 0x041E89C0
Class: RBarkConvoPawnRef_StealthSuit                           - Instance: 0x041E8C30
Class: RBarkPillarLookup                                       - Instance: 0x041E8EA0
Class: RBarkSet                                                - Instance: 0x041E9110
Class: RBatclawPipeCoverBase                                   - Instance: 0x041E9380
Class: RBMCameraEmitter                                        - Instance: 0x041E95F0
Class: RBMCombatPoint                                          - Instance: 0x041E9860
Class: RBMCombatPoint_EnvironmentAttackObjectBase              - Instance: 0x041E9AD0
Class: RBMCombatPoint_EnvironmentAttackObject                  - Instance: 0x041E9D40
Class: RBMCombatPoint_EnvironmentWeapon                        - Instance: 0x041E9FB0
Class: RBMCombatPoint_GunDispenserBase                         - Instance: 0x041EA220
Class: RBMRagdollBoneFollower                                  - Instance: 0x041EA490
Class: RBMScreenShakeModifier                                  - Instance: 0x041EA700
Class: RBMWeapon                                               - Instance: 0x041EA970
Class: RBMWeaponMelee                                          - Instance: 0x041EABE0
Class: RBMWeaponRanged                                         - Instance: 0x041EAE50
Class: RBMWeaponRocketLauncherBase                             - Instance: 0x041EB0C0
Class: RCameraConversationActor                                - Instance: 0x041EB330
Class: RCapeContactModificationComponent                       - Instance: 0x041EB5A0
Class: RCeilingClimbVolume                                     - Instance: 0x041EB810
Class: RCh0CrowdActorBase                                      - Instance: 0x041EBA80
Class: RCharacter                                              - Instance: 0x041EBCF0
Class: RCharacterScaleReferenceBase                            - Instance: 0x041E0000
Class: RCharacterSelect                                        - Instance: 0x041E0270
Class: RCheapLightComponent                                    - Instance: 0x041E04E0
Class: RCinematicLookAtTarget                                  - Instance: 0x041E0750
Class: RCommandBeaconLightsBase                                - Instance: 0x041E09C0
Class: RConfig                                                 - Instance: 0x041E0C30
Class: RAdditionalContent                                      - Instance: 0x041E0EA0
Class: RAddContentBatmobile                                    - Instance: 0x041E1110
Class: RAddContentBatmobileMesh                                - Instance: 0x041E1380
Class: RAddContentCharacterSelect                              - Instance: 0x041E15F0
Class: RAddContentPlayerCharacter                              - Instance: 0x041E1860
Class: RAddContentPlayerCharacterMesh                          - Instance: 0x041E1AD0
Class: RCharacterBioCue                                        - Instance: 0x041E1D40
Class: RDoorDefinition                                         - Instance: 0x041E1FB0
Class: REvidence                                               - Instance: 0x041E2220
Class: RCranePlatformBase                                      - Instance: 0x041E2490
Class: RCrowdAgent                                             - Instance: 0x041E2700
Class: RCrowdAttractor                                         - Instance: 0x041E2970
Class: MCrowdAttractor_CrowAttack                              - Instance: 0x041E2BE0
Class: MCrowdAttractor_CrowTrail                               - Instance: 0x041E2E50
Class: RCrowdAttractor_Cone                                    - Instance: 0x041E30C0
Class: RCrowdAttractor_Cylinder                                - Instance: 0x041E3330
Class: RCrowdManager                                           - Instance: 0x041E35A0
Class: RCrowdSequence                                          - Instance: 0x041E3810
Class: RCrowsBase                                              - Instance: 0x041E3A80
Class: RDamageType                                             - Instance: 0x041E3CF0
Class: RDmgType_BatClawSlam                                    - Instance: 0x041DC000
Class: RDmgType_CombatEnvTakedown                              - Instance: 0x041DC270
Class: RDmgType_CombatTakedown                                 - Instance: 0x041DC4E0
Class: RDmgType_DualTakedown                                   - Instance: 0x041DC750
Class: RDmgType_DualPlayClash                                  - Instance: 0x041DC9C0
Class: RDmgType_ExplosiveGel                                   - Instance: 0x041DCC30
Class: RDmgType_IntoThrow                                      - Instance: 0x041DCEA0
Class: RDmgType_Strike                                         - Instance: 0x041DD110
Class: MDmgType_BMKGunShot                                     - Instance: 0x041DD380
Class: RDmgType_AerialAttack                                   - Instance: 0x041DD5F0
Class: RDmgType_AirStrike                                      - Instance: 0x041DD860
Class: RDmgType_Barge                                          - Instance: 0x041DDAD0
Class: RDmgType_BeatDown                                       - Instance: 0x041DDD40
Class: RDmgType_BeatDownEnd                                    - Instance: 0x041DDFB0
Class: RDmgType_Counter                                        - Instance: 0x041DE220
Class: RDmgType_DualStrike                                     - Instance: 0x041DE490
Class: RDmgType_FloorPickup                                    - Instance: 0x041DE700
Class: RDmgType_Redirect                                       - Instance: 0x041DE970
Class: RDmgType_SimultaneousCounter                            - Instance: 0x041DEBE0
Class: RDmgType_StrikeDestructible                             - Instance: 0x041DEE50
Class: RDmgType_StrikeFloor                                    - Instance: 0x041DF0C0
Class: RDmgType_Throw                                          - Instance: 0x041DF330
Class: RDmgType_Takedown                                       - Instance: 0x041DF5A0
Class: RDmgType_Takedown_Floor                                 - Instance: 0x041DF810
Class: RDmgType_TakedownMinigun                                - Instance: 0x041DFA80
Class: RDmgType_WeaponDestroy                                  - Instance: 0x041DFCF0
Class: RDmgType_WeaponSnatch                                   - Instance: 0x041D4000
Class: RDebugLabel                                             - Instance: 0x041D4270
Class: RDeferred_DirectionalLight                              - Instance: 0x041D44E0
Class: RDeferred_DirectionalLight_Shadowed                     - Instance: 0x041D4750
Class: RDisruptableInterface                                   - Instance: 0x041D49C0
Class: RDistributionFloatRain                                  - Instance: 0x041D4C30
Class: RDistributionFloatNotRain                               - Instance: 0x041D4EA0
Class: RDistributionVectorRain                                 - Instance: 0x041D5110
Class: RDistributionVectorNotRain                              - Instance: 0x041D5380
Class: RDynamicMenu                                            - Instance: 0x041D55F0
Class: RDebugMenu                                              - Instance: 0x041D5860
Class: RElectrifiedFloorPanel                                  - Instance: 0x041D5AD0
Class: REndPointMarker                                         - Instance: 0x041D5D40
Class: RExplosionDetector                                      - Instance: 0x041D5FB0
Class: RFadeManager                                            - Instance: 0x041D6220
Class: RFireExtinguisherTrapBase                               - Instance: 0x041D6490
Class: RFireflyRoadExclusionVolume                             - Instance: 0x041D6700
Class: RForceFieldVolume                                       - Instance: 0x041D6970
Class: RAirshipBobbingForceFieldVolume                         - Instance: 0x041D6BE0
Class: RForensicsInvestigator                                  - Instance: 0x041D6E50
Class: RForensicsMoviePlayer                                   - Instance: 0x041D70C0
Class: RFullTape                                               - Instance: 0x041D7330
Class: RGameInfoBase                                           - Instance: 0x041D75A0
Class: RGameInfo                                               - Instance: 0x041D7810
Class: RGIFrontend                                             - Instance: 0x041D7A80
Class: RGameplayEventsHydra                                    - Instance: 0x041D7CF0
Class: RGameplayEventsWriter                                   - Instance: 0x041C0000
Class: RGameRI                                                 - Instance: 0x041C04E0
Class: RGauntletProjector                                      - Instance: 0x041C0750
Class: RHarpoonTriggerBase                                     - Instance: 0x041C09C0
Class: RPickup_InsectCrateBase                                 - Instance: 0x041C0C30
Class: RHelicopterBase                                         - Instance: 0x041C0EA0
Class: RHelicopterIntermediateBase                             - Instance: 0x041C1110
Class: RHelicopterPathNode                                     - Instance: 0x041C1380
Class: RHelicopterRocketBase                                   - Instance: 0x041C15F0
Class: RHelicopterSpotLightComponent                           - Instance: 0x041C1860
Class: RHUDBase                                                - Instance: 0x041C1AD0
Class: RHUDPrompt                                              - Instance: 0x041C1D40
Class: RIncendiaryGrenadeCharge_Base                           - Instance: 0x041C1FB0
Class: RInteractableItem                                       - Instance: 0x041C2220
Class: RBigRedSwitchBase                                       - Instance: 0x041C2490
Class: RHotWireBoxBase                                         - Instance: 0x041C2700
Class: RInterpTrackCameraAdditiveMove                          - Instance: 0x041C2970
Class: RInterpTrackCape                                        - Instance: 0x041C2BE0
Class: RInterpTrackFaceFXLookAt                                - Instance: 0x041C2E50
Class: RInterpTrackInstCape                                    - Instance: 0x041C30C0
Class: RInterpTrackInstFaceFXLookAt                            - Instance: 0x041C3330
Class: RInterpTrackInstVehicleSteering                         - Instance: 0x041C35A0
Class: RInterpTrackInstVehicleTurretPitch                      - Instance: 0x041C3810
Class: RInterpTrackInstVehicleTurretYaw                        - Instance: 0x041C3A80
Class: RInterpTrackInstVehicleWheelspin                        - Instance: 0x041C3CF0
Class: RInterpTrackVehicleSteering                             - Instance: 0x041B4000
Class: RInterpTrackVehicleTurretPitch                          - Instance: 0x041B4270
Class: RInterpTrackVehicleTurretYaw                            - Instance: 0x041B44E0
Class: RInterpTrackVehicleWheelspin                            - Instance: 0x041B4750
Class: RInvestigateStaticMeshActor                             - Instance: 0x041B49C0
Class: RCarriableObjectBase                                    - Instance: 0x041B4C30
Class: RCarriableObjectBagBase                                 - Instance: 0x041B4EA0
Class: RJokerSwappableBase                                     - Instance: 0x041B5110
Class: RJokerBillboard                                         - Instance: 0x041B5380
Class: RJokerSwapMesh                                          - Instance: 0x041B55F0
Class: RLightningActor                                         - Instance: 0x041B5860
Class: RMap3DRoadComponent                                     - Instance: 0x041B5AD0
Class: RMapPlacementMarker                                     - Instance: 0x041B5D40
Class: RMineBase                                               - Instance: 0x041B5FB0
Class: RMine_StaticMesh                                        - Instance: 0x041B6220
Class: RVentMineBase                                           - Instance: 0x041B6490
Class: RVantageMineBase                                        - Instance: 0x041B6700
Class: RNavMeshCollisionSettingsVolume                         - Instance: 0x041B6970
Class: RNavMeshGoal_SafeCombat                                 - Instance: 0x041B6BE0
Class: RObjectiveMarker                                        - Instance: 0x041B6E50
Class: ROceanSMActor                                           - Instance: 0x041B70C0
Class: RPersistentDebugData                                    - Instance: 0x041B7330
Class: RPhysUtil                                               - Instance: 0x041B75A0
Class: RPickup_JackInTheBoxBase                                - Instance: 0x041B7810
Class: RPickup_MiniDroneBase                                   - Instance: 0x041B7A80
Class: RPickup_ScarecrowBase                                   - Instance: 0x041B7CF0
Class: RPickupBaseBase                                         - Instance: 0x0418C000
Class: RPickup_MilitiaShieldBase                               - Instance: 0x0418C270
Class: RPickupBase                                             - Instance: 0x0418C4E0
Class: RPlayerRI                                               - Instance: 0x0418C750
Class: RPointOfInterestInterface                               - Instance: 0x0418C9C0
Class: RPredatorGunLockerBase                                  - Instance: 0x0418CC30
Class: RPredatorGunLockerAPEXBase                              - Instance: 0x0418CEA0
Class: RRemoteControlBase                                      - Instance: 0x0418D110
Class: RRiddleBase                                             - Instance: 0x0418D380
Class: RRiddleSolutionBase                                     - Instance: 0x0418D5F0
Class: RRiddleSolution                                         - Instance: 0x0418D860
Class: RRiddlerBallBase                                        - Instance: 0x0418DAD0
Class: RRiotObjectBase                                         - Instance: 0x0418DD40
Class: RSecretInterface                                        - Instance: 0x0418DFB0
Class: RSecurityLaserDoorBase                                  - Instance: 0x0418E220
Class: RSeqAct_ActivateElectrifiedFloorPanels                  - Instance: 0x0418E490
Class: RSeqAct_AugmentedForensicsBase                          - Instance: 0x0418E700
Class: RSeqAct_AutoJez                                         - Instance: 0x0418E970
Class: RSeqAct_BatmobileForensicsSideStory                     - Instance: 0x0418EBE0
Class: RSeqAct_BlendOutCinematicProxy                          - Instance: 0x0418EE50
Class: RSeqAct_CameraShake                                     - Instance: 0x0418F0C0
Class: RSeqAct_CaseFileControl                                 - Instance: 0x0418F330
Class: RSeqAct_CinematicMode                                   - Instance: 0x0418F5A0
Class: RSeqAct_FadeScreen                                      - Instance: 0x0418F810
Class: RSeqAct_FadeSound                                       - Instance: 0x0418FA80
Class: RSeqAct_FlameManagerBase                                - Instance: 0x0418FCF0
Class: RSeqAct_FullScreenPlayer                                - Instance: 0x0417C000
Class: RSeqAct_GenerateConversationCueFile                     - Instance: 0x0417C270
Class: RSeqAct_GrappleToVantagePoint                           - Instance: 0x0417C4E0
Class: RSeqAct_HelpText                                        - Instance: 0x0417C750
Class: RSeqAct_HUDTimer                                        - Instance: 0x0417C9C0
Class: RSeqAct_IntegratedChallengeBase                         - Instance: 0x0417CC30
Class: RSeqAct_LinkCinematicProxyToInGameActor                 - Instance: 0x0417CEA0
Class: RSeqAct_LinkGangPoints                                  - Instance: 0x0417D110
Class: RSeqAct_LoadSynopsisTextures                            - Instance: 0x0417D380
Class: RSeqAct_MakeBatmanLookAtItems                           - Instance: 0x0417D5F0
Class: RSeqAct_MatineeSequenceSkipperBase                      - Instance: 0x0417D860
Class: RSeqAct_ModifyPostProcess                               - Instance: 0x0417DAD0
Class: RSeqAct_MovePlayer                                      - Instance: 0x0417DD40
Class: RSeqAct_PairGangPoints                                  - Instance: 0x0417DFB0
Class: RSeqAct_PlayCameraEmitter                               - Instance: 0x0417E220
Class: RSeqAct_RandomSwitchForGameOver                         - Instance: 0x0417E490
Class: RSeqAct_RemoveRopeFromClimbData                         - Instance: 0x0417E700
Class: RSeqAct_RestoreBeams                                    - Instance: 0x0417E970
Class: RSeqAct_RiddlerBlockInitialiser                         - Instance: 0x0417EBE0
Class: RSeqAct_SaveDataLoaded                                  - Instance: 0x0417EE50
Class: RSeqAct_SetMeshInvestigationInfo                        - Instance: 0x0417F0C0
Class: RSeqAct_SetNeedsRescue                                  - Instance: 0x0417F330
Class: RSeqAct_SetPawnsREvidence                               - Instance: 0x0417F5A0
Class: RSeqAct_SetRandomPopulationBase                         - Instance: 0x0417F810
Class: RSeqAct_SetRiotPointActive                              - Instance: 0x0417FCF0
Class: RSeqAct_SetSkelControlStrength                          - Instance: 0x04184000
Class: RSeqAct_SetSnowMultiplier                               - Instance: 0x04184270
Class: RSeqAct_SetTrackingObjectVars                           - Instance: 0x041844E0
Class: RSeqAct_ShowLevelIntroText                              - Instance: 0x04184750
Class: RSeqAct_SmilexBombClock                                 - Instance: 0x041849C0
Class: RSeqAct_SmoothCameraTransition                          - Instance: 0x04184C30
Class: RSeqAct_SoundMeterBase                                  - Instance: 0x04184EA0
Class: RSeqAct_SpawnDroneBase                                  - Instance: 0x04185110
Class: RSeqAct_StreamInConversation                            - Instance: 0x04185380
Class: RSeqAct_StreamInPackage                                 - Instance: 0x041855F0
Class: RSeqAct_StreamoutUnwantedTextures                       - Instance: 0x04185860
Class: RSeqAct_SuppressDetectiveModeThroughWalls               - Instance: 0x04185AD0
Class: RSeqAct_SwitchOrderChecker                              - Instance: 0x04185D40
Class: RSeqAct_SwitchPlayerCharacter                           - Instance: 0x04185FB0
Class: RSeqAct_WaitForDroneCommentaryToFinish                  - Instance: 0x04186220
Class: RSeqEvent_DisableChases                                 - Instance: 0x04186490
Class: RSeqEvent_EvidenceScan                                  - Instance: 0x04186700
Class: RSeqEvent_FakeTacticianOrder                            - Instance: 0x04186970
Class: RSeqEvent_HelicopterReachNode                           - Instance: 0x04186BE0
Class: RSeqEvent_HitByGadget                                   - Instance: 0x04186E50
Class: RSeqEvent_ItemInvestigated                              - Instance: 0x041870C0
Class: RSeqEvent_SideStoriesDisabled                           - Instance: 0x04187330
Class: RSeqVar_SideStoriesDisabledReason                       - Instance: 0x041875A0
Class: RSkeletalMeshActor                                      - Instance: 0x04187810
Class: RCinematicActor                                         - Instance: 0x04187A80
Class: RCinematicActorSpawnable                                - Instance: 0x04187CF0
Class: RCinematicCharacter                                     - Instance: 0x0415C000
Class: RCinematicPlayerCharacter                               - Instance: 0x0415C270
Class: RCinematicBatmanBase                                    - Instance: 0x0415C4E0
Class: RCinematicVehicle                                       - Instance: 0x0415C750
Class: RCinematicBatmobileBase                                 - Instance: 0x0415C9C0
Class: RInvestigateSkeletalMeshActor                           - Instance: 0x0415CC30
Class: RMultiCharacterCinematicActor                           - Instance: 0x0415CEA0
Class: RStaticMeshToggleable                                   - Instance: 0x0415D110
Class: RSubtitle                                               - Instance: 0x0415D380
Class: RSubtitleLookup                                         - Instance: 0x0415D5F0
Class: RTakeoverVideoScreenBase                                - Instance: 0x0415D860
Class: RThugMineBase                                           - Instance: 0x0415DAD0
Class: RTitanCrateBase                                         - Instance: 0x0415DD40
Class: RTrackingObjectBase                                     - Instance: 0x0415DFB0
Class: RTrackingSecurityCameraBase                             - Instance: 0x0415E220
Class: RTurretBase                                             - Instance: 0x0415E490
Class: RTurret_Stagg                                           - Instance: 0x0415E700
Class: RTurret_WatchtowerBase                                  - Instance: 0x0415E970
Class: RTriggerVolumeSpawnable                                 - Instance: 0x0415EBE0
Class: RUberSimpleCrowdActorBase                               - Instance: 0x0415EE50
Class: RVentChaseCancelVolume                                  - Instance: 0x0415F0C0
Class: RVoiceLockBase                                          - Instance: 0x0415F330
Class: RWeaponImpactEffectVolume                               - Instance: 0x0415F5A0
Class: RXrayInterpActor                                        - Instance: 0x0415F810
Class: RAnimConfig                                             - Instance: 0x0415FA80
Class: RAnimUtil                                               - Instance: 0x0415FCF0
Class: RAimingBoneConfig                                       - Instance: 0x04178000
Class: RDirectionalAnimConfig                                  - Instance: 0x04178270
Class: RMirrorConfig                                           - Instance: 0x041784E0
Class: RPoseConfig                                             - Instance: 0x04178750
Class: RWeaponConfig                                           - Instance: 0x041789C0
Class: RResolvedDirectionalAnimConfig                          - Instance: 0x04178C30
Class: RAnimNode_Additive                                      - Instance: 0x04178EA0
Class: RAnimNode_AnimCapture                                   - Instance: 0x04179110
Class: RAnimNode_Bat                                           - Instance: 0x04179380
Class: RAnimNode_BlendBonesFromPoses                           - Instance: 0x041795F0
Class: RAnimNode_Cape                                          - Instance: 0x04179860
Class: RAnimNode_FilterList                                    - Instance: 0x04179AD0
Class: RAnimNode_Pose                                          - Instance: 0x04179D40
Class: RAnimNode_ScalePlayRateToLength                         - Instance: 0x04179FB0
Class: RAnimNode_VehicleMotionExtraction                       - Instance: 0x0417A220
Class: RAnimNotify_AddForce                                    - Instance: 0x0417A490
Class: RAnimNotify_BeginEnd                                    - Instance: 0x0417A700
Class: RAnimNotify_Clip                                        - Instance: 0x0417A970
Class: RAnimNotify_ClipRootMotion                              - Instance: 0x0417ABE0
Class: RAnimNotify_FloorHeight                                 - Instance: 0x0417AE50
Class: RAnimNotify_ForwardYaw                                  - Instance: 0x0417B0C0
Class: RAnimNotify_MotionExtractionTranslationXY               - Instance: 0x0417B330
Class: RAnimNotify_RootBoneTranslationOffset                   - Instance: 0x0417B5A0
Class: RAnimNotify_ValidFrames                                 - Instance: 0x0417B810
Class: RAnimNotify_BeginFixGroup                               - Instance: 0x0417BA80
Class: RAnimNotify_BeginRagdoll                                - Instance: 0x0417BCF0
Class: RAnimNotify_CanCancelAfterHere                          - Instance: 0x04158000
Class: RAnimNotify_CanCancelBeforeHere                         - Instance: 0x04158270
Class: RAnimNotify_CanCorrectAfterHere                         - Instance: 0x041584E0
Class: RAnimNotify_CollisionOptions                            - Instance: 0x04158750
Class: RAnimNotify_CurveFloat                                  - Instance: 0x041589C0
Class: RAnimNotify_EndFixGroup                                 - Instance: 0x04158C30
Class: RAnimNotify_EndRagdoll                                  - Instance: 0x04158EA0
Class: RAnimNotify_FootPassing                                 - Instance: 0x04159110
Class: RAnimNotify_FootSyncIn                                  - Instance: 0x04159380
Class: RAnimNotify_FootSyncOut                                 - Instance: 0x041595F0
Class: RAnimNotify_MaterialParameter_Scalar                    - Instance: 0x04159860
Class: RAnimNotify_MaterialParameter_Vector                    - Instance: 0x04159AD0
Class: RAnimNotify_MeetingPoint                                - Instance: 0x04159D40
Class: RAnimNotify_MotionExtractionOffset                      - Instance: 0x04159FB0
Class: RAnimNotify_Taunting                                    - Instance: 0x0415A220
Class: RAnimNotify_WeaponSwitch                                - Instance: 0x0415A490
Class: RAnimNotify_WhipTarget                                  - Instance: 0x0415A700
Class: RAnimUtil_AnimAccumulator                               - Instance: 0x0415A970
Class: RAnimUtil_AnimAccumulatorAsyncData                      - Instance: 0x0415ABE0
Class: RAnimUtil_FaceFXOutput                                  - Instance: 0x0415AE50
Class: RAnimUtil_FloorCorrection                               - Instance: 0x0415B0C0
Class: RAnimUtil_FloorCorrectionGrid                           - Instance: 0x0415B330
Class: RAnimUtil_MovementOutput                                - Instance: 0x0415B5A0
Class: RAnimUtil_MovementPlayer                                - Instance: 0x0415B810
Class: RAnimUtil_OverlayPlayer                                 - Instance: 0x0415BA80
Class: RAnimUtil_PhysicsOutput                                 - Instance: 0x0415BCF0
Class: RAnimUtil_PosePlayer                                    - Instance: 0x04174000
Class: RAnimUtil_ShimmyCorrection                              - Instance: 0x04174270
Class: RMorphNodeAutoSequence                                  - Instance: 0x041744E0
Class: RSkelControl_FeedConstraint                             - Instance: 0x04174750
Class: RSkelControl_LimitConstraint                            - Instance: 0x041749C0
Class: RSkelControl_PositionConstraint                         - Instance: 0x04174C30
Class: RSkelControlTwoBoneIK                                   - Instance: 0x04174EA0
Class: RSkelControlWhip                                        - Instance: 0x04175110
Class: RAudioForensicsActorBase                                - Instance: 0x04175380
Class: RAudioTest                                              - Instance: 0x041755F0
Class: RGunShotManager                                         - Instance: 0x04175860
Class: RSeqAct_AudioCombatNotify                               - Instance: 0x04175AD0
Class: RSeqAct_PositionMusic                                   - Instance: 0x04175D40
Class: RAffectPlayerVolume                                     - Instance: 0x04175FB0
Class: RBotController                                          - Instance: 0x04176220
Class: RRobinBotController                                     - Instance: 0x04176490
Class: RSpecialMoveConfig                                      - Instance: 0x04176700
Class: RSpecialMoveConfig_FireGrapple                          - Instance: 0x04176970
Class: RSpecialMoveConfig_RelativeAnimMove                     - Instance: 0x04176BE0
Class: RSimpleSpecialMoveConfig                                - Instance: 0x04176E50
Class: RSpecialMoveConfig_RelativeAnimWithTravelAnim           - Instance: 0x041770C0
Class: RSpecialMoveConfig_RunningRelativeAnimMove              - Instance: 0x04177330
Class: RSpecialMoveConfig_SwingToVantagePoint                  - Instance: 0x041775A0
Class: RSpecialMoveConfigConfigurable                          - Instance: 0x04177A80
Class: RCrawlSpaceVolume                                       - Instance: 0x04177CF0
Class: RDebugCameraController                                  - Instance: 0x0416C000
Class: REnvironmentSpecialMoveWrapper                          - Instance: 0x0416C270
Class: REnvironmentSpecialMoveWrapperFalling                   - Instance: 0x0416C4E0
Class: RGlideTargetHelper                                      - Instance: 0x0416C750
Class: RHudModule                                              - Instance: 0x0416C9C0
Class: RHudModuleLocalRadar                                    - Instance: 0x0416CC30
Class: RLocalLightContainer                                    - Instance: 0x0416D110
Class: RNoAssistedTakedownVolume                               - Instance: 0x0416D380
Class: RNoGlideVolume                                          - Instance: 0x0416D5F0
Class: RPhotoCameraController                                  - Instance: 0x0416D860
Class: RPlayerControllerBase                                   - Instance: 0x0416DAD0
Class: RPlayerController                                       - Instance: 0x0416DD40
Class: RPlayerControllerCombat                                 - Instance: 0x0416DFB0
Class: RPlayerInput                                            - Instance: 0x0416E220
Class: RSeqAct_BatmanState                                     - Instance: 0x0416E490
Class: RSpecialMoveController                                  - Instance: 0x0416E700
Class: RSpecialMoveControllerCW                                - Instance: 0x0416E970
Class: RSpecialMoveInstance                                    - Instance: 0x0416EBE0
Class: RSpecialMoveInstance_Falling                            - Instance: 0x0416EE50
Class: RSpecialMoveInstance_FireGrapple                        - Instance: 0x0416F0C0
Class: RSpecialMoveInstance_HarpoonBase                        - Instance: 0x0416F330
Class: RSpecialMoveInstance_HarpoonDragObject                  - Instance: 0x0416F5A0
Class: RSpecialMoveInstance_HarpoonDragBoatBase                - Instance: 0x0416F810
Class: RSpecialMoveInstance_HarpoonThug                        - Instance: 0x0416FA80
Class: RSpecialMoveInstance_Interrogation                      - Instance: 0x0416FCF0
Class: RSpecialMoveInstance_LineLauncher                       - Instance: 0x04160000
Class: RSpecialMoveInstance_OmnitronRemoteControl              - Instance: 0x04160270
Class: RSpecialMoveInstance_PoseTransition                     - Instance: 0x041604E0
Class: RSpecialMoveInstance_Land                               - Instance: 0x04160750
Class: RSpecialMoveInstance_RelativeAnimMove                   - Instance: 0x041609C0
Class: RSpecialMoveInstance_AerialWhipPounceBase               - Instance: 0x04160C30
Class: RSpecialMoveInstance_CatchLedge                         - Instance: 0x04160EA0
Class: RSpecialMoveInstance_GlideWallStick                     - Instance: 0x04161110
Class: RSpecialMoveInstance_RelativeAnimWithAlignment          - Instance: 0x04161380
Class: RSpecialMoveInstance_PlaceActor                         - Instance: 0x041615F0
Class: RSpecialMoveInstance_RelativeAnimWithTravelAnim         - Instance: 0x04161860
Class: RSpecialMoveInstance_RunningRelativeAnimMove            - Instance: 0x04161AD0
Class: RSpecialMoveInstance_DriveCar                           - Instance: 0x04161D40
Class: RSpecialMoveInstance_Jump                               - Instance: 0x04161FB0
Class: RSpecialMoveInstance_Shimmy                             - Instance: 0x04162220
Class: RSpecialMoveInstance_ResonateObject                     - Instance: 0x04162490
Class: RSpecialMoveInstance_SwingToVantagePoint                - Instance: 0x04162700
Class: RSpecialMovieInstance_MinigameBase                      - Instance: 0x04162970
Class: RViewPostProcess                                        - Instance: 0x04162BE0
Class: RLevelSelectMenu                                        - Instance: 0x04162E50
Class: RPersistentData                                         - Instance: 0x041630C0
Class: RPersistentOptions                                      - Instance: 0x04163330
Class: RPersistentShared                                       - Instance: 0x041635A0
Class: RSaveGameManager                                        - Instance: 0x04163810
Class: RSeqVar_DDAIntValue                                     - Instance: 0x04163A80
Class: AkAudioBeacon                                           - Instance: 0x04163CF0
Class: RAudioFearGasTrackerBase                                - Instance: 0x04150000
Class: RAudioGlassVolume                                       - Instance: 0x04150270
Class: RFootstepVolume                                         - Instance: 0x041504E0
Class: RSeqAct_AbortVehicleJump                                - Instance: 0x04150750
Class: RSeqAct_AverageFaceFXValue                              - Instance: 0x041509C0
Class: RSeqAct_DistanceTracker                                 - Instance: 0x04150C30
Class: RSeqAct_FakeVehicleStarter                              - Instance: 0x04150EA0
Class: RSeqAct_FakeVehicle                                     - Instance: 0x04151110
Class: RSeqAct_ForceVehicleLand                                - Instance: 0x04151380
Class: RSeqAct_HeavyTankTracker                                - Instance: 0x041515F0
Class: RSeqAct_StartGauntletMovieBase                          - Instance: 0x04151860
Class: RSeqAct_VehicleState                                    - Instance: 0x04151AD0
Class: RNoChatterVolume                                        - Instance: 0x04151D40
Class: RSeqAct_ChatterBoxBase                                  - Instance: 0x04151FB0
Class: RSeqAct_DisableSurveillance                             - Instance: 0x04152220
Class: RSeqAct_EnableSurveillance                              - Instance: 0x04152490
Class: RSeqAct_PlaySpeechBase                                  - Instance: 0x04152700
Class: RSeqAct_PlayCameraConversation                          - Instance: 0x04152970
Class: RSeqAct_PlayNPCDialogue                                 - Instance: 0x04152BE0
Class: RSeqAct_PlayRadioOrThoughtDialogue                      - Instance: 0x04152E50
Class: RSeqAct_BMBLUpgradeConversation                         - Instance: 0x041530C0
Class: RAnimNotify_CapeOpen                                    - Instance: 0x04153330
Class: RAnimNotify_CounterHit                                  - Instance: 0x041535A0
Class: RAnimNotify_JokerHallucination                          - Instance: 0x04153810
Class: RAnimNotify_JokerHallucinationSpawn                     - Instance: 0x04153A80
Class: RAnimNotify_SimultaneousCounterHit                      - Instance: 0x04153CF0
Class: RAnimNotify_Takedown                                    - Instance: 0x04144000
Class: RAnimNotify_TakedownCamera                              - Instance: 0x04144270
Class: RAnimNotify_Throw                                       - Instance: 0x041444E0
Class: RAnimNotify_TouchWire                                   - Instance: 0x04144750
Class: RAnimNotify_WeaponDestroy                               - Instance: 0x041449C0
Class: RAnimNotify_WeaponSnatch                                - Instance: 0x04144C30
Class: RAlternateAnimationAndWeaponConfig                      - Instance: 0x04144EA0
Class: RBatmanDamageState                                      - Instance: 0x04145110
Class: RPawnPlayerConfig                                       - Instance: 0x04145380
Class: REnvironmentCheckTicker                                 - Instance: 0x041455F0
Class: RMissingWallGrateAIMarker                               - Instance: 0x04145860
Class: ROverworldPopulationVolume                              - Instance: 0x04145AD0
Class: RPawn                                                   - Instance: 0x04145D40
Class: RPawnCharacter                                          - Instance: 0x04145FB0
Class: RPawnCombat                                             - Instance: 0x04146220
Class: RBMPawnAIAnim                                           - Instance: 0x04146490
Class: RBMPawnAI                                               - Instance: 0x04146700
Class: RPawnCrowd                                              - Instance: 0x04146970
Class: RPawnSpeech                                             - Instance: 0x04146BE0
Class: RPawnFriendly                                           - Instance: 0x04146E50
Class: RPawnFriendly_FireCrew                                  - Instance: 0x041470C0
Class: RPawnJokerHallucination                                 - Instance: 0x04147330
Class: RPawnManBatBase                                         - Instance: 0x041475A0
Class: RPawnVillain                                            - Instance: 0x04147810
Class: MPawnScarecrowBase                                      - Instance: 0x04147A80
Class: RPawnBossFireflyBase                                    - Instance: 0x04147CF0
Class: RPawnVillainCombat                                      - Instance: 0x04110000
Class: RPawnVillainThug                                        - Instance: 0x04110270
Class: RPawnJokerHallucinationThug                             - Instance: 0x041104E0
Class: RPawnVillainRiddlerMechSuitBase                         - Instance: 0x04110750
Class: RPawnVillainThugFakeDeath                               - Instance: 0x041109C0
Class: RPawnVillainGunBase                                     - Instance: 0x04110C30
Class: RPawnVillainMultiStageBase                              - Instance: 0x04110EA0
Class: RPawnVillainNinjaBase                                   - Instance: 0x04111110
Class: RPawnPlayerAnim                                         - Instance: 0x04111380
Class: RPawnPlayerCombat                                       - Instance: 0x041115F0
Class: RPawnPlayerSpeech                                       - Instance: 0x04111860
Class: RPawnPlayer                                             - Instance: 0x04111AD0
Class: MPawnPlayerRedHoodBase                                  - Instance: 0x04111D40
Class: RPawnPlayerBmBase                                       - Instance: 0x04111FB0
Class: MPawnPlayerBatgirlBase                                  - Instance: 0x04112220
Class: RPawnPlayerCatwomanBase                                 - Instance: 0x04112490
Class: MPawnPlayerHarleyQuinnBase                              - Instance: 0x04112700
Class: RPawnPlayerNightwingBase                                - Instance: 0x04112970
Class: RPawnPlayerFPS                                          - Instance: 0x04112BE0
Class: RPawnEffectComponent                                    - Instance: 0x04112E50
Class: RFreezeBlastEffectComponent                             - Instance: 0x041130C0
Class: RParticleEffectComponent                                - Instance: 0x04113330
Class: RRagdollProcessor                                       - Instance: 0x041135A0
Class: RRiotPointHolder                                        - Instance: 0x04113810
Class: RSeqAct_JokerRooftopControllerBase                      - Instance: 0x04113A80
Class: RSeqAct_UpdateBatmanDamageLevel                         - Instance: 0x04113CF0
Class: RSeqAct_UpdateBatmobileDamageLevel                      - Instance: 0x04114000
Class: RSeqEvent_KilledByElectricFloor                         - Instance: 0x04114270
Class: RSeqEvent_ShotByRedhood                                 - Instance: 0x041144E0
Class: RSeqEvent_TakedownFromCorner                            - Instance: 0x04114750
Class: RSeqEvent_TakenDownDirectlyFromGrate                    - Instance: 0x041149C0
Class: RSeqEvent_TakenDownFromGrate                            - Instance: 0x04114C30
Class: RSeqEvent_TakenDownThroughGlass                         - Instance: 0x04114EA0
Class: RSpotableInterface                                      - Instance: 0x04115110
Class: RAnimNotify_VillainAttack                               - Instance: 0x04115380
Class: RBMCombatCollisionProxy                                 - Instance: 0x041155F0
Class: RBMCombatDamageProxy                                    - Instance: 0x04115860
Class: RBMCombatDestructibleDamageProxy                        - Instance: 0x04115AD0
Class: RBMCombatThrownObject                                   - Instance: 0x04115D40
Class: RCombatArea                                             - Instance: 0x04115FB0
Class: RCombatAttractor                                        - Instance: 0x04116220
Class: RCombatMove                                             - Instance: 0x04116490
Class: RCombatMove_BatmanAttack                                - Instance: 0x04116700
Class: RCombatMove_BatmanWeaponAttack                          - Instance: 0x04116970
Class: RCombatMove_BatmanCounter                               - Instance: 0x04116BE0
Class: MCombatMove_RedhoodCounterBlackMask                     - Instance: 0x04116E50
Class: RCombatMove_BatmanStrike                                - Instance: 0x041170C0
Class: RCombatMove_BatmanAirStrike                             - Instance: 0x04117330
Class: RCombatMove_BatmanBeatdown                              - Instance: 0x041175A0
Class: RCombatMove_BatmanStunStrike                            - Instance: 0x04117810
Class: RCombatMove_PlayerSpecial                               - Instance: 0x04117A80
Class: RCombatMove_BatmanGroupFloorTakedown                    - Instance: 0x04117CF0
Class: RCombatMove_BatmanGroupStun                             - Instance: 0x0326C000
Class: RCombatMove_CatwomanGroupAttack                         - Instance: 0x0326C270
Class: RCombatMove_CatwomanGroupTrip                           - Instance: 0x0326C4E0
Class: RCombatMove_VillainAttack                               - Instance: 0x0326C750
Class: RCombatMove_VillainCloseAttack                          - Instance: 0x0326C9C0
Class: RDualplayZone                                           - Instance: 0x0326CC30
Class: RSeqAct_CombatProgress                                  - Instance: 0x0326CEA0
Class: RSeqAct_SpawnCombatWeapon                               - Instance: 0x0326D110
Class: RAIBrain                                                - Instance: 0x0326D380
Class: RAlertEventCoordinatorBase                              - Instance: 0x0326D5F0
Class: MAEC_AttractEnemiesWithSound                            - Instance: 0x0326D860
Class: RAlertEventCoordinatorSolo                              - Instance: 0x0326DAD0
Class: RAEC_Attack_Sub_Converge                                - Instance: 0x0326DD40
Class: RAEC_DisruptedJammerReaction_Solo                       - Instance: 0x0326DFB0
Class: RAttackEdgeSearch                                       - Instance: 0x0326E220
Class: RAttackPointSearch                                      - Instance: 0x0326E490
Class: RBarkCharacterDefInstance                               - Instance: 0x0326E700
Class: RBarkFlagBase                                           - Instance: 0x0326E970
Class: RBarkGroupContext                                       - Instance: 0x0326EBE0
Class: RBarkValDef                                             - Instance: 0x0326EE50
Class: RBMAIAction                                             - Instance: 0x0326F0C0
Class: RBMAIController                                         - Instance: 0x0326F330
Class: RBMAIManager                                            - Instance: 0x0326F5A0
Class: RBMBarkCoordinator                                      - Instance: 0x0326F810
Class: RBMBehaviour                                            - Instance: 0x0326FA80
Class: MBMBehaviour_ScarecrowBase                              - Instance: 0x031A0000
Class: RBMBehaviour_ActionQueue                                - Instance: 0x031A04E0
Class: RBMBehaviour_MoveToBase                                 - Instance: 0x031A09C0
Class: RBM2Behaviour_IdleConfig                                - Instance: 0x031A0C30
Class: RBMBehaviour_FriendlyPatrolNavMesh                      - Instance: 0x031A0EA0
Class: RBMBehaviour_GangMovementBaseBase                       - Instance: 0x031A1110
Class: RBMBehaviour_AvoidanceRunAway                           - Instance: 0x031A1380
Class: RBMBehaviour_Wanderers                                  - Instance: 0x031A15F0
Class: RBMBehaviour_MoveTo                                     - Instance: 0x031A1860
Class: RBMBehaviour_AttachToEvents                             - Instance: 0x031A1AD0
Class: RBMBehaviour_Controlled                                 - Instance: 0x031A1FB0
Class: RBMBehaviour_Combat                                     - Instance: 0x031A2490
Class: RBMBehaviour_CombatAI                                   - Instance: 0x031A2700
Class: RBMBehaviour_CombatHeavyObject                          - Instance: 0x031A2970
Class: RBMBehaviour_CombatJokerBoxer                           - Instance: 0x031A2BE0
Class: RBMBehaviour_CombatCroc                                 - Instance: 0x031A2E50
Class: RBMBehaviour_CombatLieutenant                           - Instance: 0x031A30C0
Class: RBMBehaviour_CombatMultiStage                           - Instance: 0x031A3330
Class: RBMBehaviour_CombatNinja                                - Instance: 0x031A35A0
Class: RBMBehaviour_CombatPygBase                              - Instance: 0x031A3810
Class: RBMBehaviour_CombatRiddlerMechSuitBase                  - Instance: 0x031A3A80
Class: RBMBehaviour_CombatRifle                                - Instance: 0x031A3CF0
Class: RBMBehaviour_CombatSmashable                            - Instance: 0x031B4000
Class: RBMBehaviour_CombatStunStick                            - Instance: 0x031B4270
Class: RBMBehaviour_Conversation                               - Instance: 0x031B44E0
Class: RBMBehaviour_MatineeControlled                          - Instance: 0x031B49C0
Class: RBMBehaviour_DiveAwayFromCar                            - Instance: 0x031B4EA0
Class: RBMBehaviour_HitReaction                                - Instance: 0x031B5110
Class: RBMBehaviour_BatClawed                                  - Instance: 0x031B5380
Class: RBMBehaviour_JokerSingingBase                           - Instance: 0x031B55F0
Class: RBMBehaviour_MultiPositionalTalkingBase                 - Instance: 0x031B5AD0
Class: RBMBehaviour_Ragdoll                                    - Instance: 0x031B5D40
Class: RBMBehaviour_Sniper                                     - Instance: 0x031B5FB0
Class: RBMBehaviourAutoStringUp                                - Instance: 0x031B6220
Class: RBMCombatManager                                        - Instance: 0x031B6490
Class: RBMExitCondition                                        - Instance: 0x031B6700
Class: RBMExitCondition_Timer                                  - Instance: 0x031B6970
Class: RBMExitConditionCombiner                                - Instance: 0x031B6BE0
Class: RBmPawnSpawner                                          - Instance: 0x031B6E50
Class: RBmPawnSpawner_RobotBase                                - Instance: 0x031B70C0
Class: RBMPawnSpawnerController                                - Instance: 0x031B7330
Class: RBMRoomAIState                                          - Instance: 0x031B75A0
Class: RBMSeqEvent_BehaviourRoot                               - Instance: 0x031B7A80
Class: RBMSeqEvent_WanderPointActivated                        - Instance: 0x031B7810
Class: RBMWaveController                                       - Instance: 0x031B7CF0
Class: RCheckpointWaveController                               - Instance: 0x03274000
Class: RBMWeaponStunStickBase                                  - Instance: 0x03274270
Class: RCharacterRandom                                        - Instance: 0x032744E0
Class: RChasePoint                                             - Instance: 0x03274750
Class: RCheckpointBlockadeBase                                 - Instance: 0x032749C0
Class: RCombatMove_VillainSimultaneousAttack                   - Instance: 0x03274C30
Class: RBM2IdleConfig                                          - Instance: 0x03274EA0
Class: RCharacterDefine                                        - Instance: 0x03275110
Class: RCityBlockThreatAsset                                   - Instance: 0x032755F0
Class: RThreatBaseAsset                                        - Instance: 0x03275860
Class: RAerialDroneAsset                                       - Instance: 0x03275AD0
Class: RBeaconAsset                                            - Instance: 0x03275D40
Class: RCheckpointAsset                                        - Instance: 0x03275FB0
Class: RWatchtowerAsset                                        - Instance: 0x03276220
Class: RCrowdTrigger                                           - Instance: 0x03276490
Class: RDeadBody                                               - Instance: 0x03276700
Class: RDeadBodyDLC                                            - Instance: 0x03276970
Class: RDeadBodyExtra                                          - Instance: 0x03276BE0
Class: RDestructibleProp                                       - Instance: 0x032770C0
Class: RJokerManequin                                          - Instance: 0x03276E50
Class: RDialogueLocationVolume                                 - Instance: 0x03277330
Class: RDifficultyOverrideVolume                               - Instance: 0x032775A0
Class: RDummyTarget                                            - Instance: 0x03277A80
Class: RJokerHallucinationPointBase                            - Instance: 0x03277810
Class: RJokerIncidentalPoint                                   - Instance: 0x03277CF0
Class: RJokerRooftopPointBase                                  - Instance: 0x0325C000
Class: RStartlePoint                                           - Instance: 0x0325C270
Class: RTwoFaceThugSpawn                                       - Instance: 0x0325C4E0
Class: RExitPoints                                             - Instance: 0x0325C750
Class: RFleePoint                                              - Instance: 0x0325C9C0
Class: RGroupAssignmentPicker                                  - Instance: 0x0325CC30
Class: RGuardPoint                                             - Instance: 0x0325CEA0
Class: RGuardVolume                                            - Instance: 0x0325D110
Class: RInfinitePredatorSpawner                                - Instance: 0x0325D380
Class: RJokerHallucinationFrequencyController                  - Instance: 0x0325D5F0
Class: RJokerTannoy                                            - Instance: 0x0325D860
Class: RManBatAppearanceController                             - Instance: 0x0325DAD0
Class: RMultiDestGoalData                                      - Instance: 0x0325DD40
Class: RNavigationActor                                        - Instance: 0x0325DFB0
Class: RNavigationHandle                                       - Instance: 0x0325E220
Class: RNavigationManager                                      - Instance: 0x0325E490
Class: RNavigationObstacleInterface                            - Instance: 0x0325E700
Class: RNavMeshGoal_MultiDest                                  - Instance: 0x0325E970
Class: RNavMeshGoal_WithinVolume                               - Instance: 0x0325EBE0
Class: RNavMeshObstacle_Queue                                  - Instance: 0x0325EE50
Class: RSentryGunBase                                          - Instance: 0x0325F0C0
Class: RNavMeshPath_AvoidBlockedPolys                          - Instance: 0x0325F330
Class: RNavMeshPath_AvoidPathObjects                           - Instance: 0x0325F5A0
Class: RNavMeshPath_AvoidPlayers                               - Instance: 0x0325F810
Class: RNavMeshPath_ChaseLocations                             - Instance: 0x0325FA80
Class: RNavMeshPath_ExitPoints                                 - Instance: 0x0325FCF0
Class: RNavMeshPath_WithinVolume                               - Instance: 0x03198000
Class: RNinjaSpawnPointBase                                    - Instance: 0x03198270
Class: RPawnCrowdRagdoll                                       - Instance: 0x031984E0
Class: RPawnPool                                               - Instance: 0x03198750
Class: RPlaceableCombatDroppedWeapon                           - Instance: 0x031989C0
Class: RPopulationManager                                      - Instance: 0x03198C30
Class: RPredatorVolume                                         - Instance: 0x03198EA0
Class: RPredBombablePlantBase                                  - Instance: 0x03199110
Class: RRedHoodExcavatorBase                                   - Instance: 0x03199380
Class: RRiotBrain                                              - Instance: 0x031995F0
Class: RSearchRoutingWrapper                                   - Instance: 0x03199860
Class: RSearchTreeFinder                                       - Instance: 0x03199AD0
Class: RChaseLocationSearch                                    - Instance: 0x03199D40
Class: RSentryGunLightsBase                                    - Instance: 0x03199FB0
Class: RSeqAct_ActivateBombThugRiots                           - Instance: 0x0319A220
Class: RSeqAct_CombatSpawnerBase                               - Instance: 0x0319A490
Class: RNPCCrowdSpawner                                        - Instance: 0x0319A700
Class: RSeqAct_InfiniteCombatSpawnerBase                       - Instance: 0x0319A970
Class: RSeqAct_OverworldSpawnerBase                            - Instance: 0x0319ABE0
Class: RSeqAct_TwoFaceLairThugSpawnerBase                      - Instance: 0x0319AE50
Class: RSeqAct_ElecFloorRobotSpawnManagerBase                  - Instance: 0x0319B0C0
Class: RSeqAct_JokerHallucinationControllerBase                - Instance: 0x0319B330
Class: RSeqAct_SetJokerStartupOptions                          - Instance: 0x0319B5A0
Class: RSeqEvent_HealthDroppedBelow                            - Instance: 0x0319B810
Class: RSeqEvent_StartInterrogation                            - Instance: 0x0319BA80
Class: RSeqEvent_ThreatLevelChanged                            - Instance: 0x0319BCF0
Class: RSeqVar_IdleConfigAim                                   - Instance: 0x032D4000
Class: RSeqVar_NamedPawn                                       - Instance: 0x032D4270
Class: RSniperPoint                                            - Instance: 0x032D44E0
Class: RSniperPointRenderingComponent                          - Instance: 0x032D4750
Class: RSpawnCharacterDefines                                  - Instance: 0x032D49C0
Class: RSpecialMoveInstance_BatmobileInterrogationBase         - Instance: 0x032D4C30
Class: RThugEatingPlantBase                                    - Instance: 0x032D4EA0
Class: RTurnAwayGlidingPlayerCylinder                          - Instance: 0x032D5110
Class: RUninformedSearchSuppressionVolume                      - Instance: 0x032D5380
Class: RWanderPoint                                            - Instance: 0x032D55F0
Class: RWeaponPool                                             - Instance: 0x032D5860
Class: TannoyVoiceSynthActor                                   - Instance: 0x032D5AD0
Class: RAnimationCapture                                       - Instance: 0x032D5D40
Class: RBMIncapacitatedPawnCounter                             - Instance: 0x032D5FB0
Class: RBMSeqEvent_BMSpotted                                   - Instance: 0x032D6220
Class: RBMSeqEvent_ControllerActivated                         - Instance: 0x032D6490
Class: RSeqAct_ActiveCombatantChecker                          - Instance: 0x032D6700
Class: RSeqAct_AddRemoveApexClothCollision                     - Instance: 0x032D6970
Class: RSeqAct_AddRemoveMobileObjective                        - Instance: 0x032D6BE0
Class: RSeqAct_AirshipBobbingBase                              - Instance: 0x032D6E50
Class: RSeqAct_BankDoorControl                                 - Instance: 0x032D7330
Class: RSeqAct_BoolCounter                                     - Instance: 0x032D75A0
Class: RSeqAct_CheckPlayerHealth                               - Instance: 0x032D7810
Class: RSeqAct_DistributeAcrossFrames                          - Instance: 0x032D7A80
Class: RSeqAct_EventSequence                                   - Instance: 0x032D7CF0
Class: RSeqAct_GetNumPawnsInVolume                             - Instance: 0x02FA4000
Class: RSeqAct_GetRangedValue                                  - Instance: 0x02FA4270
Class: RSeqAct_InterpolateFloat                                - Instance: 0x02FA44E0
Class: RSeqAct_IntThresholdChecker                             - Instance: 0x02FA4750
Class: RSeqAct_OverrideApexClothMaxDistanceScale               - Instance: 0x02FA49C0
Class: RSeqAct_OverrideApexClothSimulationEnabled              - Instance: 0x02FA4C30
Class: RSeqAct_OverrideApexClothTeleport                       - Instance: 0x02FA4EA0
Class: RSeqAct_OverrideRFlapsBlendWeight                       - Instance: 0x02FA5110
Class: RSeqAct_ReformDestructibleProp                          - Instance: 0x02FA5380
Class: RSeqAct_SetWindVolumeProperties                         - Instance: 0x02FA55F0
Class: RSeqAct_SpawnerBase                                     - Instance: 0x02FA5860
Class: RSeqAct_StopPlayerUsingGadgets                          - Instance: 0x02FA5AD0
Class: RSeqAct_SwitchDate                                      - Instance: 0x02FA5D40
Class: RSeqAct_SwitchYear                                      - Instance: 0x02FA5FB0
Class: RSeqAct_TutorialLookAt                                  - Instance: 0x02FA6220
Class: RSeqAct_WaitForAllInputs                                - Instance: 0x02FA6490
Class: RSeqAct_WaitForBool                                     - Instance: 0x02FA6700
Class: RSeqCond_VisibleLastFrame                               - Instance: 0x02FA6970
Class: RSeqEvent_OverridePlayerClimb                           - Instance: 0x02FA6BE0
Class: RSeqEvent_PlayerDied                                    - Instance: 0x02FA6E50
Class: RSeqEvent_RopeCut                                       - Instance: 0x02FA70C0
Class: RSeqEvent_Smashed                                       - Instance: 0x02FA7330
Class: RSeqEvt_TrackVehicle                                    - Instance: 0x02FA75A0
Class: RSeqVar_GlideDistance                                   - Instance: 0x02FA7810
Class: RSeqVar_GrappleBoostAmount                              - Instance: 0x02FA7A80
Class: RSeqVar_RandomVector                                    - Instance: 0x02FA7CF0
Class: RSeqVar_SpecificPlayerChar                              - Instance: 0x02FA8000
Class: RTriggerVolumeMissionBased                              - Instance: 0x02FA8270
Class: RFlagManager                                            - Instance: 0x02FA84E0
Class: RSeqAct_SetBoolEx                                       - Instance: 0x02FA8750
Class: RSeqAct_SetChapter                                      - Instance: 0x02FA89C0
Class: RSeqAct_SwitchFlags                                     - Instance: 0x02FA8C30
Class: RSeqVar_GlobalFlag                                      - Instance: 0x02FA8EA0
Class: RSeqVar_GlobalInt                                       - Instance: 0x02FA9110
Class: RDistributionVectorParticleArrayParameter               - Instance: 0x02FA9380
Class: RParticleKillVolume                                     - Instance: 0x02FA95F0
Class: RParticleModuleKillInVolume                             - Instance: 0x02FA9860
Class: RParticleModuleOnDeathBase                              - Instance: 0x02FA9AD0
Class: RParticleModuleSpawnOnDeath                             - Instance: 0x02FA9D40
Class: RParticleModuleWaitForDeath                             - Instance: 0x02FA9FB0
Class: RRotateActor                                            - Instance: 0x02FAA220
Class: RBMScout                                                - Instance: 0x02FAA490
Class: RChallengeWallBase                                      - Instance: 0x02FAA700
Class: RCornerPointBase                                        - Instance: 0x02FAA970
Class: RCornerWallMarkerBase                                   - Instance: 0x02FAABE0
Class: RCornerWallMarker                                       - Instance: 0x02FAAE50
Class: RCurvedFencePoint                                       - Instance: 0x02FAB0C0
Class: RCurvedFencePointRenderingComponent                     - Instance: 0x02FAB330
Class: RLedgeLookDangerAreaInfo                                - Instance: 0x02FAB5A0
Class: RLedgeLookDangerAreaInfo_AutoGen                        - Instance: 0x02FAB810
Class: RPathNode                                               - Instance: 0x02FABA80
Class: RBMPathNode_SpecialMove                                 - Instance: 0x02FABCF0
Class: RBMPathNode_Ladder                                      - Instance: 0x032FC000
Class: RBMPathNode_VariablePositionTraverse                    - Instance: 0x032FC270
Class: RBMPathNode_128Step                                     - Instance: 0x032FC4E0
Class: RBMPathNode_FenceJump                                   - Instance: 0x032FC750
Class: RBMPathNode_GapJump                                     - Instance: 0x032FC9C0
Class: RBMPathNode_WallClimb                                   - Instance: 0x032FCC30
Class: RBMPathNode_VariablePositionTraverseProxy               - Instance: 0x032FCEA0
Class: RBMPathNode_FenceJumpProxy                              - Instance: 0x032FD110
Class: RBMPathNode_GapJumpProxy                                - Instance: 0x032FD380
Class: RPathNode_DynamicFractureWall                           - Instance: 0x032FD5F0
Class: RPredatorSpecialMovePointBase                           - Instance: 0x032FD860
Class: RReachSpec                                              - Instance: 0x032FDAD0
Class: RBMSpecialMove_ReachSpec                                - Instance: 0x032FDD40
Class: RForcedReachSpec                                        - Instance: 0x032FDFB0
Class: RThugMineablePointBase                                  - Instance: 0x032FE220
Class: RThugMineablePointFloor                                 - Instance: 0x032FE490
Class: RThugMineablePointWall                                  - Instance: 0x032FE700
Class: MHackSubroutineContext                                  - Instance: 0x032FE970
Class: RGadgetSelect                                           - Instance: 0x032FEBE0
Class: RInventoryGadget                                        - Instance: 0x032FEE50
Class: MHackingGadgetBase                                      - Instance: 0x032FF0C0
Class: MJackInBoxBase                                          - Instance: 0x032FF330
Class: MThrowGadgetBase                                        - Instance: 0x032FF5A0
Class: RBatarang                                               - Instance: 0x032FF810
Class: RBatmobileRemote                                        - Instance: 0x032FFA80
Class: RBlowDartBase                                           - Instance: 0x032FFCF0
Class: RDisruptorSniper                                        - Instance: 0x032EC000
Class: RGrappleGun                                             - Instance: 0x032EC270
Class: MHarleyGrappleGunBase                                   - Instance: 0x032EC4E0
Class: RCwGrappleGunBase                                       - Instance: 0x032EC750
Class: RHarpoonGun                                             - Instance: 0x032EC9C0
Class: RJammerGadget                                           - Instance: 0x032ECC30
Class: RJokerGunGadgetBase                                     - Instance: 0x032ECEA0
Class: RLineLauncher                                           - Instance: 0x032ED110
Class: RMagneticBlast                                          - Instance: 0x032ED380
Class: RNavMeshInspector                                       - Instance: 0x032ED5F0
Class: RNavMeshInspector_Editor                                - Instance: 0x032ED860
Class: RPhysicsGrabber                                         - Instance: 0x032EDAD0
Class: RProjectileGadgetBase                                   - Instance: 0x032EDD40
Class: MSnareTrap                                              - Instance: 0x032EDFB0
Class: RFreezeClusterGrenade                                   - Instance: 0x032EE220
Class: RGooSpray                                               - Instance: 0x032EE490
Class: RResonatorTuner                                         - Instance: 0x032EE700
Class: RRHD                                                    - Instance: 0x032EE970
Class: RStaffBase                                              - Instance: 0x032EEBE0
Class: RSticksGadgetBase                                       - Instance: 0x032EEE50
Class: RSwordRasBase                                           - Instance: 0x032EF0C0
Class: RVoiceSynthesiser                                       - Instance: 0x032EF330
Class: RWhipBase                                               - Instance: 0x032EF5A0
Class: RInventoryManager                                       - Instance: 0x032EF810
Class: RLineLauncherGuidingVolume                              - Instance: 0x032EFA80
Class: RLineLauncherRescueVolume                               - Instance: 0x032EFCF0
Class: RMagneticBlastVolume                                    - Instance: 0x032DC000
Class: RMagneticDynamicObjectSkeletalBase                      - Instance: 0x032DC270
Class: RMagneticMatineeObject                                  - Instance: 0x032DC4E0
Class: RMagneticObjectForceField                               - Instance: 0x032DC750
Class: RMagneticSurfaceSMBase                                  - Instance: 0x032DC9C0
Class: RPhotoScanner                                           - Instance: 0x032DCC30
Class: RProjectile                                             - Instance: 0x032DCEA0
Class: RBatarangProjectile                                     - Instance: 0x032DD110
Class: RBatarangProjectile_Controllable                        - Instance: 0x032DD380
Class: RBatDistractProjectile                                  - Instance: 0x032DD5F0
Class: RGadgetProjectileBase                                   - Instance: 0x032DD860
Class: MSnareTrapProjectile                                    - Instance: 0x032DDAD0
Class: MStickyConcussionGrenadeProjectile                      - Instance: 0x032DDD40
Class: RExplosiveGelBomb                                       - Instance: 0x032DDFB0
Class: RFreezeGrenadeCommonProjectile                          - Instance: 0x032DE220
Class: RFreezeClusterGrenadeProjectile                         - Instance: 0x032DE490
Class: RFreezeSprayProjectile                                  - Instance: 0x032DE700
Class: RMagneticBlastReceiver                                  - Instance: 0x032DE970
Class: RMortarProjectile                                       - Instance: 0x032DEBE0
Class: RProjectileWithRope                                     - Instance: 0x032DEE50
Class: RHarpoonProjectile                                      - Instance: 0x032DF0C0
Class: RThugTrap                                               - Instance: 0x032DF330
Class: MJackInBoxTrapBase                                      - Instance: 0x032DF5A0
Class: RCwCaltropsTrapBase                                     - Instance: 0x032DF810
Class: RExplosiveGooMine                                       - Instance: 0x032DFA80
Class: RFreezeClusterTrapBase                                  - Instance: 0x032DFCF0
Class: RBunkerDoorVillainBlocker                               - Instance: 0x032C4000
Class: RLevelTransition                                        - Instance: 0x032C4270
Class: RLevelTransitionDoorBunkerNativeBase                    - Instance: 0x032C44E0
Class: RLevelTransitionP                                       - Instance: 0x032C4750
Class: RLevelTransitionDoorBase                                - Instance: 0x032C49C0
Class: RLevelTransitionPath                                    - Instance: 0x032C4C30
Class: RLevelTransitionUpperBuilding                           - Instance: 0x032C4EA0
Class: RLevelTransitionPathComponent                           - Instance: 0x032C5110
Class: RLevelTransitionRenderingComponent                      - Instance: 0x032C55F0
Class: RLevelVolume                                            - Instance: 0x032C5860
Class: RLevelVolumeOW                                          - Instance: 0x032C5AD0
Class: RPlayerStartInLevel                                     - Instance: 0x032C5D40
Class: RChallengeModeStartPointBase                            - Instance: 0x032C5FB0
Class: RPlayerStartInLevelRenderingComponent                   - Instance: 0x032C6220
Class: RSeqAct_CheckURLParam                                   - Instance: 0x032C6490
Class: RSeqAct_ModifyDoor                                      - Instance: 0x032C6700
Class: RSeqAct_ModifyStreaming                                 - Instance: 0x032C6970
Class: RSeqAct_PrepareMapChangeFromURL                         - Instance: 0x032C6BE0
Class: RSeqAct_SaveWhenConditionHit                            - Instance: 0x032C6E50
Class: RSeqEvent_LevelVolume                                   - Instance: 0x032C70C0
Class: RSeqVar_CurrentLevel                                    - Instance: 0x032C7330
Class: RAnimNotify_ChangeCape                                  - Instance: 0x032C75A0
Class: RAnimNotify_DialogueSync                                - Instance: 0x032C7810
Class: RAnimNotify_DialogueTrigger                             - Instance: 0x032C7A80
Class: RAnimNotify_Footstep                                    - Instance: 0x032C7CF0
Class: RAnimNotify_IdleMatchBlendWeight                        - Instance: 0x032AC000
Class: RAnimNotify_IdleMatchPoint                              - Instance: 0x032AC270
Class: RAnimNotify_RemoteEvent                                 - Instance: 0x032AC4E0
Class: RAnimNotify_RFlapsBlendWeight                           - Instance: 0x032AC750
Class: RAnimNotify_SetGauntletPortraitName                     - Instance: 0x032AC9C0
Class: RActorFactoryMoverNoCL                                  - Instance: 0x032ACC30
Class: RActorFactoryRigidBody                                  - Instance: 0x032ACEA0
Class: RBankDoorBase                                           - Instance: 0x032AD110
Class: RBatmobileRiddlerCameraVolume                           - Instance: 0x032AD380
Class: RBatmobileScrewBase                                     - Instance: 0x032AD5F0
Class: RBatmobileScrewSpikesBase                               - Instance: 0x032AD860
Class: RBatSignalBase                                          - Instance: 0x032ADAD0
Class: RBlockingCylinder                                       - Instance: 0x032ADD40
Class: RBlockingVolume                                         - Instance: 0x032ADFB0
Class: RDynamicBlockingVolume                                  - Instance: 0x032AE220
Class: RCheckPointMineBase                                     - Instance: 0x032AE490
Class: RClimbLocatorContainer                                  - Instance: 0x032AE700
Class: RSmashablePropConfig                                    - Instance: 0x032AE970
Class: RCrimeSceneBase                                         - Instance: 0x032AEBE0
Class: RDestructibleDebrisCrumbleVolume                        - Instance: 0x032AEE50
Class: RDestructibleProp_FractureWall                          - Instance: 0x032AF0C0
Class: RDestructibleProp_LampPost                              - Instance: 0x032AF330
Class: RDestructibleProp_Tree                                  - Instance: 0x032AF5A0
Class: RClimbLocator                                           - Instance: 0x032AF810
Class: RCrowdSpawnPointChild                                   - Instance: 0x032AFA80
Class: RCrowdSpawnPointMaster                                  - Instance: 0x032AFCF0
Class: RDummyTarget_ChinookBase                                - Instance: 0x0329C000
Class: RGangFleePressPointBase                                 - Instance: 0x0329C270
Class: RGangVehicleInteractPointBase                           - Instance: 0x0329C4E0
Class: RFakeTacticianVolume                                    - Instance: 0x0329C750
Class: RFloatingIceRaftMesh                                    - Instance: 0x0329C9C0
Class: RFreezableVentBase                                      - Instance: 0x0329CC30
Class: RGangInteractPointBase                                  - Instance: 0x0329CEA0
Class: RGangInteractPointAbandonedVehicleBase                  - Instance: 0x0329D110
Class: RGangInteractPointBreakableBase                         - Instance: 0x0329D380
Class: RGangInteractWindowBase                                 - Instance: 0x0329D5F0
Class: RGangSpectatorPointBase                                 - Instance: 0x0329D860
Class: RGargoyleBombBase                                       - Instance: 0x0329DAD0
Class: RGlideOutOfBoundsVolume                                 - Instance: 0x0329DD40
Class: RGrapplePointCollection                                 - Instance: 0x0329DFB0
Class: RGrinderVolume                                          - Instance: 0x0329E220
Class: RHarpoonDragBase                                        - Instance: 0x0329E490
Class: RHidePoint                                              - Instance: 0x0329E700
Class: RHidePoint_GrateBase                                    - Instance: 0x0329E970
Class: RHidePoint_Mesh                                         - Instance: 0x0329EBE0
Class: RHidePoint_GargoyleBase                                 - Instance: 0x0329EE50
Class: RHidePoint_Movable                                      - Instance: 0x0329F0C0
Class: RHidePoint_Walkable                                     - Instance: 0x0329F330
Class: RHidePoint_LampPostTop                                  - Instance: 0x0329F5A0
Class: RHidePoint_RopeBase                                     - Instance: 0x0329F810
Class: RHidePointLedgePerch                                    - Instance: 0x0329FA80
Class: RSwingChutePointBase                                    - Instance: 0x0329FCF0
Class: RHidePointRenderingComponent                            - Instance: 0x03294000
Class: RHushCameraBase                                         - Instance: 0x03294270
Class: RImpassableHazardBase                                   - Instance: 0x032944E0
Class: RInteractiveElementRenderingComponent                   - Instance: 0x03294750
Class: RKActorSpawnable                                        - Instance: 0x032949C0
Class: RFloatingProp                                           - Instance: 0x03294C30
Class: RKActorWinchable                                        - Instance: 0x03294EA0
Class: RSmashableProp                                          - Instance: 0x03295110
Class: RHarpoonDragPhysicsBase                                 - Instance: 0x03295380
Class: RMagneticDynamicObjectBase                              - Instance: 0x032955F0
Class: RRiddlerBoxBase                                         - Instance: 0x03295860
Class: RKillVolume                                             - Instance: 0x03295AD0
Class: RLootDestinationBase                                    - Instance: 0x03295D40
Class: RLootPointBase                                          - Instance: 0x03295FB0
Class: RNavMeshObstacle_OneWay                                 - Instance: 0x03296220
Class: RNoShootVolume                                          - Instance: 0x03296490
Class: RFloatingRaft                                           - Instance: 0x03296700
Class: RPatrolPoint                                            - Instance: 0x03296970
Class: RPatrolPoint_LitePred                                   - Instance: 0x03296BE0
Class: RPatrolPointRenderingComponent                          - Instance: 0x03296E50
Class: RPhysicsTriggerVolume                                   - Instance: 0x032970C0
Class: RPlayerPredatorZone                                     - Instance: 0x03297330
Class: RPounceBlockingVolume                                   - Instance: 0x032975A0
Class: RPounceBlockingVolumeContainer                          - Instance: 0x03297810
Class: RPresurePadBase                                         - Instance: 0x03297A80
Class: RRadarTowerBase                                         - Instance: 0x03297CF0
Class: RPredatorStartleControlBase                             - Instance: 0x0328C000
Class: RRoadArea                                               - Instance: 0x0328C270
Class: RRoadJunction                                           - Instance: 0x0328C4E0
Class: RRoadLink                                               - Instance: 0x0328C750
Class: RRoadNetwork                                            - Instance: 0x0328C9C0
Class: RRoadPoint                                              - Instance: 0x0328CC30
Class: RRoadPointRenderingComponent                            - Instance: 0x0328CEA0
Class: RRoadRoute                                              - Instance: 0x0328D110
Class: RRoadSplinePoint                                        - Instance: 0x0328D380
Class: RRope2Base                                              - Instance: 0x0328D5F0
Class: RRope2Component                                         - Instance: 0x0328D860
Class: RHidePointRope_RopeComponent                            - Instance: 0x0328DAD0
Class: RRope2PhysicsUpdater                                    - Instance: 0x0328DD40
Class: RRope2BasePhysicsUpdater                                - Instance: 0x0328DFB0
Class: RRope2CapsuleChainPhysicsUpdater                        - Instance: 0x0328E220
Class: RRope2SimplePhysicsUpdater                              - Instance: 0x0328E490
Class: RRope2VantageWirePhysicsUpdater                         - Instance: 0x0328E700
Class: RRope2SimpleSphereChainPhysicsUpdater                   - Instance: 0x0328E970
Class: RRope2RenderUpdater                                     - Instance: 0x0328EBE0
Class: RRope2StandardRenderUpdater                             - Instance: 0x0328EE50
Class: RRope2SimplePhysicsControlPoint                         - Instance: 0x0328F0C0
Class: RRope2Updater                                           - Instance: 0x0328F330
Class: RRope2AutoLengthUpdater                                 - Instance: 0x0328F5A0
Class: RRope2EffectsUpdater                                    - Instance: 0x0328F810
Class: RRope2LengthUpdater                                     - Instance: 0x0328FA80
Class: RRopeBase                                               - Instance: 0x0328FCF0
Class: RRopeBaseSpawnable                                      - Instance: 0x03284000
Class: RRopeComponentBase                                      - Instance: 0x03284270
Class: RRopeComponent                                          - Instance: 0x032844E0
Class: RSimpleRopeComponent                                    - Instance: 0x03284750
Class: RRopeEditorRenderingComponent                           - Instance: 0x032849C0
Class: RRopeTest                                               - Instance: 0x03284C30
Class: RSeqAct_SpawnObjectiveMarker                            - Instance: 0x03284EA0
Class: RSeqVar_ChunkDamageCount                                - Instance: 0x03285110
Class: RSmokeScreen                                            - Instance: 0x03285380
Class: RSnapToPositionActor                                    - Instance: 0x032855F0
Class: RGrapplePoint                                           - Instance: 0x03285860
Class: RRescuePoint                                            - Instance: 0x03285AD0
Class: ROverheadWireEndBase                                    - Instance: 0x03285D40
Class: RRope2EndPoint                                          - Instance: 0x03285FB0
Class: RShimmyEdgeMarker                                       - Instance: 0x03286220
Class: RSnowVolume                                             - Instance: 0x03286490
Class: RSpecialMoveEnvironmentObject                           - Instance: 0x03286700
Class: RCommandBeaconBase                                      - Instance: 0x03286970
Class: RLadder                                                 - Instance: 0x03286BE0
Class: RRemoveableGrate                                        - Instance: 0x03286E50
Class: RTunnelGrateBase                                        - Instance: 0x032870C0
Class: RTunnelGrateCWFlipBase                                  - Instance: 0x03287330
Class: RStopBatmobileBox                                       - Instance: 0x032875A0
Class: RSwingChuteExitBase                                     - Instance: 0x03287810
Class: RSwingChutePointRenderingComponent                      - Instance: 0x03287A80
Class: RSwingFloorVolume                                       - Instance: 0x03287CF0
Class: RTimeTrialWaypointBase                                  - Instance: 0x03278000
Class: RTimeTrialWaypointRenderingComponent                    - Instance: 0x03278270
Class: RTunnelFunnel                                           - Instance: 0x032784E0
Class: RTunnelMeshBase                                         - Instance: 0x03278750
Class: RVentNetworkOutLine                                     - Instance: 0x032789C0
Class: RWaterFlowTargetEditorRenderingComponent                - Instance: 0x03278C30
Class: RWaterRescueVolumeBase                                  - Instance: 0x03278EA0
Class: RActivatedFearToxinVolume                               - Instance: 0x03279110
Class: RWaterVolumeBase                                        - Instance: 0x03279380
Class: RWaterVolumeEditorRenderingComponent                    - Instance: 0x032795F0
Class: RWinchableJunctionBoxBase                               - Instance: 0x03279860
Class: RWinchableWallBase                                      - Instance: 0x03279AD0
Class: RB_ActualDistanceConstraintSetup                        - Instance: 0x03279D40
Class: RCapeCollisionConfig                                    - Instance: 0x03279FB0
Class: RCapeCollisionShapeConfig                               - Instance: 0x0327A220
Class: RCapeComponent                                          - Instance: 0x0327A490
Class: RCapeConfig                                             - Instance: 0x0327A700
Class: RCapeRenderingComponent                                 - Instance: 0x0327A970
Class: RCapeSkeletalMeshComponent                              - Instance: 0x0327ABE0
Class: RCapeStateBoneConfig                                    - Instance: 0x0327AE50
Class: RCapeStateConfig                                        - Instance: 0x0327B0C0
Class: RCapeStateController                                    - Instance: 0x0327B330
Class: RConstrainingComponent                                  - Instance: 0x0327B810
Class: RDestructibleActor                                      - Instance: 0x0327BA80
Class: RWindForceFieldVolume                                   - Instance: 0x0327BCF0
Class: RPulleyRenderingComponent                               - Instance: 0x03220000
Class: RRagdollWakeupVolume                                    - Instance: 0x03220270
Class: RRandomDelay                                            - Instance: 0x032204E0
Class: RRemoveDebrisInBoxActor                                 - Instance: 0x03220750
Class: RVehicle                                                - Instance: 0x032209C0
Class: RVehicleSimCar                                          - Instance: 0x03220C30
Class: RVehicleSimBatmobile                                    - Instance: 0x03220EA0
Class: RVehicleSimNPC                                          - Instance: 0x03221110
Class: RVehicleSimCarNPC                                       - Instance: 0x03221380
Class: RVehicleSimFlyingNPC                                    - Instance: 0x032215F0
Class: RVehicleSimTankNPC                                      - Instance: 0x03221860
Class: RWaterFlowTarget                                        - Instance: 0x03221AD0
Class: RWindVolume                                             - Instance: 0x03221D40
Class: RBulletProofGlassBase                                   - Instance: 0x03221FB0
Class: RFractureWallBase                                       - Instance: 0x03222220
Class: RForensicsDevice                                        - Instance: 0x03222490
Class: RForensicsDeviceAsyncTicker                             - Instance: 0x03222700
Class: RForensicTargetLocation                                 - Instance: 0x03222970
Class: RPhysicalEvidenceBase                                   - Instance: 0x03222BE0
Class: RPhysicalEvidenceCrimeScene                             - Instance: 0x03222E50
Class: RDisruptableObjectBase                                  - Instance: 0x032230C0
Class: RDisruptableObjectDoor                                  - Instance: 0x03223330
Class: RDisruptableLaserGridBase                               - Instance: 0x032235A0
Class: RDisruptableLaserGridRiddlerPylonBase                   - Instance: 0x03223810
Class: RSecurityLaserBase                                      - Instance: 0x03223A80
Class: R3rdPersonCamera                                        - Instance: 0x03223CF0
Class: RAnimNotify_Camera                                      - Instance: 0x02FF4000
Class: RCameraActor                                            - Instance: 0x02FF4270
Class: RAnimatedCameraActor                                    - Instance: 0x02FF44E0
Class: RCinematicCameraActor                                   - Instance: 0x02FF4750
Class: RBatarangCamera                                         - Instance: 0x02FF49C0
Class: RBMCutsceneBase                                         - Instance: 0x02FF4C30
Class: RBmBatmanCutscene                                       - Instance: 0x02FF4EA0
Class: RCameraActor_Conversation                               - Instance: 0x02FF5110
Class: RCaseFileCameraActor                                    - Instance: 0x02FF5380
Class: RChuteCamera                                            - Instance: 0x02FF55F0
Class: RDialogueCamera                                         - Instance: 0x02FF5860
Class: RFallInWaterCamera                                      - Instance: 0x02FF5AD0
Class: RGlideKickCamera                                        - Instance: 0x02FF5D40
Class: RInGameCinematicCam                                     - Instance: 0x02FF5FB0
Class: RLineLauncherDirectorCamera                             - Instance: 0x02FF6220
Class: RMultiTargetCamera                                      - Instance: 0x02FF6490
Class: RArenaCamera                                            - Instance: 0x02FF6700
Class: RPlayerTransitionCameraActor                            - Instance: 0x02FF6970
Class: RSilentPredatorCamera                                   - Instance: 0x02FF6BE0
Class: RVantagePointGrappleCamera                              - Instance: 0x02FF6E50
Class: RWallClimbCamera                                        - Instance: 0x02FF70C0
Class: RCameraOverlayPlayer                                    - Instance: 0x02FF7330
Class: RDOFManager                                             - Instance: 0x02FF75A0
Class: RLightingRigActor                                       - Instance: 0x02FF7810
Class: RSeqAct_SetTrackingCamera                               - Instance: 0x02FF7A80
Class: RCameraTransitionPathNode                               - Instance: 0x02FF7CF0
Class: RStealthTakeDownStage                                   - Instance: 0x02FD4000
Class: RStealthTakeDownStage_GrabOnFloor                       - Instance: 0x02FD4270
Class: RStealthTakeDownStage_RailingAttack                     - Instance: 0x02FD44E0
Class: RBatmobileForceVolume                                   - Instance: 0x02FD4750
Class: RBatmobileTunnelVolume                                  - Instance: 0x02FD49C0
Class: RBatmobileRemoteVolume                                  - Instance: 0x02FD4C30
Class: RBatmobileSatNavArrows                                  - Instance: 0x02FD4EA0
Class: RWeaponGeneratorContainer                               - Instance: 0x02FD5110
Class: RDroneCommanderTannoy                                   - Instance: 0x02FD5380
Class: RVehicleEnemySpawnPoint                                 - Instance: 0x02FD55F0
Class: RVehicleGuardPoint                                      - Instance: 0x02FD5860
Class: RVehicleMine                                            - Instance: 0x02FD5AD0
Class: RRammableInterface                                      - Instance: 0x02FD5D40
Class: RSeqAct_BatmobileRollingStart                           - Instance: 0x02FD5FB0
Class: RSeqAct_MatineeVehicleRateBlend                         - Instance: 0x02FD6220
Class: RSeqAct_SpawnVehicleBase                                - Instance: 0x02FD6490
Class: RSeqAct_SpawnVehicle                                    - Instance: 0x02FD6700
Class: RSeqAct_VehicleEnemySpawner                             - Instance: 0x02FD6970
Class: RSeqAct_StartVehicleNPCWeaponAttack                     - Instance: 0x02FD6BE0
Class: RSeqEvent_ChallengeVehicleKilled                        - Instance: 0x02FD6E50
Class: RSeqVar_Batmobile                                       - Instance: 0x02FD70C0
Class: RSeqVar_BatmobileSpeed                                  - Instance: 0x02FD7330
Class: RSkelControl_CantileverBeam                             - Instance: 0x02FD75A0
Class: RSkelControlBatmobileWheel                              - Instance: 0x02FD7810
Class: RSkelControlDeformVehicle                               - Instance: 0x02FD7A80
Class: RSkelControlTankTrack                                   - Instance: 0x02FD7CF0
Class: RAbandonedVehicle                                       - Instance: 0x02FD8000
Class: RDeadVehicle                                            - Instance: 0x02FD8270
Class: RVehicleBatmobileBase                                   - Instance: 0x02FD84E0
Class: RVehicleNPC                                             - Instance: 0x02FD8750
Class: RVehicleBatmobilePredictor                              - Instance: 0x02FD89C0
Class: RVehicleCar                                             - Instance: 0x02FD8C30
Class: RVehicleHushBase                                        - Instance: 0x02FD8EA0
Class: RVehicleFlying                                          - Instance: 0x02FD9110
Class: RVehicleNPCBatmobile                                    - Instance: 0x02FD9380
Class: RVehicleTank                                            - Instance: 0x02FD95F0
Class: RVehicleHeavyTank                                       - Instance: 0x02FD9860
Class: RVehicleStaticTank                                      - Instance: 0x02FD9AD0
Class: RVehicleWalkerBase                                      - Instance: 0x02FD9D40
Class: RVehicleAntiLevelVolume                                 - Instance: 0x02FD9FB0
Class: RVehicleBehaviour                                       - Instance: 0x02FDA220
Class: RVehicleBehaviour_FollowVehicle                         - Instance: 0x02FDA700
Class: RVehicleBehaviour_EscortVehicle                         - Instance: 0x02FDA970
Class: RVehicleBehaviour_HeavyTankSearch                       - Instance: 0x02FDABE0
Class: RVehicleBehaviour_RunAway                               - Instance: 0x02FDAE50
Class: RVehicleBehaviour_StopAndSpawnBase                      - Instance: 0x02FDB0C0
Class: RVehicleBehaviour_SuicideDroneAttack                    - Instance: 0x02FDB330
Class: RVehicleBehaviour_TankStrafe                            - Instance: 0x02FDB5A0
Class: RVehicleCombatManager                                   - Instance: 0x02FDB810
Class: RVehicleCustomisation                                   - Instance: 0x02FDBA80
Class: RVehicleExclusionVolume                                 - Instance: 0x02FDBCF0
Class: RVehicleNPCWeapon                                       - Instance: 0x02FCC000
Class: RVehicleNPCWeapon_APCMissileTurret                      - Instance: 0x02FCC270
Class: RVehicleNPCWeapon_Gun                                   - Instance: 0x02FCC4E0
Class: RVehicleNPCWeapon_RPG                                   - Instance: 0x02FCC750
Class: RVehicleNPCWeapon_APCMissileLauncher                    - Instance: 0x02FCC9C0
Class: RVehicleNPCWeapon_ScriptedRPG                           - Instance: 0x02FCCC30
Class: RVehicleScanLaser                                       - Instance: 0x02FCCEA0
Class: RVehicleScenario                                        - Instance: 0x02FCD110
Class: RVehicleThreatComponent                                 - Instance: 0x02FCD380
Class: RVisualDamageComponent                                  - Instance: 0x02FCD5F0
Class: RVehicleWeapon                                          - Instance: 0x02FCD860
Class: RBatmobileAllegianceSwitcher                            - Instance: 0x02FCDAD0
Class: RBatmobileCannon                                        - Instance: 0x02FCDD40
Class: RBatmobileHeavyCannon                                   - Instance: 0x02FCDFB0
Class: RBatmobileSonar                                         - Instance: 0x02FCE220
Class: RBatmobileWinch                                         - Instance: 0x02FCE490
Class: RPursuitModeMissileLauncher                             - Instance: 0x02FCE700
Class: RBatmobileEMPMissile                                    - Instance: 0x02FCE970
Class: RBatmobileWinchProjectile                               - Instance: 0x02FCEBE0
Class: MWBIDDataMessage                                        - Instance: 0x02FCEE50
Class: MWBIDAttractScreenMessage                               - Instance: 0x02FCF0C0
Class: MWBIDEmailFormScreenMessage                             - Instance: 0x02FCF330
Class: MWBIDOptionsScreenMessage                               - Instance: 0x02FCF5A0
Class: MWBIDVerifyScreenMessage                                - Instance: 0x02FCF810
Class: MWBIDOverlayManager                                     - Instance: 0x02FCFA80
Class: RChallengeManager                                       - Instance: 0x02FCFCF0
Class: RGFxGameViewportClient                                  - Instance: 0x02FFC000
Class: RGFxMovie                                               - Instance: 0x02FFC270
Class: RGFxMovieFrontMost                                      - Instance: 0x02FFC4E0
Class: RGFxMovieKismetBase                                     - Instance: 0x02FFC750
Class: RGFxMovieModularHudBase                                 - Instance: 0x02FFC9C0
Class: RGFxMovieModularHud                                     - Instance: 0x02FFCC30
Class: RGFxMovieModularHud_Batmobile                           - Instance: 0x02FFCEA0
Class: RGFxMovieModularHud_Disposable                          - Instance: 0x02FFD110
Class: RGFxMovieModularHud_LocalRadar                          - Instance: 0x02FFD380
Class: RGFxMovieModularHud_TargetsEtc                          - Instance: 0x02FFD5F0
Class: RGFxMovieRadialGadgetSelect                             - Instance: 0x02FFD860
Class: RGFxMovieResonatorMinigame                              - Instance: 0x02FFDAD0
Class: RGFxMovieUI                                             - Instance: 0x02FFDD40
Class: RGFxMovieBackScreen                                     - Instance: 0x02FFDFB0
Class: RGFxMovieMissionWheel                                   - Instance: 0x02FFE220
Class: RGFxMovieUI_OptionsGraphics                             - Instance: 0x02FFE490
Class: RGFxMovieUI_PauseBase                                   - Instance: 0x02FFE700
Class: RGFxMovieUI_PauseOptionsGraphics                        - Instance: 0x02FFE970
Class: RGFxMovieUI_SkinSelect                                  - Instance: 0x02FFEBE0
Class: RGFxMovieUI_StorySynopsis                               - Instance: 0x02FFEE50
Class: RGFxMovieVideoPlayer                                    - Instance: 0x02FFF0C0
Class: RGFxWorldMovieComponent                                 - Instance: 0x02FFF330
Class: RSeqAct_GFxMovieOutroMovie                              - Instance: 0x02FFF5A0
Class: RSeqAct_PlayGfxMovie                                    - Instance: 0x02FFF810
Class: RSideStoryManager                                       - Instance: 0x02FFFA80
Class: GFxMovieHudMenu                                         - Instance: 0x04B74CFC
Class: RAEC_DummySolo                                          - Instance: 0x04B7777C
Class: MAEC_AttractEnemiesToLocation                           - Instance: 0x04B794BC
Class: MAEC_Sub_AttractEnemiesToLocation                       - Instance: 0x04B79E8C
Class: RAIBrain_Pred                                           - Instance: 0x04B7A16C
Class: RBMBehaviour_Idle                                       - Instance: 0x04B7A864
Class: RBMBehaviour_IdleAllowCombat                            - Instance: 0x04B7A620
Class: MAEC_Sub_AttractEnemiesWithSound                        - Instance: 0x04B7FEB0
Class: RAEC_GelMineExplosion                                   - Instance: 0x04B811E0
Class: RAEC_GroupPauseAndLook                                  - Instance: 0x04B81554
Class: RAEC_Startle_Sub                                        - Instance: 0x04B81FB0
Class: MAEC_JackInBoxExplosion                                 - Instance: 0x04B82E4C
Class: RAEC_Smoke                                              - Instance: 0x04B83628
Class: RAEC_Smoke_Inside                                       - Instance: 0x04B83A38
Class: RAEC_Smoke_Outsider                                     - Instance: 0x04B83D18
Class: RAEC_Attack_Base                                        - Instance: 0x04B85480
Class: RAEC_Attack                                             - Instance: 0x04B8523C
Class: RAEC_Parent                                             - Instance: 0x04B85760
Class: RAEC_Attack_Converge                                    - Instance: 0x04B85ADC
Class: MAEC_LaughingGas                                        - Instance: 0x04B86E44
Class: MAEC_LaughingGas_Inside                                 - Instance: 0x04B871E8
Class: MAEC_LaughingGas_Outsider                               - Instance: 0x04B87878
Class: RAEC_Smoke_Sub_Disarmed                                 - Instance: 0x04B8A2C0
Class: RAEC_Smoke_Sub_Armed                                    - Instance: 0x04B8A5A0
Class: MLaughingGasScreenBase                                  - Instance: 0x04B8B7A8
Class: MAEC_LaughingGas_Sub_Armed                              - Instance: 0x04B8BA88
Class: RMultiNavHandleWrapper                                  - Instance: 0x04B8CB6C
Class: RAEC_Smoke_Sub_Outsider                                 - Instance: 0x04B8E5D8
Class: RBMAIAction_ThermalInSmoke                              - Instance: 0x04B94CA4
Class: MBMAIAction_PauseAndLaugh                               - Instance: 0x04B94F84
Class: MAEC_MayhemMode                                         - Instance: 0x04B95E8C
Class: MAEC_MayhemMode_Sub                                     - Instance: 0x04B964A0
Class: RBMAIAction_BatShockStartle                             - Instance: 0x04B97720
Class: MBMAIAction_MayhemStartle                               - Instance: 0x04B974DC
Class: MAEC_MayhemTransitionAlert                              - Instance: 0x04B97E48
Class: MAEC_ShootStickyConcussionGrenade                       - Instance: 0x04B988FC
Class: MAEC_ShootStickyConcussionGrenade_Solo                  - Instance: 0x04B9993C
Class: RBMAIAction_BaseMove                                    - Instance: 0x04B9BCDC
Class: RBMAIAction_RunTo                                       - Instance: 0x04B9BA98
Class: RBMAIAction_ShootActor                                  - Instance: 0x04B9BFBC
Class: RAEC_FrozenThug                                         - Instance: 0x04B9C854
Class: RAEC_Sub_FrozenThug                                     - Instance: 0x04B9CB34
Class: MAEC_SnaredThug                                         - Instance: 0x04B9D470
Class: MAEC_Sub_SnaredThug                                     - Instance: 0x04B9D814
Class: MAEC_StickyConcussionGrenadeReaction                    - Instance: 0x04B9DD30
Class: MAEC_StickyConcussionGrenadeReaction_Sub_Disarmed       - Instance: 0x04B9E458
Class: MAEC_StickyConcussionGrenadeReaction_Sub_Armed          - Instance: 0x04B9E738
Class: RBMAIAction_GunStartle                                  - Instance: 0x04B9F044
Class: MBMAIAction_GunStartleByStickyConcussionGrenadeExplosion - Instance: 0x04B9F288
Class: MBMAIAction_BlindAndStaggeredByStickyConcussionGrenadeExplosion - Instance: 0x04B9FD38
Class: RBMAIAction_LookAtHole                                  - Instance: 0x04BA0C74
Class: MBMAIAction_PauseAndLookAroundForLimitedTime            - Instance: 0x04BA1B30
Class: MBMAIAction_JackInBoxAttraction_Stage2                  - Instance: 0x04BA1EAC
Class: MBMAIAction_JackInBoxAttraction_Stage1                  - Instance: 0x04BA218C
Class: RBMBehaviour_FreezeBlastHit                             - Instance: 0x04BA36D8
Class: MHQBehaviour_SnareTrapTripped                           - Instance: 0x04BA3EB8
Class: RAEC_Sub_EnvironmentStartle                             - Instance: 0x04BC0EC4
Class: RCombatMove_BatmanFloorTakedown                         - Instance: 0x04BC7A60
Class: RInteractInterface                                      - Instance: 0x04BD2F6C
Class: RSeqAct_VehicleSelfDrive                                - Instance: 0x04BDAFD4
Class: RBMBehaviour_FenceJump                                  - Instance: 0x04BE943C
Class: RSeqAct_VehicleDriveSpline                              - Instance: 0x04BF1350
Class: RPredHostageFleePoint                                   - Instance: 0x04C212B8
Class: RDMThroughWallsSuppressableInterface                    - Instance: 0x04C21BDC
Class: RGFxMovieNoController                                   - Instance: 0x04C2455C
Class: RGFxMovieFrontendBGFader                                - Instance: 0x04C2483C
Class: RHUD                                                    - Instance: 0x04C39860
Class: ROnlineStatsReadMostWanted                              - Instance: 0x04C3F330
Class: RGFxMoviePopupRequester                                 - Instance: 0x04C41704
Class: RHudModuleFirefly                                       - Instance: 0x04C4EAC0
Class: RSeqAct_MinigameSequenceBase                            - Instance: 0x04C4EDA0
Class: RHudModuleSuicideCars                                   - Instance: 0x04C4F080
Class: RHudModuleHeavyTankScanBase                             - Instance: 0x04C4F360
Class: RHudModuleForensicBeaconTracking                        - Instance: 0x04C4F640
Class: RHudModuleBoss                                          - Instance: 0x04C4F920
Class: RHudModuleAlertsAndSurveillance                         - Instance: 0x04C4FC00
Class: RHudModuleChallengeMode                                 - Instance: 0x04C4FEE0
Class: RHudModuleBespokeBase                                   - Instance: 0x04C5025C
Class: RHudModuleRoomName                                      - Instance: 0x04C5053C
Class: RHudModuleObjectives                                    - Instance: 0x04C5081C
Class: RHudModuleForensicDetail                                - Instance: 0x04C50AFC
Class: RHudModuleScanner                                       - Instance: 0x04C50DDC
Class: RHudModuleHackingMode                                   - Instance: 0x04C510BC
Class: RHudModuleDetectiveModeJamming                          - Instance: 0x04C5139C
Class: RHudModuleBatmobile                                     - Instance: 0x04C5167C
Class: RHudModuleDownloadProgress                              - Instance: 0x04C5195C
Class: RHudModuleExtraSequence                                 - Instance: 0x04C51C3C
Class: RHudModuleDetectiveMode                                 - Instance: 0x04C51F1C
Class: RHudModuleCrimeSceneInfo                                - Instance: 0x04C521FC
Class: RHudModuleStoryMode                                     - Instance: 0x04C524DC
Class: RHudModuleHealthBar                                     - Instance: 0x04C527BC
Class: RHudModuleTargets                                       - Instance: 0x04C52A9C
Class: RHudObjectivesContainer                                 - Instance: 0x04C55F1C
Class: ROnlineStatsRead                                        - Instance: 0x04C63418
Class: RGFxMovieUI_ChallengeSymbolMini                         - Instance: 0x04C63830
Class: RGFxMovieUI_ChallengeSymbol                             - Instance: 0x04C63B10
Class: RThugMineablePointVent                                  - Instance: 0x04C65B6C
Class: RSentryGunPlacementPoint                                - Instance: 0x04C66290
Class: RBMCombatThrownObject_Predator                          - Instance: 0x04C6660C
Class: RPreventNonMedicManDownVolume                           - Instance: 0x04C66AC0
Class: RLootSourceBase                                         - Instance: 0x04C66F74
Class: RSeqEvent_LevelScripting                                - Instance: 0x04C68110
Class: RLockinVolume                                           - Instance: 0x04C6848C
Class: RAEC_AbandonDrone                                       - Instance: 0x04C6CF10
Class: RSeqAct_BagCarrierDialogue                              - Instance: 0x04C6D1F0
Class: RAEC_DetectiveModeDetector_Group                        - Instance: 0x04C6D608
Class: RBarkGroupContext_Pred                                  - Instance: 0x04C6DABC
Class: RSentryKitAssignmentPicker                              - Instance: 0x04C6DD9C
Class: RGargMineAssignmentPicker                               - Instance: 0x04C6E388
Class: RBMBehaviour_DoorHandler                                - Instance: 0x04C6FC98
Class: RBMBehaviour_BagCarrierBase                             - Instance: 0x04C6FA54
Class: RAEC_Sub_LevelScriptingRoot                             - Instance: 0x04C70B50
Class: RAEC_OrderedOutOfVolume                                 - Instance: 0x04C76358
Class: RAEC_Disarmed                                           - Instance: 0x04C77DBC
Class: RThugMineablePointFloor_Spawned                         - Instance: 0x04C7B5FC
Class: RPawnVillainGunPredBase                                 - Instance: 0x04C7C6F8
Class: RAIBrain_PredFull                                       - Instance: 0x04C7C9D4
Class: RAEC_PlaceSentryGun                                     - Instance: 0x04C7E858
Class: RAEC_CasualtyBase                                       - Instance: 0x04C7FFD8
Class: RAEC_Casualty                                           - Instance: 0x04C8034C
Class: RAEC_RedHood_Base                                       - Instance: 0x04C82374
Class: RSeqEvent_RoomNervous                                   - Instance: 0x04C83AB8
Class: RAEC_DisruptedJammerReaction                            - Instance: 0x04C83F94
Class: RAEC_HideFromBatmobile                                  - Instance: 0x04C8463C
Class: RAEC_OutOfControlDroneExplode                           - Instance: 0x04C84C04
Class: RAEC_Search_Sub_Guard                                   - Instance: 0x04C85874
Class: RAEC_LockedIn_GroupBase                                 - Instance: 0x04C86788
Class: RSeqEvent_Takedown_Discovered                           - Instance: 0x04C87A90
Class: RSeqEvent_LastThug_BreakoutOfPred                       - Instance: 0x04C88904
Class: RSeqEvent_BatmanLost                                    - Instance: 0x04C89398
Class: RAEC_SearchBase                                         - Instance: 0x04C8C9CC
Class: RAEC_Search                                             - Instance: 0x04C8C788
Class: RAEC_Search_Sub_FloorMine                               - Instance: 0x04C8CDE4
Class: RAEC_Search_Sub_VantageResponse                         - Instance: 0x04C8E524
Class: RAEC_Search_Sub_DestroyGrate                            - Instance: 0x04C8FCF4
Class: RAEC_Search_Sub_GrenadeTunnel                           - Instance: 0x04C90330
Class: RAEC_LevelScriptingRoot                                 - Instance: 0x04C95214
Class: RAEC_LevelScripting                                     - Instance: 0x04C96184
Class: RSeqEvent_DoneManDown                                   - Instance: 0x04C96550
Class: RSeqEvent_StartPredChallengeTimer                       - Instance: 0x04C97BBC
Class: RSeqEvent_ThreeThugsTakenDownFromGrates                 - Instance: 0x04C98134
Class: RSeqEvent_PawnDisturbed                                 - Instance: 0x04C9C9C8
Class: RSeqAct_SetRotation                                     - Instance: 0x04C9CF68
Class: RSeqAct_SetFaceFXRegister                               - Instance: 0x04CA05D8
Class: RCombatMove_BatmanRedirect                              - Instance: 0x04CDD114
Class: RCombatMove_VillainSmokeBombReaction                    - Instance: 0x04CE3AF0
Class: RDmgType_Electricity                                    - Instance: 0x04CE6B30
Class: RCombatMove_VillainUnarmedGrab                          - Instance: 0x04CE8910
Class: RCombatMove_DualStrike                                  - Instance: 0x04CE8C8C
Class: RCombatMove_DualTakedown                                - Instance: 0x04CE9764
Class: MRHBehaviour_StickyConcussionGrenadeHitReaction         - Instance: 0x04CE9CA4
Class: RSeqEvent_CombatTarget                                  - Instance: 0x04CEC7CC
Class: RBMBehaviour_BeingEatenByPlant                          - Instance: 0x04CEFA70
Class: RDmgType_ChainTakedown                                  - Instance: 0x04CF1B04
Class: MDmgType_HandgunShot                                    - Instance: 0x04CF1D48
Class: MDmgType_HandgunGadget                                  - Instance: 0x04CF1F8C
Class: RDmgType_Ragdoll                                        - Instance: 0x04CF3638
Class: RAIBrain_TestMap                                        - Instance: 0x04D0BC70
Class: RAIBrain_PredLite                                       - Instance: 0x04D0BF4C
Class: RBMBehaviour_JoinCombat                                 - Instance: 0x04D0E694
Class: RSeqEvent_EnteredCombat                                 - Instance: 0x04D0F4E0
Class: RSeqEvent_ExitedCombat                                  - Instance: 0x04D10214
Class: RBMBehaviour_PlayEntryAnim                              - Instance: 0x04D119F8
Class: RBMBehaviour_HitReactionShocked                         - Instance: 0x04D15EFC
Class: RDmgType_ElectricFloor                                  - Instance: 0x04D1670C
Class: RBMBehaviour_Ladder                                     - Instance: 0x04D16BE4
Class: RAEC_Search_Sub_Hostage                                 - Instance: 0x04D17260
Class: RAEC_Casualty_Sub_Centre                                - Instance: 0x04D17788
Class: RAEC_BatarangReaction_Master                            - Instance: 0x04D17CD4
Class: RDmgType_StunStick                                      - Instance: 0x04D1935C
Class: RCombatMove_VillainRepel                                - Instance: 0x04D19700
Class: RCombatMove_VillainBlock                                - Instance: 0x04D19C78
Class: RBMBehaviour_DodgeProjectile                            - Instance: 0x04D1B1F0
Class: RCombatMove_VillainChargeAttack                         - Instance: 0x04D1B98C
Class: RDmgType_HeavyStrike                                    - Instance: 0x04D1EA0C
Class: RAEC_IdleConfigSolo                                     - Instance: 0x04D21658
Class: RSeqEvent_BatmanSeen                                    - Instance: 0x04D21C8C
Class: RSeqEvent_DualPlayPawnSeen                              - Instance: 0x04D220CC
Class: RBMAIAction_HoldGuardPointBase                          - Instance: 0x04D23438
Class: RBMAIAction_MiniDroneController                         - Instance: 0x04D231F4
Class: RSeqEvent_ThugTakenOutByInvertedTakedown                - Instance: 0x04D24304
Class: RBMAIAction_Glance                                      - Instance: 0x04D25594
Class: RAEC_IceBreaker                                         - Instance: 0x04D263B0
Class: RBMBehaviour_FreezeBlastHit_Gun                         - Instance: 0x04D2782C
Class: RAEC_Search_Sub_GargSmash                               - Instance: 0x04D280D0
Class: RAEC_Search_Group                                       - Instance: 0x04D28314
Class: RGadgetSelectBM3                                        - Instance: 0x04D3267C
Class: RXrayInterface                                          - Instance: 0x04D43658
Class: RDeferred_SpotLight                                     - Instance: 0x04D4C888
Class: RDeferred_SpotLight_Shadowed                            - Instance: 0x04D4D0B4
Class: RDeferred_SpotLight_Shadowed_Spawnable                  - Instance: 0x04D4D8E4
Class: RSeqAct_WaitForBatmobileAction                          - Instance: 0x04D59C24
Class: RSeqAct_OverrideBatmobileEject                          - Instance: 0x04D59FA0
Class: RBatwing                                                - Instance: 0x04D5AE80
Class: RDmgType_Ranged                                         - Instance: 0x04D745D8
Class: RDmgType_Explosion                                      - Instance: 0x04D74BB8
Class: RDmgType_EnemyExplosiveWeapons                          - Instance: 0x04D74974
Class: RDmgType_Explosive                                      - Instance: 0x04D74DFC
Class: RTankMissile                                            - Instance: 0x04D751A8
Class: RDmgType_WalkerMissiles                                 - Instance: 0x04D77960
Class: RDmgType_HitWall                                        - Instance: 0x04D8CBC4
Class: RDetonatableInterface                                   - Instance: 0x04D9360C
Class: RRemoteControlLowSecurityInterface                      - Instance: 0x04D95438
Class: RSeqAct_SetScannableDrone                               - Instance: 0x04DA3B68
Class: RBMBehaviour_ControlledByVehicle                        - Instance: 0x04DA6B28
Class: RSeqAct_ToggleSusceptibleToDroneDisruptor               - Instance: 0x04DADE64
Class: RDmgType_BatmobileCannon                                - Instance: 0x04DB22D8
Class: RDmgType_BatmobileMissileBarrage                        - Instance: 0x04DB2094
Class: RDmgType_DebugKill                                      - Instance: 0x04DB290C
Class: RDmgType_BatmobileEMP                                   - Instance: 0x04DB2B50
Class: RDmgType_BatmobileChainGun                              - Instance: 0x04DB2E30
Class: RDmgType_RECHit                                         - Instance: 0x04DB40CC
Class: RSeqEvent_VehicleTrapped                                - Instance: 0x04DB780C
Class: RBMBehaviour_ExitVehicle                                - Instance: 0x04DBCF88
Class: RSkeletalMeshComponentNoLights                          - Instance: 0x04DBE8E0
Class: RSeqEvent_DriverPlayedBark                              - Instance: 0x04DC825C
Class: RBMBehaviour_EnterVehicle                               - Instance: 0x04DCD22C
Class: RBatmobileMissileLauncher                               - Instance: 0x04DE3A2C
Class: RBatmobileEMP                                           - Instance: 0x04DE3C70
Class: RExperienceSystem                                       - Instance: 0x04DE6ECC
Class: RDmgType_Takedown_Hang                                  - Instance: 0x04DED488
Class: RCombatArea_GuardPoint                                  - Instance: 0x04DF5BAC
Class: RThrowTarget                                            - Instance: 0x04DF5F28
Class: RCombatEvent                                            - Instance: 0x04DF6514
Class: RCombatRetreatFromBatmobilePoint                        - Instance: 0x04DF6D70
Class: RCombatTeleport                                         - Instance: 0x04DF87DC
Class: R2DCombatCamera                                         - Instance: 0x04DFE9F0
Class: RBarkGroupContext_Combat                                - Instance: 0x04DFEE08
Class: RPawnVillainThugMedic                                   - Instance: 0x04E09278
Class: RCombatEvent_QuickStrikeHit                             - Instance: 0x04E15210
Class: RCombatEvent_HeavyStrikeHit                             - Instance: 0x04E15650
Class: RCombatEvent_CounterHit                                 - Instance: 0x04E15D50
Class: RCombatEvent_BatmanHit                                  - Instance: 0x04E164E4
Class: RCombatEvent_Blocked                                    - Instance: 0x04E16D30
Class: RCheatManager                                           - Instance: 0x04E1B710
Class: RDmgType_Cower                                          - Instance: 0x04E1CCE8
Class: RCombatMove_VillainReact                                - Instance: 0x04E26250
Class: RDmgType_SmokeBomb                                      - Instance: 0x04E270CC
Class: RSeqEvent_BatmanBumped                                  - Instance: 0x04E47E14
Class: RCombatMove_BatmanWeaponDestroy                         - Instance: 0x04E48450
Class: RDmgType_RECRagdoll                                     - Instance: 0x04E48AB0
Class: RSeqEvent_PawnDisarmedByRECGenerator                    - Instance: 0x04E495C8
Class: RDmgType_MagBlastDisarm                                 - Instance: 0x04E4980C
Class: RBMAIAction_WeaponSwitch                                - Instance: 0x04E4A230
Class: RBMWeaponRiflePredBase                                  - Instance: 0x04E4ABC4
Class: RAEC_Attack_Chase                                       - Instance: 0x04E4B000
Class: RBMAIAction_SniperSearch                                - Instance: 0x04E52B8C
Class: RSeqEvent_FiredGun                                      - Instance: 0x04E5573C
Class: RSeqAct_SetGunFiring                                    - Instance: 0x04E55BA4
Class: RBMBehaviour_WakeFromDead                               - Instance: 0x04E5A89C
Class: RExtraPawnVarsForDLC                                    - Instance: 0x04E5AF0C
Class: RBMExitCondition_MatineeEnded                           - Instance: 0x04E5E2C0
Class: RBMBehaviour_BeingTakenDown                             - Instance: 0x04E60194
Class: RSeqEvent_TalkedTo                                      - Instance: 0x04E676C4
Class: RSeqEvent_Rescued                                       - Instance: 0x04E6799C
Class: RAIBrain_Hostage                                        - Instance: 0x04E698EC
Class: RBMAIController_Friendly                                - Instance: 0x04E6DCB4
Class: RSeqEvent_JokerHallucination                            - Instance: 0x04E70544
Class: RBMBehaviour_JokerRooftopBase                           - Instance: 0x04E72E64
Class: RRemoteTakeoverVideoScreenInterface                     - Instance: 0x04E7BA08
Class: RBreakableVentLightBase                                 - Instance: 0x04E7BD84
Class: RFreezeTankDestroyerBase                                - Instance: 0x04E7FCA0
Class: RSeqAct_ToggleRobinLieutenantAssist                     - Instance: 0x04E857A4
Class: RRepeatAnimManager                                      - Instance: 0x04E85BBC
Class: RSeqAct_TakeoverVideoScreens                            - Instance: 0x04E864B4
Class: RGFxMovieUI_ContentBeaconPanel                          - Instance: 0x04E86AA0
Class: RMapController                                          - Instance: 0x04E86D80
Class: RBMBehaviour_FireflyFleeBase                            - Instance: 0x04E93F50
Class: RSeqEvent_FailsafeBatmanSeen                            - Instance: 0x04E9ECD4
Class: RSeqEvent_BatmanVantageEscape                           - Instance: 0x04EA1020
Class: RSeqEvent_GameOver                                      - Instance: 0x04EA94AC
Class: ROnlineStatsWrite                                       - Instance: 0x04EC1D3C
Class: RAEC_ExplodedWall                                       - Instance: 0x04EC67B8
Class: RDamagePawnVolume                                       - Instance: 0x04EC6CBC
Class: RRemoteSwitchBase                                       - Instance: 0x04EC7344
Class: RTakedownCountVolume                                    - Instance: 0x04EC84E4
Class: RGameSettingsCoop                                       - Instance: 0x04ECADF0
Class: RDmgType_BlockBreaker                                   - Instance: 0x04ED6CE4
Class: RDmgType_SuperStun                                      - Instance: 0x04ED6AA0
Class: RDmgType_SuperStunFinal                                 - Instance: 0x04ED685C
Class: RDmgType_SuperStunFinalCharge                           - Instance: 0x04ED6F28
Class: RDmgType_CaltropsTrap                                   - Instance: 0x04ED716C
Class: RDmgType_MedicCharge                                    - Instance: 0x04ED73B0
Class: RSeqEvent_Stunned                                       - Instance: 0x04ED77EC
Class: RDmgType_Batarang                                       - Instance: 0x04ED7A30
Class: RDmgType_AreaShockwave                                  - Instance: 0x04ED7C74
Class: RDmgType_BatClaw                                        - Instance: 0x04ED8194
Class: RDmgType_BatclawPull                                    - Instance: 0x04ED7F50
Class: RDmgType_AirStrikeEnd                                   - Instance: 0x04ED8CE8
Class: RDmgType_AirStrikeEndWall                               - Instance: 0x04ED8AA4
Class: RDmgType_BeatDownStart                                  - Instance: 0x04EDA3A8
Class: RCombatMove_BatmanFloorPickupThug                       - Instance: 0x04EDD1C8
Class: MBMBehaviour_BulletHitReaction                          - Instance: 0x04EDDB0C
Class: RGFxMovieOmnitronBase                                   - Instance: 0x04EE8E5C
Class: RCombatBotVolume                                        - Instance: 0x04EEBBE4
Class: RCombatMove_BatmanHeavyStrike                           - Instance: 0x04EEBFFC
Class: RCombatMove_BatmanQuickStrike                           - Instance: 0x04EEC378
Class: RCombatMove_BatmanHit                                   - Instance: 0x04EF9FE4
Class: RDmgType_LaserGrid_Blue                                 - Instance: 0x04EFB068
Class: RDmgType_LaserGrid                                      - Instance: 0x04EFB2AC
Class: RDmgType_Laser                                          - Instance: 0x04EFB4F0
Class: RDmgType_LaserPylon                                     - Instance: 0x04EFB7CC
Class: RDmgType_SteamVent                                      - Instance: 0x04EFBAA8
Class: RDmgType_CriticalStrike                                 - Instance: 0x04F00C28
Class: RCombatMove_BatmanRunningStrike                         - Instance: 0x04F0113C
Class: RDmgType_QuickStrike                                    - Instance: 0x04F017B8
Class: RCombatMove_BatmanCarPassengerStrike                    - Instance: 0x04F0B5BC
Class: RCombatMove_BatmanThrownObjectCounter                   - Instance: 0x04F0C7E4
Class: RCombatMove_BatmanComboTakedown                         - Instance: 0x04F0D164
Class: RCombatMove_BatmanInterrogation                         - Instance: 0x04F0FA20
Class: RCombatMove_BatmanEvade                                 - Instance: 0x04F10C48
Class: RCombatMove_BatmanFastEvade                             - Instance: 0x04F10F28
Class: RCombatMove_BatmanAerial                                - Instance: 0x04F1168C
Class: RCombatMove_BatmanIntoThrow                             - Instance: 0x04F123C4
Class: RCombatMove_BatmanThrow                                 - Instance: 0x04F131EC
Class: RCombatMove_BatmanWeaponSnatch                          - Instance: 0x04F14804
Class: RCombatMove_BatmanEnvironmentAttack                     - Instance: 0x04F14D7C
Class: RCombatMove_FailedPairedAnimMove                        - Instance: 0x04F15194
Class: RCombatMove_FailedFloorTakedown                         - Instance: 0x04F15834
Class: RBMCombatThrownObject_BatDestroyed                      - Instance: 0x04F1738C
Class: RCombatMove_BatmanFailMove                              - Instance: 0x04F18130
Class: RDmgType_BlockBreakerWeak                               - Instance: 0x04F218A0
Class: MCombatMove_RedhoodBeatdownAtRange                      - Instance: 0x04F261F0
Class: RCombatMove_BatmanBatmobileTakedown                     - Instance: 0x04F26594
Class: RDmgType_CounterClash                                   - Instance: 0x04F281E4
Class: RDmgType_CounterWeak                                    - Instance: 0x04F28428
Class: MPawnVillainBlackMaskBase                               - Instance: 0x04F28704
Class: MDmgType_RedhoodCounterBlackMask                        - Instance: 0x04F28AA4
Class: RDmgType_CounterBlocked                                 - Instance: 0x04F28E44
Class: RCombatMove_CEAttackBMCounter                           - Instance: 0x04F297B0
Class: RCombatMove_BatmanWaitForThrownObject                   - Instance: 0x04F2A53C
Class: RSpecialMoveControllerSimple                            - Instance: 0x04F4D450
Class: RExplosionPostProcess                                   - Instance: 0x04F4F28C
Class: RSpecialMoveConfig_Jump                                 - Instance: 0x04F534B0
Class: RPassThroughAdjustMovementDirectionInterface            - Instance: 0x04F595A0
Class: RDmgType_Sniper                                         - Instance: 0x04F650FC
Class: RDmgType_RiddlerImpossibleDeathTrap                     - Instance: 0x04F65340
Class: RDmgType_RiddlerRagdoll                                 - Instance: 0x04F65584
Class: RDmgType_Helicopter                                     - Instance: 0x04F657C8
Class: RDmgType_Fell                                           - Instance: 0x04F65C50
Class: RDmgType_Boilingwater                                   - Instance: 0x04F65A0C
Class: RDmgType_KillZone                                       - Instance: 0x04F660D8
Class: RDmgType_MoltenSteel                                    - Instance: 0x04F65E94
Class: RDmgType_Smilex                                         - Instance: 0x04F6631C
Class: RDmgType_GargoyleBomb                                   - Instance: 0x04F66560
Class: RDmgType_Rifle                                          - Instance: 0x04F6683C
Class: RDmgType_Shotgun                                        - Instance: 0x04F66A80
Class: RDmgType_BigHit                                         - Instance: 0x04F6966C
Class: RDmgType_BombExplosion                                  - Instance: 0x04F69428
Class: RSpecialMoveInstance_CrawlSpaceToChute                  - Instance: 0x04F70638
Class: RRescuePointVolume                                      - Instance: 0x04F74724
Class: RRescuePoint_Temporary                                  - Instance: 0x04F756C0
Class: RDummyResonator                                         - Instance: 0x04F784E0
Class: RMagicSmasher                                           - Instance: 0x04F78DD8
Class: RMagicGunStartle                                        - Instance: 0x04F790B8
Class: RFreezeSpray                                            - Instance: 0x04F79434
Class: RSmokeBomb                                              - Instance: 0x04F797B0
Class: RSeqAct_RemoveRHDFromInventory                          - Instance: 0x04F7A38C
Class: RSpecialMoveInstance_SwingToLedge                       - Instance: 0x04F7F4BC
Class: RSeqEvent_PickPocketFailed                              - Instance: 0x04F828F4
Class: RSpecialMoveConfig_Interrogation                        - Instance: 0x04F91048
Class: RHangAttackHook                                         - Instance: 0x04F96CC8
Class: RHangPointSpawnable                                     - Instance: 0x04F96A84
Class: RSpecialMoveInstance_GlideKick                          - Instance: 0x04F9A470
Class: RBatarangableInterface                                  - Instance: 0x04FA7FFC
Class: RStealthTakeDownStage_CornerGrab                        - Instance: 0x04FABACC
Class: RStealthTakeDownStage_FallingTakeDown                   - Instance: 0x04FABD10
Class: RStealthTakedownStageQuickBase                          - Instance: 0x04FAC198
Class: RStealthTakeDownStage_GrabFromCrouch2                   - Instance: 0x04FABF54
Class: RStealthTakeDownStage_GrabFromCrouch                    - Instance: 0x04FAC620
Class: RStealthTakeDownStage_GrabFromCrouchAware               - Instance: 0x04FAC3DC
Class: RStealthTakeDownStage_GrabFromHang                      - Instance: 0x04FAC864
Class: RStealthTakeDownStage_LedgeAttack                       - Instance: 0x04FACAA8
Class: RStealthTakeDownStage_RailingChoke                      - Instance: 0x04FACCEC
Class: RStealthTakeDownStage_SilentCombatTakedown              - Instance: 0x04FACF30
Class: RStealthTakeDownStage_ReverseChoke                      - Instance: 0x04FAD174
Class: RStealthTakedownStage_ChainTakedown_Base                - Instance: 0x04FAD5FC
Class: RStealthTakeDownStage_GrabFromCrouchSuccess             - Instance: 0x04FAD3B8
Class: RStealthTakeDownStage_HangingFearFinish                 - Instance: 0x04FAD840
Class: RStealthTakeDownStage_ReverseChokeSuccess               - Instance: 0x04FADA84
Class: RStealthTakedownStage_RailingFearToRail                 - Instance: 0x04FADCC8
Class: RStealthTakedownStage_RailingFearToStand                - Instance: 0x04FADF0C
Class: RStealthTakedownStage_DropToGrab                        - Instance: 0x04FAE150
Class: RPickup_Riddler                                         - Instance: 0x04FB8E40
Class: RDmgType_FallIntoWater                                  - Instance: 0x04FCA6C4
Class: RPawnVillainJokerBoxerBase                              - Instance: 0x04FCD42C
Class: RBMWeaponCombatRifleBase                                - Instance: 0x04FCDCD4
Class: RDmgType_StealthBatarang                                - Instance: 0x04FD05B4
Class: RDmgType_BoomerangBatarang                              - Instance: 0x04FD0370
Class: RDmgType_FloorTakedownBatarang                          - Instance: 0x04FD0920
Class: RBMAIAction_GrabHostage                                 - Instance: 0x04FD0C00
Class: RDmgType_ComboBatarang                                  - Instance: 0x04FD0F6C
Class: RDmgType_ElectrifiedBatarang                            - Instance: 0x04FD11B0
Class: RDmgType_ControllableBatarang                           - Instance: 0x04FD1550
Class: RDmgType_BalloonBolas                                   - Instance: 0x04FD1794
Class: RBMBalloonBolasProjectileBase                           - Instance: 0x04FD19D8
Class: RDmgType_QuickBatarang                                  - Instance: 0x04FD1C1C
Class: RDmgType_CaltropsRagdoll                                - Instance: 0x04FD50A8
Class: RSeqAct_DeadThugOnscreenCounter                         - Instance: 0x04FD75C8
Class: RDmgType_AntiWeaponGel                                  - Instance: 0x04FD7AF0
Class: RDmgType_GlideKick                                      - Instance: 0x04FD7D34
Class: RSeqEvent_BagCarrierDied                                - Instance: 0x04FD84F4
Class: RSeqEvent_ThugKOdByRedHoodGuns                          - Instance: 0x04FD8738
Class: RSeqEvent_ThugKOdBySomethingOtherThanRedHoodGuns        - Instance: 0x04FD897C
Class: RSeqEvent_KOWithMayhemModeStatus                        - Instance: 0x04FD9340
Class: RSeqEvent_DroneControllerDiedWhileDroneBlind            - Instance: 0x04FD98B8
Class: RDmgType_ElectricityKO                                  - Instance: 0x04FDA9A8
Class: RDmgType_ElectricityRagdollKO                           - Instance: 0x04FDA764
Class: RCombatMove_VillainShieldAttack                         - Instance: 0x04FE01F4
Class: RCombatMove_VillainPairedTaunt                          - Instance: 0x04FE210C
Class: RCombatMove_VillainBatmobileTaunt                       - Instance: 0x04FE27BC
Class: RDmgType_ElectroBlastStrong                             - Instance: 0x04FE82F8
Class: RDmgType_ExplosiveGelStickyBomb                         - Instance: 0x04FE8668
Class: RDmgType_Pipe                                           - Instance: 0x04FE8B0C
Class: RDmgType_Shield                                         - Instance: 0x04FE8D50
Class: RDmgType_ThrowCounter                                   - Instance: 0x04FE8F94
Class: MLaughingGasBase                                        - Instance: 0x04FE9928
Class: MCombatMove_VillainLaughingGasReaction                  - Instance: 0x04FE9C10
Class: MDmgType_LaughingGas                                    - Instance: 0x04FEA208
Class: RDmgType_RunningStrike                                  - Instance: 0x04FEAC14
Class: RDmgType_GroupStun                                      - Instance: 0x04FEB56C
Class: RDmgType_HitByRagdoll                                   - Instance: 0x04FEB874
Class: RDmgType_NoXP                                           - Instance: 0x04FEBCFC
Class: RDmgType_PodExplosion                                   - Instance: 0x04FEBAB8
Class: RDmgType_RicochetStick                                  - Instance: 0x04FEC1D4
Class: RDmgType_LineLauncherKick                               - Instance: 0x04FEC4B0
Class: RDmgType_SwingKick                                      - Instance: 0x04FEC6F4
Class: RDmgType_PounceAttack                                   - Instance: 0x04FEC938
Class: RDmgType_SlideAttack                                    - Instance: 0x04FECB7C
Class: RDmgType_ZipKick                                        - Instance: 0x04FECDC0
Class: RDmgType_WristDart                                      - Instance: 0x04FED004
Class: RDmgType_WristDartHeadShot                              - Instance: 0x04FED248
Class: RDmgType_ShieldBash                                     - Instance: 0x04FED6D0
Class: RDmgType_ShieldBlockAndBash                             - Instance: 0x04FED48C
Class: RDmgType_ElectroBlastWeak                               - Instance: 0x04FED914
Class: RDmgType_StickyBomb                                     - Instance: 0x04FEDB58
Class: RDmgType_WhipTrip                                       - Instance: 0x04FEDD9C
Class: RBMAIAction_ShootCasualtyDown                           - Instance: 0x04FEFE8C
Class: RSeqEvent_RECCausedStartle                              - Instance: 0x05004E50
Class: RAEC_Brang_Sub_WatchBatarang                            - Instance: 0x05008C48
Class: RSeqEvent_PawnRevived                                   - Instance: 0x0500E5FC
Class: RCombatMove_VillainChargeUpVillain                      - Instance: 0x0500EF54
Class: RCombatMove_BatmanBatclawSlam                           - Instance: 0x05010D94
Class: RDmgType_AirStrikeEndHigh                               - Instance: 0x05014778
Class: RDmgType_ZipKickNear                                    - Instance: 0x050149BC
Class: RCombatMove_VillainHelpUpThug                           - Instance: 0x050152B0
Class: RJammerInterface                                        - Instance: 0x0501C77C
Class: MCombatMove_BlackMaskGunShot                            - Instance: 0x0502666C
Class: MCombatMove_GadgetDualHandguns                          - Instance: 0x0502E9E8
Class: MCombatMove_GadgetJackInBox                             - Instance: 0x0502EF70
Class: MCombatMove_GadgetLaughingGas                           - Instance: 0x0502F4F8
Class: MCombatMove_GadgetSnareTrap                             - Instance: 0x0502FA80
Class: MCombatMove_GadgetStickyConcussionGrenade               - Instance: 0x05030008
Class: RCombatMove_NinjaSingleSwordAttack                      - Instance: 0x050386D8
Class: RDmgType_BaseballBat                                    - Instance: 0x05039594
Class: RDmgType_BaseballBatNoRagdoll                           - Instance: 0x050397D8
Class: RBMCutscene_Cam                                         - Instance: 0x0503F664
Class: RBMDeathCutscene_Cam                                    - Instance: 0x0503F420
Class: RBMDeathCutscene_ShoulderCam                            - Instance: 0x0503F1DC
Class: RBMDeathCutscene                                        - Instance: 0x0504003C
Class: RDmgType_BeatDownCritical                               - Instance: 0x05049DA0
Class: RDmgType_BeatDownCriticalStart                          - Instance: 0x05049FE4
Class: RDmgType_BeatDownCriticalEnd                            - Instance: 0x0504A228
Class: RBMDeathCutscene_FinalCounterCam                        - Instance: 0x05053AD8
Class: RDmgType_SmokeBombOutOfCombat                           - Instance: 0x0505C8F0
Class: RDmgType_WhipDisarm                                     - Instance: 0x0505E458
Class: RDmgType_PlaceStickyBomb                                - Instance: 0x0505E69C
Class: RCombatMove_VillainKnifeAttack                          - Instance: 0x05060F0C
Class: RDmgType_Knife                                          - Instance: 0x05062404
Class: MCombatMove_VillainNightwingAttack                      - Instance: 0x05064510
Class: RPawnVillainCombatExpertBase                            - Instance: 0x0506583C
Class: MPawnVillainNightwingBase                               - Instance: 0x050655F8
Class: MCombatMove_VillainStickyConcussionGrenadeReaction      - Instance: 0x05067578
Class: RCrowdSpawner                                           - Instance: 0x0506D9D0
Class: RCrowdSpawner_XPBats                                    - Instance: 0x0506E6EC
Class: MCrowdSequence_CrowTrail                                - Instance: 0x0506E930
Class: MCrowdSpawner_CrowTrail                                 - Instance: 0x0507098C
Class: MDmgType_JackInBox                                      - Instance: 0x0507525C
Class: MDmgType_StickyConcussionGrenade                        - Instance: 0x05075AE0
Class: MDmgType_SuperHarleyStunFinal                           - Instance: 0x05076280
Class: MGFxMovieUI_WBIDMainBase                                - Instance: 0x050A77F8
Class: MHackableInterface                                      - Instance: 0x050AAA30
Class: MHackSubroutine                                         - Instance: 0x050AB550
Class: MHackableObjectBase                                     - Instance: 0x050AE6F8
Class: MSeqEvent_Hacked                                        - Instance: 0x050B279C
Class: MSeqEvent_HackCancelled                                 - Instance: 0x050B2D30
Class: MSeqEvent_HackCompleted                                 - Instance: 0x050B5018
Class: MHarleyForensicsInvestigator                            - Instance: 0x050BEA64
Class: RVantagePointMovementCamera                             - Instance: 0x050C24C8
Class: RSeqEvent_EnteredVantagePoint                           - Instance: 0x050C2AAC
Class: RSeqAct_ToggleCanJumpOffVantagePoint                    - Instance: 0x050C5F7C
Class: RSpecialMoveInstance_ChuteToCrawlSpace                  - Instance: 0x050C7694
Class: RSeqEvent_TriedGrappleToVantageWithVillainOn            - Instance: 0x050C9AA8
Class: RSeqEvent_TriedGrappleToUnusableVantage                 - Instance: 0x050C9CEC
Class: RThermalInterface                                       - Instance: 0x050CBFA8
Class: RGrappleProjectile                                      - Instance: 0x050D1AE0
Class: RSeqEvent_GrappledTo                                    - Instance: 0x050D8244
Class: RSpecialMoveInstance_VantageSwingInterface              - Instance: 0x050DB268
Class: RSeqEvent_FailedGrapple                                 - Instance: 0x050E020C
Class: MHQBehaviour_SnareTrapTripped_Gun                       - Instance: 0x050E6698
Class: RSpecialMoveInstance_FloorGrateFar                      - Instance: 0x050EBB44
Class: RSpecialMoveConfig_RelativeAnimWithAlignment            - Instance: 0x050EC210
Class: RSpecialMoveConfig_PlaceActor                           - Instance: 0x050EBFCC
Class: MSpecialMoveConfig_PlaceJackInBox                       - Instance: 0x050EBD88
Class: RDetonateGadgetInterface                                - Instance: 0x050EF008
Class: RSeqEvent_JackInTheBoxTakeDown                          - Instance: 0x050F11F4
Class: RSeqEvent_JackBombedWhileSnared                         - Instance: 0x050F18F4
Class: RSeqEvent_GadgetNoise                                   - Instance: 0x050F1F9C
Class: RDmgType_FireExSmokeBomb                                - Instance: 0x05109B18
Class: RDisableAIAlertsVolumeBase                              - Instance: 0x05109D5C
Class: RBMBehaviour_Pause                                      - Instance: 0x0510AAE0
Class: RStealthTakeDownStage_GlassAttack                       - Instance: 0x051115E4
Class: RStealthTakeDownStage_GlassAttack_Rb                    - Instance: 0x051113A0
Class: RStealthTakeDownStage_GlassFinish                       - Instance: 0x05111A6C
Class: RStealthTakeDownStage_DropThroughCeilingGrateFinish     - Instance: 0x05111828
Class: RSpecialMoveConfig_DropToLedgeHang                      - Instance: 0x05124920
Class: RSpecialMoveInstance_DropToLedgeHang                    - Instance: 0x05124D50
Class: RCombatMove_VillainUseJammedGun                         - Instance: 0x051539EC
Class: RBMCombatThrownObject_TinCan                            - Instance: 0x051551E8
Class: RBMCombatThrownObject_Brick                             - Instance: 0x0515542C
Class: RCombatMove_VillainSmokeBombReaction_Unarmed            - Instance: 0x0515A3C0
Class: RDmgType_GroupAttack                                    - Instance: 0x0515A938
Class: MSeqAct_HackingUpdate                                   - Instance: 0x0516F9FC
Class: MSeqAct_IsSharedFlagSet                                 - Instance: 0x0517038C
Class: MSeqAct_SetSharedFlag                                   - Instance: 0x051709B0
Class: RProjectileAudioDetector                                - Instance: 0x05178B60
Class: RBasicProjectile                                        - Instance: 0x051796E8
Class: RAEC_Startle                                            - Instance: 0x0517DA74
Class: RProximityGadgetTrigger                                 - Instance: 0x0517F70C
Class: RResonatorDisruptor                                     - Instance: 0x05184C3C
Class: MSpecialMoveInstance_PlaceJackInBox                     - Instance: 0x05185110
Class: RSpecialMoveConfig_GlideKick                            - Instance: 0x05185354
Class: MSpecialMoveConfig_RedhoodGunWindow                     - Instance: 0x051859B4
Class: MSpecialMoveInstance_RedhoodGunWindow                   - Instance: 0x051862A0
Class: MSpecialMoveConfig_ShootHandGunRh                       - Instance: 0x051864E4
Class: MSpecialMoveInstance_ShootHandGunRh                     - Instance: 0x0518695C
Class: RSeqAct_TriggerSpecialMove                              - Instance: 0x05186FE4
Class: RSeqEvent_PounceAttackFromVantagePoint                  - Instance: 0x05188190
Class: RSpecialMoveListenerInterface                           - Instance: 0x05189E3C
Class: RSeqEvent_ThugShotThroughWindow                         - Instance: 0x0519CD60
Class: RSeqEvent_ThugShotWhileStunned                          - Instance: 0x0519D2D8
Class: MStickyConcussionGrenade                                - Instance: 0x0519E584
Class: MToggleSubroutine                                       - Instance: 0x051AA3F8
Class: RRCBatarangViewPostProcess                              - Instance: 0x051CC378
Class: RSpecialMoveInstance_OmnitronPasswordCracking           - Instance: 0x051E8834
Class: RDmgType_RiotCarDamage                                  - Instance: 0x0521DFB8
Class: RDmgType_BatmobileEmpRocket                             - Instance: 0x0521F1EC
Class: RDmgType_Brick                                          - Instance: 0x05220488
Class: RSeqEvent_SuccessfullyInteracted                        - Instance: 0x052289F0
Class: RActorFactoryRPathNode                                  - Instance: 0x0522AA68
Class: RAddContentCharacter                                    - Instance: 0x0522B644
Class: RAddContentGadget                                       - Instance: 0x0522C5A0
Class: RAddContentMap                                          - Instance: 0x0522CA30
Class: RAEC_AbandonDrone_Solo                                  - Instance: 0x0522EEE8
Class: RBMAIAction_AbandonDroneRemote                          - Instance: 0x0522F7F8
Class: RAEC_Search_Sub_Sniper                                  - Instance: 0x052343D0
Class: RAEC_Attack_Startle                                     - Instance: 0x05234EB0
Class: RAEC_Attack_CheckGarg                                   - Instance: 0x0523522C
Class: RBMAIAction_StandAndShoot                               - Instance: 0x05237028
Class: RAEC_Attack_Sub_HoldPos                                 - Instance: 0x05237C3C
Class: RAEC_Attack_GuardPerimWatch                             - Instance: 0x0523A4A4
Class: RAEC_Attack_LadderChase                                 - Instance: 0x0523EEA0
Class: RAEC_Attack_WatchAndWait                                - Instance: 0x0523F180
Class: RAEC_Attack_Sub_LobGrenade                              - Instance: 0x0523F4FC
Class: RAEC_Attack_Sub_Chase                                   - Instance: 0x052448C4
Class: RAEC_Attack_Sub_Rail                                    - Instance: 0x0524B268
Class: RAEC_Attack_Sub_CheckGarg                               - Instance: 0x0524ED90
Class: RBMAIAction_RailPeek                                    - Instance: 0x052545D8
Class: RAEC_Casualty_Sub_Rail                                  - Instance: 0x052549EC
Class: RAEC_Attack_Sub_WatchAndWait_Fence                      - Instance: 0x05254D90
Class: RAEC_Attack_FilmA1Tut                                   - Instance: 0x05255C2C
Class: RAEC_Attack_Sub_HoldPos_UntilLost                       - Instance: 0x05256AE0
Class: RAEC_Attack_GuardPerimWatch_Solo                        - Instance: 0x05257D08
Class: RBMAIAction_AimGunAt                                    - Instance: 0x05259FFC
Class: RAEC_Attack_Sub_ChaseAvoidLadder                        - Instance: 0x0525BC64
Class: RAEC_Attack_Sub_WatchAndWait                            - Instance: 0x0525BF44
Class: RBMAIAction_PauseAtTopOfLadder                          - Instance: 0x0525E630
Class: RBMAIAction_ChaseRunTo                                  - Instance: 0x0525F144
Class: RBMAIAction_PauseAndLookAround                          - Instance: 0x0525F584
Class: RBMAIAction_RunToWithAvoid                              - Instance: 0x05262388
Class: RAEC_Attack_Sub_EscapedTakedown                         - Instance: 0x05264370
Class: RBMAIAction_WalkAndShoot                                - Instance: 0x05264F3C
Class: RBMAIAction_Reload                                      - Instance: 0x052656F8
Class: RPawnVillainGunPredMiniGunBase                          - Instance: 0x05266538
Class: RBMAIAction_MinigunKnockback                            - Instance: 0x05267424
Class: RBMAIAction_ThrowGrenade                                - Instance: 0x05268488
Class: RBMAIAction_RailShoot                                   - Instance: 0x05269CF8
Class: RBMAIAction_RunToWithDecellerate                        - Instance: 0x05269FD8
Class: RAEC_Attack_Sub_ThrowGrenadeInVent                      - Instance: 0x0526B088
Class: RBMAIAction_ThrowGrenadeIntoVent                        - Instance: 0x0526BB50
Class: RAEC_BankFearStartle                                    - Instance: 0x052701C4
Class: RAEC_BatarangReaction_Confused                          - Instance: 0x0527128C
Class: RAEC_BatarangReaction_Confused_Solo                     - Instance: 0x05271C54
Class: RBMAIAction_Startle                                     - Instance: 0x05272F6C
Class: RAEC_BatarangReaction_Watching                          - Instance: 0x05274E70
Class: RBMAIAction_FallingCasDodge                             - Instance: 0x0527FB10
Class: RAnnounceAAITannoyRunner                                - Instance: 0x05282E8C
Class: RAEC_Casualty_Sub_Solo                                  - Instance: 0x052852B4
Class: RAEC_Casualty_GroupCheckCas                             - Instance: 0x052854F8
Class: RAEC_Casualty_Sub_MedicBusyQuickDismiss                 - Instance: 0x05285DA0
Class: RAEC_Casualty_Sub_FindCas                               - Instance: 0x05289F70
Class: RAEC_Casualty_Sub_Tyger                                 - Instance: 0x0528A2E4
Class: RAEC_Casualty_Sub_TerrorCas                             - Instance: 0x0528ADD8
Class: RBMAIAction_ReviveCasualty                              - Instance: 0x0528C098
Class: RPerimeterData                                          - Instance: 0x0528F698
Class: RAEC_Casualty_Sub_PointAtCas                            - Instance: 0x05290D08
Class: RAEC_SonicBatarang_Sub                                  - Instance: 0x05290F4C
Class: RAEC_Casualty_Sub_Medic                                 - Instance: 0x0529155C
Class: RAEC_Casualty_Sub_ShootCasDown                          - Instance: 0x052917A0
Class: RAEC_Casualty_Sub_CheckCas                              - Instance: 0x05291A7C
Class: RAEC_Casualty_Sub_Perim                                 - Instance: 0x05292528
Class: RAEC_PostRagdollLookaround_Sub                          - Instance: 0x05293A5C
Class: RBMAIAction_CrouchByCasualty                            - Instance: 0x05299C50
Class: RBMAIAction_RunToCas                                    - Instance: 0x05299F30
Class: RBMAIAction_NervousMoveTo                               - Instance: 0x0529AD90
Class: RBMAIAction_ThrowVantageMine                            - Instance: 0x0529C960
Class: RBMAIAction_HoldPerim                                   - Instance: 0x0529F6B8
Class: RBMAIAction_RunToPerimPeek                              - Instance: 0x0529F998
Class: RBMAIAction_GestureAtCasualty                           - Instance: 0x052A0674
Class: RBMAIAction_PointAtCas_Minigunner                       - Instance: 0x052A0954
Class: RBMAIAction_TerrorGestureAtCasualty                     - Instance: 0x052A2F94
Class: RBMAIAction_ReceiveOrder                                - Instance: 0x052A3730
Class: RAEC_ConvergeMine                                       - Instance: 0x052A3D68
Class: RAEC_Sub_ConvergeMine                                   - Instance: 0x052A56F8
Class: RAEC_DestroyedSentry                                    - Instance: 0x052A6298
Class: RAEC_DestroyedSentry_Solo                               - Instance: 0x052A6B8C
Class: RAEC_DetectiveModeDetector_Solo                         - Instance: 0x052A7E04
Class: RBMAIAction_DetectiveModeDetector                       - Instance: 0x052A839C
Class: RMultiNavHandleWrapper_DisarmedSearch                   - Instance: 0x052A99CC
Class: RAEC_Sub_Disarmed                                       - Instance: 0x052AA318
Class: RBMAIAction_Punch                                       - Instance: 0x052AC5A4
Class: RBMAIAction_NoiseStun                                   - Instance: 0x052AE004
Class: RBMAIAction_ShutdownJammerPack                          - Instance: 0x052AE4E0
Class: RAEC_DroneCrashReact_Solo                               - Instance: 0x052AEC48
Class: RBMAIAction_GoggleBlind                                 - Instance: 0x052AF1B0
Class: RAEC_DroneStartle                                       - Instance: 0x052AFB3C
Class: RAEC_EnvironmentStartle                                 - Instance: 0x052B1D80
Class: RSeqEvent_ThugStartledByEnvironment                     - Instance: 0x052B2710
Class: RAEC_EscapeFromVolumes                                  - Instance: 0x052B2F5C
Class: RAEC_EscapeFromVolumes_Solo                             - Instance: 0x052B3300
Class: RAEC_ExplodedJammer                                     - Instance: 0x052B459C
Class: RAEC_Sub_ExplodedJammer                                 - Instance: 0x052B5690
Class: RGroupOverlookNavHandleWrapper                          - Instance: 0x052B7A2C
Class: RAEC_ExplodedWall_GroupCheck                            - Instance: 0x052B7DA8
Class: RAEC_ExplodedWall_Sub_Investigate                       - Instance: 0x052BA458
Class: RAEC_ExplodedWall_GroupCheck_Perimeter                  - Instance: 0x052BBAC8
Class: RAEC_ExplodedWall_Sub_CheckWall                         - Instance: 0x052BBDA8
Class: RAEC_FearDart                                           - Instance: 0x052C2944
Class: RAEC_FearDart_Sub_Armed                                 - Instance: 0x052C2D4C
Class: RAEC_FearDart_Watcher                                   - Instance: 0x052C302C
Class: RBMAIAction_FearDartFire                                - Instance: 0x052C4994
Class: RBMAIAction_FearDartWearOff                             - Instance: 0x052C4FC8
Class: RAEC_FearDart_Watcher_Sub                               - Instance: 0x052C613C
Class: RAEC_GoggleBlinded_Group                                - Instance: 0x052C7F90
Class: RAEC_GoggleBlinded_Solo                                 - Instance: 0x052C83D0
Class: RAEC_GrateWatch                                         - Instance: 0x052C9470
Class: RAEC_GrateWatch_Solo                                    - Instance: 0x052C9814
Class: RAEC_PauseAndLook                                       - Instance: 0x052CAE70
Class: RPredHideFromBatmobilePoint                             - Instance: 0x052CBA04
Class: RAEC_HideFromBatmobile_Solo                             - Instance: 0x052CD664
Class: RBMAIAction_HideFromBMBL_Base                           - Instance: 0x052CE9E4
Class: RBMAIAction_HideFromBMBL_Stand                          - Instance: 0x052CEF34
Class: RBMAIAction_HideFromBMBL_Crouch                         - Instance: 0x052CF178
Class: RAEC_Sub_IceBreaker                                     - Instance: 0x052D0138
Class: RAEC_IncendiaryStartle                                  - Instance: 0x052D0A44
Class: RAEC_Sub_IncendiaryStartle                              - Instance: 0x052D0E84
Class: RAEC_JammedGun                                          - Instance: 0x052D1860
Class: RAEC_Sub_JammedGun                                      - Instance: 0x052D1C04
Class: RAEC_JammedGun_Solo_MinigunUnjam                        - Instance: 0x052D1EE4
Class: RBMAIAction_MinigunUnjam                                - Instance: 0x052D27EC
Class: RJobAssignment                                          - Instance: 0x052D319C
Class: RJobAssignment_LevelScripting                           - Instance: 0x052D4ADC
Class: RJobAssignment_MiniManDown                              - Instance: 0x052D67AC
Class: RJobAssignment_GrateGrenade                             - Instance: 0x052D7FD4
Class: RJobAssignment_GargMine                                 - Instance: 0x052D8F3C
Class: RAEC_Search_Sub_VantageMine                             - Instance: 0x052D97D4
Class: RJobAssignment_Minelayer                                - Instance: 0x052DA044
Class: RJobAssignment_TunnelGrenade                            - Instance: 0x052DB954
Class: RJobAssignment_SentryGun                                - Instance: 0x052DC8E4
Class: RAEC_LiteCas                                            - Instance: 0x052E0B28
Class: RAEC_LiteFindCas                                        - Instance: 0x052E157C
Class: RAEC_LockedIn                                           - Instance: 0x052E2860
Class: RLockedInReactionPoint                                  - Instance: 0x052E2BDC
Class: RAEC_LockedIn_Fallback                                  - Instance: 0x052E2FE8
Class: RAEC_LockedInRoot                                       - Instance: 0x052E3978
Class: RSeqEvent_StartBangOnDoor                               - Instance: 0x052E636C
Class: RAEC_MissingGrate                                       - Instance: 0x052E6A8C
Class: RAEC_Sub_MissingGrate                                   - Instance: 0x052E783C
Class: RAEC_Search_Formation                                   - Instance: 0x052E81A8
Class: RAEC_MuseumBooth                                        - Instance: 0x052E9104
Class: RAEC_MuseumBooth_PerPoint                               - Instance: 0x052E9A5C
Class: RPred_MuseumBoothReactionPointBase                      - Instance: 0x052E9DD0
Class: RAEC_Sub_MuseumBooth                                    - Instance: 0x052EB27C
Class: RAEC_OrderedOutOfVolume_Solo                            - Instance: 0x052ECA64
Class: RBMAIAction_CommJam                                     - Instance: 0x052ED564
Class: RAEC_TriggerManDownCountResponse                        - Instance: 0x052EF8A8
Class: RAEC_PostRagdollLookaround                              - Instance: 0x052EFC24
Class: RAEC_SearchLite                                         - Instance: 0x052F0194
Class: RAEC_Search_Sub_FormationLeader                         - Instance: 0x052F1478
Class: RAEC_Sub_PlaceSentryGun                                 - Instance: 0x052F1234
Class: RBMAIAction_LookAllDirections                           - Instance: 0x052F2808
Class: RAEC_Search_Sub                                         - Instance: 0x052FD36C
Class: RAEC_Search_Sub_Terrified                               - Instance: 0x052FD128
Class: RAEC_Search_Sub_RestoreRECedGear                        - Instance: 0x052FD6E8
Class: RAEC_Search_Sub_GeneratorSmash                          - Instance: 0x052FEBE0
Class: RAEC_Search_Sub_RunToGuardVol                           - Instance: 0x052FEF5C
Class: RAEC_Search_Sub_CornerTerrified                         - Instance: 0x052FFD44
Class: RAEC_Search_Sub_Follower                                - Instance: 0x05300F78
Class: RBMAIAction_PairedCorner                                - Instance: 0x05303304
Class: RAEC_Search_Sub_Corner                                  - Instance: 0x05305460
Class: RAEC_Search_Formation_Corner                            - Instance: 0x05306600
Class: RAEC_Search_Formation_PairUp                            - Instance: 0x05307680
Class: RAEC_Search_Sub_WaitForBuddy                            - Instance: 0x05307A24
Class: RAEC_Search_Sub_JoiningBuddy                            - Instance: 0x05307DC8
Class: RAEC_Search_Formation_SideRoom                          - Instance: 0x05308594
Class: RSideRoomVolume                                         - Instance: 0x05308874
Class: RAEC_Search_Sub_SideRoom                                - Instance: 0x05308B54
Class: RAEC_Search_Formation_Standard                          - Instance: 0x05309FC8
Class: RAEC_Search_Sub_BuddyBump                               - Instance: 0x0530AF44
Class: RAEC_Search_Sub_BuddyBanter                             - Instance: 0x0530B574
Class: RAEC_Search_Sub_SplitGroup                              - Instance: 0x0530DD70
Class: RAEC_Search_Sub_PredatorPoint                           - Instance: 0x0530E4E4
Class: RAEC_Search_Sub_Grate                                   - Instance: 0x0530EA84
Class: RAEC_Search_Sub_Ledge                                   - Instance: 0x0530F024
Class: RAEC_Search_Sub_WeakWall                                - Instance: 0x0530F528
Class: RBMAIAction_FollowSearch                                - Instance: 0x05310A50
Class: RAEC_Search_Sub_Standard                                - Instance: 0x053127C0
Class: RBMAIAction_NervousSearchMove                           - Instance: 0x05313434
Class: RBMAIAction_NervousSearchMove_Raw                       - Instance: 0x053158C8
Class: RBMAIAction_NervousSearchMove_Tree                      - Instance: 0x05315FEC
Class: RBMAIAction_PauseCheckArea                              - Instance: 0x05316E7C
Class: RBMAIAction_Slaved                                      - Instance: 0x05317C60
Class: RBMAIAction_BuddyBanter                                 - Instance: 0x05318DFC
Class: RBMAIAction_NervousMoveTo_Backwards                     - Instance: 0x053190DC
Class: RBMAIAction_BuddyBump                                   - Instance: 0x05319C98
Class: RBMAIAction_NervousCorner_Out                           - Instance: 0x0531D9FC
Class: RBMAIAction_NervousCorner_In                            - Instance: 0x0531F980
Class: RBMAIAction_NervousCorner_In_Left                       - Instance: 0x0531F73C
Class: RBMAIAction_NervousCorner_In_Right                      - Instance: 0x0531FE84
Class: RBMAIAction_NervousCorner_Out_Left                      - Instance: 0x05320B44
Class: RBMAIAction_NervousCorner_Out_Right                     - Instance: 0x05320E4C
Class: RBMAIAction_TerrorCorner                                - Instance: 0x05321FC4
Class: RBMAIAction_TerrorMoveTo                                - Instance: 0x053222A4
Class: RBMAIAction_TerrorCorner_Left                           - Instance: 0x05322944
Class: RBMAIAction_TerrorCorner_Right                          - Instance: 0x05322C4C
Class: RSeqEvent_GrateBlownUp                                  - Instance: 0x05327944
Class: RBMAIAction_LookInGrate                                 - Instance: 0x0532EDAC
Class: RBMAIAction_PlaceMine                                   - Instance: 0x0532FEEC
Class: RBMAIAction_ShootGarg                                   - Instance: 0x05337384
Class: RBMAIAction_ShootGen                                    - Instance: 0x053384D4
Class: RBMAIAction_PeekIntoTunnel                              - Instance: 0x053400F4
Class: RProjectile_GrenadeBase                                 - Instance: 0x053412B8
Class: RBMAIAction_PostGrenadeTunnelLook                       - Instance: 0x05341700
Class: RBMAIAction_HoldGuardPoint                              - Instance: 0x053422B0
Class: RBMAIAction_DroneComFixDisruption                       - Instance: 0x05342DB4
Class: RHostageGrabPoint                                       - Instance: 0x05344018
Class: RBMAIAction_KillHostage                                 - Instance: 0x05344F8C
Class: RBMAIAction_BuddyJoin                                   - Instance: 0x05345C3C
Class: RBMAIAction_RestoreSpecial                              - Instance: 0x053539B8
Class: RBMAIAction_RestoreJammer                               - Instance: 0x05353BFC
Class: RBMAIAction_RestoreThermal                              - Instance: 0x05353E40
Class: RBMAIAction_RestoreMines                                - Instance: 0x05354084
Class: RBMAIAction_GestureGroupSplit                           - Instance: 0x05358C50
Class: RBMAIAction_TerrifiedSearchMove                         - Instance: 0x05359BC0
Class: RAEC_SearchlightCower                                   - Instance: 0x0535EBA4
Class: RAEC_Sub_SearchlightCower                               - Instance: 0x0535EF48
Class: RAEC_SearchLite_Sub_Perim                               - Instance: 0x0535FFC8
Class: RBMAIAction_RoofPerimMove                               - Instance: 0x05361E14
Class: RBMAIAction_PatrolWaitBase                              - Instance: 0x05362CEC
Class: RBMAIAction_RoofPerimWait                               - Instance: 0x05362AA8
Class: RAEC_SetBombOnPlant                                     - Instance: 0x053636A8
Class: RAEC_SetBombOnPlant_Solo                                - Instance: 0x05363E44
Class: RBMAIAction_SetBombOnPlant                              - Instance: 0x05364CA4
Class: RAEC_ShootGelMine                                       - Instance: 0x05365934
Class: RAEC_ShootGelMine_Solo                                  - Instance: 0x05366228
Class: RBMAIAction_SmokeStunNoGun                              - Instance: 0x05367BA8
Class: RBMAIAction_SmokePerim                                  - Instance: 0x05368924
Class: RBMAIAction_ThermalSmokePerim                           - Instance: 0x05368C04
Class: RAEC_SonicBatarang                                      - Instance: 0x05369834
Class: RBMAIAction_InvestigateSentryKit                        - Instance: 0x0536DE20
Class: RBMAIAction_MinigunnerInvStartlePoint                   - Instance: 0x0536E498
Class: RBMAIAction_PokeAtWall                                  - Instance: 0x0536E93C
Class: RBMAIAction_InvestigateMine                             - Instance: 0x0536EDE8
Class: RBMAIAction_MinigunnerLookInGrate                       - Instance: 0x0536F164
Class: RBMAIAction_InvestigateLocker                           - Instance: 0x0536F750
Class: RBMAIAction_DroneComLostDroneStartle                    - Instance: 0x05374500
Class: RBMAIAction_DroneConStartle                             - Instance: 0x05374918
Class: RSeqEvent_BagCarrierStartedShootingPlayer               - Instance: 0x05374DF4
Class: RSeqEvent_StartledByPlayer                              - Instance: 0x05375038
Class: RBMAIAction_WaitForWeaponToSettle                       - Instance: 0x053764B8
Class: RBMAIAction_PickupWeapon                                - Instance: 0x05376964
Class: RBMAIAction_GrabFromLocker                              - Instance: 0x05376EDC
Class: RBMAIAction_SmashIcedThug                               - Instance: 0x0537AC78
Class: RBMAIAction_StartledByIncendiary                        - Instance: 0x0537B82C
Class: RBMAIAction_GunJamDiscovery                             - Instance: 0x0537C0B8
Class: RBMAIAction_DiscoverMissingGrate                        - Instance: 0x0537DEB8
Class: RBMSeqEvent_BoothTriggered                              - Instance: 0x0537EC40
Class: RBMAIAction_ReactPoint                                  - Instance: 0x0537F274
Class: RBMAIAction_SearchLightCower                            - Instance: 0x05380624
Class: RSeqEvent_ManDownCountResponse                          - Instance: 0x053816F0
Class: RBMBehaviour_Flee_PredHostage                           - Instance: 0x053873F4
Class: RAIBrain_RedHood                                        - Instance: 0x0538E1F0
Class: RAllInOneVisionPostProcess                              - Instance: 0x0538FC78
Class: RAnimNotify_AnimSpeech                                  - Instance: 0x053AC328
Class: RAnimNotify_AnimStopSpeech                              - Instance: 0x053AC5E4
Class: RAnimNotify_Foley                                       - Instance: 0x053ADC48
Class: RAnimNotify_IK                                          - Instance: 0x053AE96C
Class: RAnimNotify_IK_Offset_Hit                               - Instance: 0x053AEC04
Class: RAnimNotify_IK_Offset_Keep                              - Instance: 0x053AEE9C
Class: RAnimNotify_IK_Offset_Lock                              - Instance: 0x053AF134
Class: RAnimNotify_IK_Offset_Off                               - Instance: 0x053AF3CC
Class: RAnimNotify_IK_Offset_Predict                           - Instance: 0x053AF664
Class: RAnimNotify_MotionExtractionType                        - Instance: 0x053B05B8
Class: RArkhamKnightSniperPostProcess                          - Instance: 0x053BE048
Class: RARZoneBase                                             - Instance: 0x053BE5AC
Class: RAudioPoint                                             - Instance: 0x053C3210
Class: RAudioHornSpeakerPoint                                  - Instance: 0x053C3A0C
Class: RAudioPointController                                   - Instance: 0x053C420C
Class: RAudioPoint_DisplayCase                                 - Instance: 0x053C5CCC
Class: RAudioPoint_Helicopter                                  - Instance: 0x053C778C
Class: RAudioPoint_Tannoy                                      - Instance: 0x053C924C
Class: RAutoRescueCamera                                       - Instance: 0x053CC0EC
Class: RBackScreenViewPostProcess                              - Instance: 0x053CD17C
Class: RBankDoorControlPanelBase                               - Instance: 0x053CDFC4
Class: RBMAIAction_OpenBankDoor                                - Instance: 0x053D1E30
Class: RBarkConvoAction_Pause                                  - Instance: 0x053E3184
Class: RSwordProjectile                                        - Instance: 0x053FC9A4
Class: RBatarangElectrifyVolume                                - Instance: 0x05400414
Class: RSeqEvent_BatarangElectrified                           - Instance: 0x05400AC0
Class: RSeqEvent_ThugHitByBolas                                - Instance: 0x0540728C
Class: RSeqEvent_BatarangStartle                               - Instance: 0x05408E14
Class: RDmgType_SonicBatarangShock                             - Instance: 0x0541AC38
Class: RBreakableTV                                            - Instance: 0x0541B800
Class: RBatmobileAbseilHookBase                                - Instance: 0x0541F904
Class: RBatmobileAntiPersonelGun                               - Instance: 0x05427F1C
Class: RBatmobileBooster                                       - Instance: 0x0542C518
Class: RBatmobileDroneScanner                                  - Instance: 0x05438BD8
Class: RSeqEvent_DroneScanComplete                             - Instance: 0x05439CC0
Class: RBatmobileMissile                                       - Instance: 0x05446C14
Class: RBatmobileForensicsBaseActor                            - Instance: 0x0544A838
Class: RBatmobileForensicsFinishPoint                          - Instance: 0x0544B940
Class: RBatmobileForensicsStartPoint                           - Instance: 0x0544C1FC
Class: RBatmobileForensicsTrailNode                            - Instance: 0x0544CABC
Class: RBatmobileGelGun                                        - Instance: 0x0544D41C
Class: RBatmobileLightsVolume                                  - Instance: 0x05454DF8
Class: RBatmobileMine                                          - Instance: 0x05457758
Class: RBatmobileMineLauncher                                  - Instance: 0x05459448
Class: RBatmobileRocket_Projectile                             - Instance: 0x0546ACD8
Class: RBatmobileRockets                                       - Instance: 0x0546CA90
Class: RSeqEvent_FailedToInteract                              - Instance: 0x05472320
Class: RBatmobileScrewHookBase                                 - Instance: 0x05472B9C
Class: RSeqAct_SetBatmobileForensicsBase                       - Instance: 0x05479140
Class: RBatmobileVehicleTracker                                - Instance: 0x0547BF28
Class: RElectricWinchableInterface                             - Instance: 0x05487F34
Class: RSeqEvent_PredIdleConfigCanSpeak                        - Instance: 0x054C54AC
Class: RBM2IdleLookAtConfigs                                   - Instance: 0x054C5B98
Class: RBMAIAction_AttackFromGarg                              - Instance: 0x054C7694
Class: RBMWeaponRiflePredThug                                  - Instance: 0x054C8A24
Class: RBMAIAction_ClimbToGarg                                 - Instance: 0x054D3878
Class: RBMAIAction_Cower                                       - Instance: 0x054D54AC
Class: RBMAIAction_DropFromGarg                                - Instance: 0x054DEC3C
Class: RBMAIAction_EscapeStumble                               - Instance: 0x054E0A2C
Class: RBMAIAction_GargLurk                                    - Instance: 0x054E4D8C
Class: RBMAIAction_GetEatenByPlant                             - Instance: 0x054E766C
Class: RSeqEvent_HostageGrabbed                                - Instance: 0x054EBD30
Class: RSeqEvent_GunJammedDiscovery                            - Instance: 0x054ED83C
Class: RBMAIAction_HardDriveLeaderBase                         - Instance: 0x054EF0E4
Class: RBMAIAction_HoldGuardPoint_Aiming                       - Instance: 0x054F27A8
Class: RBMAIAction_MoveAndTransition                           - Instance: 0x05503210
Class: RTransitionFromRunConfig                                - Instance: 0x05503884
Class: RBMAIAction_OnGarg                                      - Instance: 0x0550DC9C
Class: RSeqEvent_TargettedRedhood                              - Instance: 0x05510C78
Class: RBMAIAction_PatrolWait                                  - Instance: 0x05513E44
Class: RBMAIAction_PatrolWalk                                  - Instance: 0x05514ED0
Class: RBMAIAction_PauseCheckVerts                             - Instance: 0x055181FC
Class: RBMAIAction_PerimPeekInward                             - Instance: 0x0551CF5C
Class: RBMAIAction_PlaceMineVent                               - Instance: 0x05520858
Class: RCombatMove_PredAttack                                  - Instance: 0x05523ED0
Class: RBMAIAction_RiotRunBase                                 - Instance: 0x0552FA3C
Class: RBMAIAction_RiotRunMilitia                              - Instance: 0x0553738C
Class: RBMAIAction_ShootBatarang                               - Instance: 0x05541930
Class: RBMAIAction_ShootBatmobile                              - Instance: 0x05542620
Class: RBMAIAction_StompBatarang                               - Instance: 0x0554F898
Class: RBMAIAction_TerrorGuardPoint                            - Instance: 0x055562F0
Class: RBMAIAction_ThermalCheck                                - Instance: 0x05557CF4
Class: RBMAIAction_ThermalCheck_Cocky                          - Instance: 0x05559B7C
Class: RBMAIAction_ThermalCheck_Nervous                        - Instance: 0x0555A33C
Class: RBMAIAction_WallSmashBatarang                           - Instance: 0x05563000
Class: RBMBehaviour_DefaultIdle                                - Instance: 0x055643AC
Class: RJokerHallucinationCombatController                     - Instance: 0x055645F0
Class: RBMBehaviour_JokerIncedental                            - Instance: 0x055654E0
Class: RBMBehaviour_JokerEndOfCombat                           - Instance: 0x05565DA4
Class: RDisableAIDivingAwayFromVehiclesVolume                  - Instance: 0x05569C64
Class: RSeqEvent_ShotAt                                        - Instance: 0x055734F8
Class: RBMCutscene_BatClawCam                                  - Instance: 0x05586A30
Class: RBMCutscene_SilentPredatorFinale                        - Instance: 0x05586C74
Class: RBMCutscene_LineLauncherKill                            - Instance: 0x05586EB8
Class: RBMCutscene_MultiBatClawCam                             - Instance: 0x055870FC
Class: RBMCutscene_JokerGunCam                                 - Instance: 0x05587340
Class: RBMCutscene_FallingFinale                               - Instance: 0x05587584
Class: RBMBehaviour_BatClawedMultiWeapon                       - Instance: 0x0559A77C
Class: RBMBehaviour_ChangeAlternativeWeapConfig                - Instance: 0x0559E014
Class: RBMBehaviour_CheckOutcastFlag                           - Instance: 0x0559E7B8
Class: RBMBehaviour_StartWandering                             - Instance: 0x0559EDA8
Class: RBMBehaviour_ChinookAbseil                              - Instance: 0x0559F610
Class: RBMBehaviour_ChinookPassenger                           - Instance: 0x055A7B54
Class: RBMBehaviour_CityRunAwayBase                            - Instance: 0x055A956C
Class: RCombatMove_VillainEvade                                - Instance: 0x055BB754
Class: RWeaponPickupSearch                                     - Instance: 0x055BEA20
Class: RCombatMove_VillainPushedIntoThug                       - Instance: 0x055C4E38
Class: RCombatMove_VillainShoved                               - Instance: 0x055C5448
Class: RCombatMove_VillainThrowBrick                           - Instance: 0x055CA5A0
Class: RCombatMove_ThrowGrenadeAtBatmobile                     - Instance: 0x055CABBC
Class: RCombatMove_VillainStampOnFingers                       - Instance: 0x055CB290
Class: RSeqEvent_TauntingPlayer                                - Instance: 0x055D06E4
Class: RSeqEvent_SniperDisabled                                - Instance: 0x055D1278
Class: RCombatMove_VillainReviveCasualty                       - Instance: 0x055D9450
Class: RCombatMove_VillainPickupWeapon                         - Instance: 0x055D9F5C
Class: RBMBehaviour_Combat2D                                   - Instance: 0x055DC83C
Class: RCombatMove_2DVillainHighLowAttack                      - Instance: 0x055DCD48
Class: RCombatMove_VillainThrowHeavyObject                     - Instance: 0x055E0DDC
Class: RCombatMove_VillainHeavySmashAttack                     - Instance: 0x055E1020
Class: RCombatMove_VillainDropHeavyObject                      - Instance: 0x055E17B0
Class: RBMBehaviour_CombatKnife                                - Instance: 0x055E29D8
Class: RCombatMove_LieutenantSledgehammerAttack                - Instance: 0x055E5234
Class: RCombatMove_LieutenantJumpAttack                        - Instance: 0x055E4FF0
Class: RBMBehaviour_CombatPipe                                 - Instance: 0x055E6508
Class: RBMBehaviour_CombatMiniSledgehammer                     - Instance: 0x055E6FD4
Class: RBMBehaviour_CombatMoveControlled                       - Instance: 0x055E7614
Class: RCombatMove_NinjaCombatRoll                             - Instance: 0x055F29D4
Class: RCombatMove_VillainRifleAttack                          - Instance: 0x055F6770
Class: RCombatMove_VillainRifleBatmobileAttack                 - Instance: 0x055F6E64
Class: RBMBehaviour_CombatRifleRobot                           - Instance: 0x055F90D8
Class: RBMBehaviour_CombatShield                               - Instance: 0x055FA190
Class: RBMBehaviour_CombatThugStrong                           - Instance: 0x055FE264
Class: RCombatMove_VillainClash                                - Instance: 0x055FE808
Class: RBMBehaviour_CoopPatrol                                 - Instance: 0x055FFBFC
Class: RBMBehaviour_CornerActionTest                           - Instance: 0x056022A4
Class: RBMBehaviour_DebugGrenadeTrial                          - Instance: 0x056038D8
Class: RDmgType_BatmobileZap                                   - Instance: 0x05608430
Class: RDmgType_Dive                                           - Instance: 0x05608674
Class: RBMSeqEvent_ExitedVehicle                               - Instance: 0x0560E754
Class: RDmgType_RagdollNoStars                                 - Instance: 0x05610F1C
Class: RBMBehaviour_FearGasPanic                               - Instance: 0x05611E80
Class: RDmgType_LandedOn                                       - Instance: 0x05614530
Class: RBMBehaviour_Flee                                       - Instance: 0x0561A2B8
Class: RBMBehaviour_Follow                                     - Instance: 0x0561EE94
Class: RBMBehaviour_ForceDeath                                 - Instance: 0x056209C8
Class: RBMBehaviour_GiveWeapon                                 - Instance: 0x0562AE64
Class: RBMBehaviour_GrabHostage                                - Instance: 0x0562B464
Class: RBMBehaviour_HitReaction_Minigunner                     - Instance: 0x0562BF20
Class: RBMBehaviour_HitReactionMultiWeaponREC                  - Instance: 0x0562CFCC
Class: RBMBehaviour_Interrogation                              - Instance: 0x0562FB60
Class: RBMBehaviour_LineLauncherGrabbed                        - Instance: 0x0563B320
Class: RBMBehaviour_LookAtSpeaker                              - Instance: 0x0563BC98
Class: RBMBehaviour_Magnetised                                 - Instance: 0x0563C3E8
Class: RBMBehaviour_MoveToMultiplePoints                       - Instance: 0x0564105C
Class: RBMBehaviour_MoveToNavMesh                              - Instance: 0x05643C00
Class: RBMBehaviour_MoveToRandomPoint                          - Instance: 0x056496A0
Class: RBMBehaviour_NeedsRescue                                - Instance: 0x0564BCA0
Class: RBMBehaviour_Patrol                                     - Instance: 0x0564C5E4
Class: RBMBehaviour_PlaceMine                                  - Instance: 0x0564CDDC
Class: RBMBehaviour_PlayAnimFromAnimset                        - Instance: 0x0564E2F0
Class: RBMBehaviour_PostFlee                                   - Instance: 0x0564FAF0
Class: RBMBehaviour_PredatorSniper                             - Instance: 0x0564FF80
Class: RBMBehaviour_PredGuard                                  - Instance: 0x05651408
Class: RDmgType_Bomb                                           - Instance: 0x05654560
Class: RBMBehaviour_RocketLauncher                             - Instance: 0x05655D9C
Class: RBMBehaviour_RunToCombat                                - Instance: 0x0565622C
Class: RBMBehaviour_RunToCombatNoPoseChange                    - Instance: 0x05656F84
Class: RBMBehaviour_SetIdleStance                              - Instance: 0x0565787C
Class: RBMWeaponSniperBase                                     - Instance: 0x0565A5A0
Class: RBMBehaviour_StandingTalk                               - Instance: 0x056687DC
Class: RBMBehaviour_ThermalCheck                               - Instance: 0x05669210
Class: RCrossLevelVantageProxy                                 - Instance: 0x0566958C
Class: RBMBehaviour_VoiceControl                               - Instance: 0x0566A558
Class: RBMCameraEmitterBloodSplat                              - Instance: 0x0567FE4C
Class: RBMSeqEvent_EnvironmentObjectDestroyed                  - Instance: 0x0568B808
Class: RCombatMove_VillainGetWeaponFromEnvironment             - Instance: 0x0568F338
Class: RBMWeapon_SmashedSegment                                - Instance: 0x0569B530
Class: RBMCombatThrownObject_BatDestroyedPart1                 - Instance: 0x0569ECA4
Class: RBMWeaponPipeBase                                       - Instance: 0x056A1114
Class: RBMWeaponBatBase                                        - Instance: 0x056A0ED0
Class: RBMCombatThrownObject_Grenade                           - Instance: 0x056A3598
Class: RBMCombatThrownObject_GunDestroyed                      - Instance: 0x056A4FA8
Class: RBMCombatThrownObject_Rifle                             - Instance: 0x056A7A38
Class: RBMCombatThrownObject_RifleDestroyed                    - Instance: 0x056A8F8C
Class: RBMCombatThrownObject_RifleDestroyedPart3               - Instance: 0x056A9294
Class: RBMCombatThrownObject_RifleDestroyedPart1               - Instance: 0x056A94D8
Class: RBMCombatThrownObject_RifleDestroyedPart2               - Instance: 0x056A971C
Class: RBMDeathCutscene_360Spin                                - Instance: 0x056BD39C
Class: RBMDeathCutscene_FinalTakedownCam                       - Instance: 0x056BFEF8
Class: RBMDeathCutscene_FloorTakedownCam                       - Instance: 0x056C1D04
Class: RBMExitCondition_Flag                                   - Instance: 0x056C4758
Class: RBMExitCondition_RangeOrLOS                             - Instance: 0x056C514C
Class: RBMExitCondition_Triggered                              - Instance: 0x056C638C
Class: RElectrifiedFloorPanel_RobotSpawnerBase                 - Instance: 0x056D7348
Class: RPawnVillainThug_SuicideRobotBase                       - Instance: 0x056D823C
Class: RBMSeqAct_AttachPawnToBehaviour                         - Instance: 0x056D9D90
Class: RBMSeqAct_StopSpeech                                    - Instance: 0x056DA64C
Class: RBMSeqEvent_DualplayAdrenalineSpent                     - Instance: 0x056DACC4
Class: RBMSeqEvent_DualTakedownStateChange                     - Instance: 0x056DB084
Class: RBMSeqEvent_HostageSeePlayer_Left                       - Instance: 0x056DB73C
Class: RBMSeqEvent_HostageSeePlayer_Right                      - Instance: 0x056DBAFC
Class: RBMSeqEvent_ManBatDone                                  - Instance: 0x056DBEBC
Class: RBMSeqEvent_ManBatFailed                                - Instance: 0x056DC27C
Class: RBMSeqEvent_ManBatGrabStart                             - Instance: 0x056DC63C
Class: RBMSeqEvent_PredEnd_HostageFree                         - Instance: 0x056DC9FC
Class: RBMSeqEvent_PredEnd_HostageStillBound                   - Instance: 0x056DCDBC
Class: RBMSeqEvent_RiddlerKO                                   - Instance: 0x056DD17C
Class: RBMSeqEvent_StartleDestroyed                            - Instance: 0x056DD53C
Class: RBMSeqEvent_StartleFired                                - Instance: 0x056DD8FC
Class: RBMSeqEvent_StartleKnockedMinigunnnerOut                - Instance: 0x056DDE14
Class: RBMSeqEvent_StartleKnockedThugOut                       - Instance: 0x056DE32C
Class: RCombatMove_VillainSmokeBombReaction_Pipe               - Instance: 0x056F2B38
Class: RCombatMove_VillainPipeAttack                           - Instance: 0x056F2D7C
Class: RSeqEvent_JammedGunKilledThug                           - Instance: 0x057039A4
Class: RDmgType_CombatRifle                                    - Instance: 0x0570A174
Class: RCombatMove_VillainSmokeBombReaction_Gun                - Instance: 0x0570A3B8
Class: RBMWeaponCombatRifle                                    - Instance: 0x0570B6EC
Class: RRocketLauncherEdge                                     - Instance: 0x05713830
Class: RBMWeaponShieldBase                                     - Instance: 0x057151C8
Class: RBotExclusionVolume                                     - Instance: 0x05719C48
Class: RSeqEvent_TVBroken                                      - Instance: 0x0571D1A8
Class: RCapeOnlyBlockingVolume                                 - Instance: 0x0573023C
Class: RCartoonViewPostProcess                                 - Instance: 0x057391AC
Class: RChapterBarkSet                                         - Instance: 0x0574FDE0
Class: RChapterLineSet                                         - Instance: 0x05750078
Class: RCharacter_Guard                                        - Instance: 0x05752E3C
Class: RCharacter_Thug                                         - Instance: 0x05753808
Class: RGFxWorldMovieActor                                     - Instance: 0x057715BC
Class: RGFxWorldMovieActorMap3D                                - Instance: 0x05771378
Class: RCinematicCustomActor                                   - Instance: 0x057B6AF4
Class: RCombatEvent_CombatTakedown                             - Instance: 0x057C0BD0
Class: RCombatMove_2DVillainBlock                              - Instance: 0x057C1404
Class: RPawnVillainPrototype2DBase                             - Instance: 0x057C19E0
Class: RDmgType_AerialJump                                     - Instance: 0x057C9A2C
Class: RCombatMove_BatmanAerialToBeatdown                      - Instance: 0x057CF424
Class: RCombatMove_BatmanBarge                                 - Instance: 0x057D21CC
Class: RCombatMove_BatmanBatclawRedirect                       - Instance: 0x057D431C
Class: RDmgType_RedirectChargerRagdoll                         - Instance: 0x057D4CF0
Class: RDmgType_BatClawSlamSuper                               - Instance: 0x057D6F68
Class: RCombatMove_BatmanBeginCombat                           - Instance: 0x057DF744
Class: RSeqEvent_TakedownBase                                  - Instance: 0x057E7B30
Class: RSeqEvent_NoisyTakedown                                 - Instance: 0x057E78EC
Class: RCombatMove_BatmanDropWeapon                            - Instance: 0x057E9D8C
Class: RCombatMove_BatmanFinishedCombat                        - Instance: 0x057F5768
Class: RSeqEvent_FloorTakedown                                 - Instance: 0x057FC0C4
Class: RSeqEvent_TakedownUnarmedThug                           - Instance: 0x057FC308
Class: RCombatMove_BatmanGrabThrownObject                      - Instance: 0x057FDC1C
Class: RCrowdSequence_BatAttractCamera                         - Instance: 0x05806C24
Class: RCombatMove_BatmanMultiStrike                           - Instance: 0x05813D24
Class: RCombatMove_BatmanPickupThrownObject                    - Instance: 0x0581512C
Class: RCombatMove_BatmanStrikeCE                              - Instance: 0x0581C68C
Class: RCombatMove_BatmanStrikeCEBlock                         - Instance: 0x0581EEFC
Class: RCombatMove_BatmanSuperBatclawSlam                      - Instance: 0x05828168
Class: RDmgType_HeavyObject                                    - Instance: 0x05831C44
Class: RCombatMove_BatmanWallStrike                            - Instance: 0x058346D0
Class: RDmgType_GroupTrip                                      - Instance: 0x0583FF94
Class: RDmgType_StrikeNoRepel                                  - Instance: 0x058401D8
Class: RCombatMove_CatwomanStunStrike                          - Instance: 0x0584091C
Class: RCombatMove_GadgetAreaStun                              - Instance: 0x0585CF88
Class: RCombatMove_GadgetBatarang                              - Instance: 0x0585D510
Class: RCombatMove_GadgetBatClaw                               - Instance: 0x0585DA98
Class: RCombatMove_GadgetBullwhip                              - Instance: 0x0585E020
Class: RCombatMove_GadgetCaltrops                              - Instance: 0x0585E5A8
Class: RCombatMove_GadgetExplosiveGel                          - Instance: 0x0585EB30
Class: RCombatMove_GadgetFreezeBlast                           - Instance: 0x0585F0B8
Class: RCombatMove_GadgetFreezeCluster                         - Instance: 0x0585F640
Class: RCombatMove_GadgetREC                                   - Instance: 0x0585FBC8
Class: RCombatMove_GadgetRicochetSticks                        - Instance: 0x05860150
Class: RCombatMove_GadgetShieldBash                            - Instance: 0x058606D8
Class: RCombatMove_GadgetStickyBomb                            - Instance: 0x05860C60
Class: RCombatMove_GadgetWristDart                             - Instance: 0x058611E8
Class: RSpecialMoveInstance_DiveOverRailing                    - Instance: 0x058661C8
Class: RCombatMove_JokerBoxerGrab                              - Instance: 0x0586B788
Class: RCombatMove_JokerTeaseCombatThug                        - Instance: 0x0586C1E0
Class: RDmgType_SledgeHammer                                   - Instance: 0x0586D5C8
Class: RDmgType_SledgeHammerNoRagdoll                          - Instance: 0x0586D80C
Class: RCombatMove_LieutenantMFAReaction                       - Instance: 0x05870414
Class: RCombatMove_LieutenantSmokeReaction                     - Instance: 0x0587161C
Class: RCombatMove_NinjaDodgeStrike                            - Instance: 0x05873038
Class: RDmgType_NinjaSword                                     - Instance: 0x05876D30
Class: RCombatMove_VillainMultiAttackAndCounter                - Instance: 0x0587CA54
Class: RDmgType_KnifeCombo                                     - Instance: 0x05880198
Class: RDmgType_NinjaSwordCombo                                - Instance: 0x058803DC
Class: RCombatMove_RasMultiAttackAndChoke                      - Instance: 0x05886BD8
Class: RCombatMove_RiddlerMechChargeUp                         - Instance: 0x058872A0
Class: RCombatMove_RiddlerMechFarAttack                        - Instance: 0x05888EF0
Class: RCombatMove_RiddlerMechMakeRobotCharge                  - Instance: 0x0588CEC0
Class: RCombatMove_RiddlerMechPowerUpRobot                     - Instance: 0x0588D428
Class: RCombatMove_RiddlerMechRevive                           - Instance: 0x0588D974
Class: RCombatMove_RiddlerMechToggleRobotColour                - Instance: 0x058916F4
Class: RCombatMove_RobotChargeAttack                           - Instance: 0x05893B6C
Class: RCombatMove_VillainDodge                                - Instance: 0x058A9CC4
Class: RCombatMove_VillainHoldingFizzingFireEx                 - Instance: 0x058B3704
Class: RCombatMove_VillainJump                                 - Instance: 0x058B40C8
Class: RCombatMove_VillainJumpAttack                           - Instance: 0x058B52E4
Class: RCombatMove_VillainPushThug                             - Instance: 0x058BFA08
Class: RCombatMove_VillainRobotRifleAttack                     - Instance: 0x058C8BE4
Class: RDmgType_StrikeSimultaneous                             - Instance: 0x058D728C
Class: RSeqEvent_CommandBeaconDialogueTrigger                  - Instance: 0x058E6E70
Class: RSeqAct_CommandBeacon                                   - Instance: 0x058EAE80
Class: RHUDInterface                                           - Instance: 0x058EE8AC
Class: RSeqEvent_CommandBeaconShotByBMBL                       - Instance: 0x058F3528
Class: RCornerPoint                                            - Instance: 0x058F4CF8
Class: RCornerPointUniversal                                   - Instance: 0x058F5460
Class: RCrowdAttractor_Player                                  - Instance: 0x058FF8A4
Class: RCrowdAttractor_Test                                    - Instance: 0x05900128
Class: RCrowdSequence_BatAttract                               - Instance: 0x05901DC0
Class: RCrowdSpawner_BatAttract                                - Instance: 0x059044E8
Class: RCrowdSequence_BatmanAppear                             - Instance: 0x0590472C
Class: RCrowdSpawner_BatmanAppear                              - Instance: 0x0590550C
Class: RCrowdSequence_BatmanAppearInitial                      - Instance: 0x05905750
Class: RCrowdSpawner_BatmanAppearInitial                       - Instance: 0x05906530
Class: RCrowdSequence_BatmanVanish                             - Instance: 0x05906774
Class: RCrowdSpawner_BatmanVanish                              - Instance: 0x05907554
Class: RCrowdSequence_Flock                                    - Instance: 0x05907798
Class: RCrowdSpawner_FlockingBats                              - Instance: 0x05908658
Class: RCrowdSequence_SimplePath                               - Instance: 0x0590889C
Class: RCrowdSpawner_XPCutsceneBats                            - Instance: 0x0590D094
Class: RSeqEvent_DamagePawnVolumeDLC                           - Instance: 0x05930330
Class: RSeqEvent_DamagePawnVolume                              - Instance: 0x05930574
Class: RDeathCamera                                            - Instance: 0x059417D4
Class: RDebugCameraHUD                                         - Instance: 0x05946B40
Class: ScreenShotSpotLight                                     - Instance: 0x0594942C
Class: ScreenShotPointLight                                    - Instance: 0x059497D0
Class: RSeqAct_ChangeDebugLabelText                            - Instance: 0x0594E9A4
Class: RDebugMenuContent                                       - Instance: 0x059607E0
Class: RDeferred_PointLight                                    - Instance: 0x0597BE70
Class: RDeferred_PointLight_Quadratic                          - Instance: 0x0597C64C
Class: RDeferred_PointLight_Shadowed                           - Instance: 0x0597CE2C
Class: RDeferred_PointLight_Quadratic_Shadowed                 - Instance: 0x0597D60C
Class: RDeferred_SpotLight_LightShaft                          - Instance: 0x0597DDEC
Class: RDeferred_SpotLight_Quadratic                           - Instance: 0x0597EA94
Class: RDeferred_SpotLight_Quadratic_Shadowed                  - Instance: 0x0597F2C4
Class: RSeqEvent_DestructiblePropDamage                        - Instance: 0x0598D938
Class: RSeqEvent_DestructiblePropDamageSuppressed              - Instance: 0x0598DCDC
Class: RDmgType_ShockedStumble                                 - Instance: 0x05996ECC
Class: RDestructibleProp_PointLight                            - Instance: 0x05998F40
Class: RDestructibleProp_SignPost                              - Instance: 0x0599A070
Class: RDestructibleProp_SpotLight                             - Instance: 0x0599AF64
Class: RDestructibleProp_TrafficLight                          - Instance: 0x0599C100
Class: RDirectionalLightStaticShadows                          - Instance: 0x059A3B98
Class: RDisableEvadeVolume                                     - Instance: 0x059A5A48
Class: RDisorientationPostProcess                              - Instance: 0x059A6B28
Class: RRemoteControlHighSecurityInterface                     - Instance: 0x059A7E8C
Class: RSeqEvent_DeviceDisrupted                               - Instance: 0x059AE3E4
Class: RDisruptableItem                                        - Instance: 0x059B085C
Class: RSeqAct_RestrictDisruptorTargets                        - Instance: 0x059B956C
Class: RDmgType_Barge2                                         - Instance: 0x059C6958
Class: RDmgType_BigZapHit                                      - Instance: 0x059C8884
Class: RDmgType_BurlyBrawl                                     - Instance: 0x059C97AC
Class: RDmgType_CaltropsTrapSwipe                              - Instance: 0x059C9F10
Class: RDmgType_Challenge_Seen                                 - Instance: 0x059CA454
Class: RDmgType_Challenge_TimeOut                              - Instance: 0x059CA7E0
Class: RDmgType_ChargeStrike                                   - Instance: 0x059CAB6C
Class: RDmgType_CriticalCounter                                - Instance: 0x059CBA88
Class: RDmgType_DestructibleNoWeaponDamage                     - Instance: 0x059CC0D4
Class: RDmgType_DoorReaction                                   - Instance: 0x059CC5A8
Class: RDmgType_DropTakedown                                   - Instance: 0x059CC934
Class: RDmgType_EnemyTankMissile                               - Instance: 0x059CD898
Class: RDmgType_Excavator                                      - Instance: 0x059CDC24
Class: RDmgType_Explosive_HeavyObject                          - Instance: 0x059CE10C
Class: RDmgType_FearGas                                        - Instance: 0x059CE798
Class: RDmgType_FlamingTorch                                   - Instance: 0x059CEDB8
Class: RDmgType_Fracture                                       - Instance: 0x059CF300
Class: RDmgType_FreezeGun                                      - Instance: 0x059CF654
Class: RDmgType_Harpoon                                        - Instance: 0x059D0088
Class: RDmgType_HeavyStrikeUnblockable                         - Instance: 0x059D055C
Class: RDmgType_HeavySwordStrike                               - Instance: 0x059D08FC
Class: RDmgType_HitByTrain                                     - Instance: 0x059D11C0
Class: RDmgType_InstantDeath                                   - Instance: 0x059D1694
Class: RDmgType_JokerBoxerCloseAttackStrike                    - Instance: 0x059D1A90
Class: RDmgType_JokerGun                                       - Instance: 0x059D1E30
Class: RDmgType_JokerShotgun                                   - Instance: 0x059D21BC
Class: RDmgType_JokerTeeth                                     - Instance: 0x059D2548
Class: RDmgType_KnifeCounter                                   - Instance: 0x059D2B64
Class: RDmgType_KnockBack                                      - Instance: 0x059D2EF0
Class: RDmgType_MultiStrike                                    - Instance: 0x059D4124
Class: RDmgType_SilentTakedown                                 - Instance: 0x059D4754
Class: RDmgType_OrderedTakedown                                - Instance: 0x059D4AE0
Class: RDmgType_Piston                                         - Instance: 0x059D4FC8
Class: RDmgType_Poison                                         - Instance: 0x059D549C
Class: RDmgType_PounceBlast                                    - Instance: 0x059D5984
Class: RDmgType_QuickSwordStrike                               - Instance: 0x059D5FC8
Class: RDmgType_Ras                                            - Instance: 0x059D64B0
Class: RDmgType_RasCharge                                      - Instance: 0x059D683C
Class: RDmgType_RiddlerLaser                                   - Instance: 0x059D72A4
Class: RDmgType_ThugMineExplosion_Player                       - Instance: 0x059D7630
Class: RDmgType_RiddlerMineExplosion_Player                    - Instance: 0x059D79BC
Class: RDmgType_RigidBody                                      - Instance: 0x059D7E90
Class: RDmgType_RiotDamage                                     - Instance: 0x059D832C
Class: RDmgType_RunningBlockBreaker                            - Instance: 0x059D86B8
Class: RDmgType_Strangle                                       - Instance: 0x059D9F88
Class: RDmgType_Takedown_Corner                                - Instance: 0x059DA964
Class: RDmgType_Takedown_GlassAttack                           - Instance: 0x059DAD60
Class: RDmgType_Takedown_Grate                                 - Instance: 0x059DB0EC
Class: RDmgType_Takedown_InvertedCeiling                       - Instance: 0x059DB5C0
Class: RDmgType_Takedown_Ledge                                 - Instance: 0x059DB94C
Class: RDmgType_Takedown_LedgeHang                             - Instance: 0x059DBCD8
Class: RDmgType_Takedown_LineLauncher                          - Instance: 0x059DC064
Class: RDmgType_Takedown_ReverseLedge                          - Instance: 0x059DC3F0
Class: RDmgType_Takedown_VentAttack                            - Instance: 0x059DC77C
Class: RDmgType_ThugMineExplosion                              - Instance: 0x059DCD4C
Class: RDmgType_WallStrike                                     - Instance: 0x059DD220
Class: RDmgType_WhipMiss                                       - Instance: 0x059DD7E8
Class: RDownloadableContentManager                             - Instance: 0x059E0418
Class: RDroneChaseVolume                                       - Instance: 0x059E0D20
Class: RDummyTarget_Dialogue                                   - Instance: 0x059E1828
Class: RDummyTarget_Dialogue_Spawnable                         - Instance: 0x059E2370
Class: RDroneTrackingVolume                                    - Instance: 0x059E32D8
Class: RSeqEvent_ResonatorFailedJammed                         - Instance: 0x059EA9FC
Class: RDummyTarget_LookAt                                     - Instance: 0x059EF4CC
Class: RDummyTarget_Spawnable                                  - Instance: 0x059EFAE0
Class: RDynamicCeilingClimbVolume                              - Instance: 0x059F0EE8
Class: RSeqEvent_BatmanOnElectrifiedPanel                      - Instance: 0x059F45C8
Class: RSeqEvent_ElectricFloorKOdThugs                         - Instance: 0x059F584C
Class: REvadeOverrideVolume                                    - Instance: 0x059F91C8
Class: RXPSequence                                             - Instance: 0x059FACFC
Class: RExplosiveGelableInterface                              - Instance: 0x05A01DC0
Class: RFallingRescueVolume                                    - Instance: 0x05A1669C
Class: RFixedCombatCamera                                      - Instance: 0x05A19038
Class: RFlashCWViewPostProcess                                 - Instance: 0x05A1C194
Class: RFlashNightWingViewPostProcess                          - Instance: 0x05A1C6F8
Class: RFlashViewPostProcess                                   - Instance: 0x05A1CC5C
Class: RSeqAct_ToggleDoDamage                                  - Instance: 0x05A1FA6C
Class: RSeqEvent_LandedOnRaft                                  - Instance: 0x05A2677C
Class: RSeqEvent_SideStoryLocationDiscovered                   - Instance: 0x05A3500C
Class: RSideStoryDiscoveryActor                                - Instance: 0x05A35ABC
Class: RSeqEvent_FilterMode                                    - Instance: 0x05A3C0AC
Class: RXRayViewPostProcess                                    - Instance: 0x05A3C69C
Class: RRadioViewPostProcess                                   - Instance: 0x05A3CB0C
Class: RXrayOffViewPostProcess                                 - Instance: 0x05A3CF7C
Class: RSeqEvent_EvidenceTrailAdvanced                         - Instance: 0x05A42C24
Class: RSeqEvent_CrimeSceneEvidenceScanning                    - Instance: 0x05A46318
Class: RSeqEvent_CrimeSceneCompleted                           - Instance: 0x05A467F4
Class: RPhysicalEvidenceTrail                                  - Instance: 0x05A4B930
Class: RSeqEvent_SpecialTrackingThresholdBreached              - Instance: 0x05A4C7CC
Class: RForensicsMovieTestActor                                - Instance: 0x05A55FB8
Class: RFractureManager                                        - Instance: 0x05A56D08
Class: RFractureWall                                           - Instance: 0x05A5FF9C
Class: RMagneticProp                                           - Instance: 0x05A642DC
Class: RFrameRateKiller                                        - Instance: 0x05A64520
Class: RSeqEvent_FreezeBlastHit                                - Instance: 0x05A6C9A4
Class: RSeqEvent_CreatedRaft                                   - Instance: 0x05A71DA4
Class: RGameSearchCoop                                         - Instance: 0x05A8BA2C
Class: RGameViewportClient                                     - Instance: 0x05A8C17C
Class: RGFxMovieVideoOverlay                                   - Instance: 0x05A9FE18
Class: RGFxMovieCustom                                         - Instance: 0x05AAD824
Class: RGFxMovieGadgetReward                                   - Instance: 0x05AB42A8
Class: RSeqAct_ShowGadgetReward                                - Instance: 0x05AB4588
Class: RGFxMovieGenericError                                   - Instance: 0x05AB4E40
Class: RSeqAct_MultipleMobileObjectives                        - Instance: 0x05ABDFA4
Class: RGFxMoviePLMResume                                      - Instance: 0x05AD4664
Class: RGFxMovieScoreHUD                                       - Instance: 0x05AE2F94
Class: RGFxMovieUI_ConceptGallery                              - Instance: 0x05AEDE24
Class: RGFxMovieUI_CustomBackScreen                            - Instance: 0x05AF1C44
Class: RGFxMovieUI_Pause                                       - Instance: 0x05AF7138
Class: RGFxMovieUI_PauseOptionsGame                            - Instance: 0x05AF745C
Class: RGFxMovieUI_PauseOptionsAudio                           - Instance: 0x05AF7780
Class: RGFxMovieUI_PauseOptionsControls                        - Instance: 0x05AF7AA4
Class: RGFxMovieUI_PauseOptionsControlsKeyboard                - Instance: 0x05AF7EA8
Class: RGFxMovieUI_PauseOptionsExtras                          - Instance: 0x05B04C70
Class: RGFxMovieUI_PauseOptionsPlayer                          - Instance: 0x05B0BEF0
Class: RGFxMovieUI_PhotoModeOverlay                            - Instance: 0x05B0CA6C
Class: RSeqAct_FlashTextureMovieControlBase                    - Instance: 0x05B175F4
Class: RGFxMovieWorldBase                                      - Instance: 0x05B1A704
Class: RGFxMovieWorldMap3D                                     - Instance: 0x05B1AC08
Class: RSeqEvent_GlideOutOfBounds                              - Instance: 0x05B2BF50
Class: RSeqEvent_BeginGooing                                   - Instance: 0x05B31738
Class: RSpecialMoveInstance_PlaceGooMine                       - Instance: 0x05B32F68
Class: RSpecialMoveConfig_PlaceGooMine                         - Instance: 0x05B331AC
Class: RGrenadeGrateAssignmentPicker                           - Instance: 0x05B3DD10
Class: RSeqEvent_MultipleThugsStartledByEnvironment            - Instance: 0x05B4511C
Class: RGunStartleNoise_AlertProxy                             - Instance: 0x05B4A984
Class: RSmashablePropSpawnable                                 - Instance: 0x05B4E3E8
Class: RRemovableInterface                                     - Instance: 0x05B562BC
Class: RSpecialMoveInstance_FireBatClaw                        - Instance: 0x05B5FCFC
Class: RHazardousObject                                        - Instance: 0x05B636B8
Class: RHelicopterControlVolume                                - Instance: 0x05B6D50C
Class: RHelicopterPointOfInterest                              - Instance: 0x05B78130
Class: RMatineeController                                      - Instance: 0x05B8CC00
Class: RHostageSeesPlayerVolume                                - Instance: 0x05BA0EE4
Class: RSeqAct_DownloadProgress                                - Instance: 0x05BBE324
Class: RHudModuleGadgetSelect                                  - Instance: 0x05BC2B38
Class: RHudModulePerformanceTest                               - Instance: 0x05BD5270
Class: RInvestigationActor                                     - Instance: 0x05BFB598
Class: RInvestigationInterface                                 - Instance: 0x05BFBA78
Class: RJokerBillboardToggleable                               - Instance: 0x05C06F7C
Class: RSeqEvent_SpecialCaseVoiceSynthDisable                  - Instance: 0x05C0ECC4
Class: RSeqEvent_PlayScriptedFirstNervousLine                  - Instance: 0x05C0F12C
Class: RSeqEvent_WinchPoint                                    - Instance: 0x05C10F70
Class: RSeqEvent_UsedDoor                                      - Instance: 0x05C21F08
Class: RWaterGeneratorBase                                     - Instance: 0x05C24F74
Class: RSuperRECGeneratorBase                                  - Instance: 0x05C25254
Class: RSeqEvent_MagneticSurfacePlayerTooClose                 - Instance: 0x05C26D04
Class: RSpecialMoveConfig_MagnetiseObject                      - Instance: 0x05C293FC
Class: RSeqEvent_UsedDoorDuringGlobalLock                      - Instance: 0x05C36798
Class: RSpecialMoveInstance_LineLauncherFlipAndAim             - Instance: 0x05C52288
Class: RLineList                                               - Instance: 0x05C572B8
Class: RSeqEvent_StartBangOnDoor_Minigun                       - Instance: 0x05C578E8
Class: RSeqEvent_StartBangOnDoor_Normal                        - Instance: 0x05C57B2C
Class: RNavMeshObstacleForLockinVol                            - Instance: 0x05C5814C
Class: RLootSourceBankBase                                     - Instance: 0x05C642BC
Class: RMagneticBlastInterface                                 - Instance: 0x05C6924C
Class: RSeqEvent_DisarmedByMagBlast                            - Instance: 0x05C71C88
Class: RSeqEvent_MagneticDynamicObject                         - Instance: 0x05C79D5C
Class: RSeqEvent_MagneticMatineeObject                         - Instance: 0x05C81F2C
Class: RSeqEvent_MagneticSurface                               - Instance: 0x05C86310
Class: RMakeGrateIndestructibleForHarleyVolume                 - Instance: 0x05C8AE94
Class: RMoveableCinematicCameraActor                           - Instance: 0x05C92088
Class: RMovingRadialImpulseActor                               - Instance: 0x05C92908
Class: RMultipleBatarangCamera                                 - Instance: 0x05C97274
Class: RNinjaWaypointLocation                                  - Instance: 0x05CB220C
Class: RSeqEvent_NinjaWaypointReached                          - Instance: 0x05CB2A50
Class: RNoDeleteCameraActor                                    - Instance: 0x05CB3708
Class: RObjectCounterVolume                                    - Instance: 0x05CB57E4
Class: RSeqEvent_ObjectCountIsNonZero                          - Instance: 0x05CB6088
Class: RSeqEvent_ObjectCountIsZero                             - Instance: 0x05CB642C
Class: ROnlineStatsWriteMostWanted                             - Instance: 0x05CBB814
Class: ROutcastWaveController                                  - Instance: 0x05CBC490
Class: ROverrideGrappleVolume                                  - Instance: 0x05CBD190
Class: RSeqEvent_OWPopulationVolumeEvent                       - Instance: 0x05CC48F8
Class: RPathGateComponent                                      - Instance: 0x05CC8C50
Class: RPatrolPoint_Moveable                                   - Instance: 0x05CCA0B0
Class: RSpecialMoveInstance_EjectIntoFirefly                   - Instance: 0x05CD041C
Class: RSeqAct_FireCrewController                              - Instance: 0x05CD86E8
Class: RPawnHarleyChokePointBase                               - Instance: 0x05CDA200
Class: RPawnManBatAppearance                                   - Instance: 0x05CE2668
Class: RSeqAct_FireFPSGunDuringMatinee                         - Instance: 0x05CEB0DC
Class: RPawnPlayerJokerBase                                    - Instance: 0x05CF0854
Class: RSeqAct_UpdateJokerNukeBase                             - Instance: 0x05CF1028
Class: RPawnSpawnObject                                        - Instance: 0x05CFE138
Class: RPawnVillainAbseilBatmobileTakedownTarget               - Instance: 0x05CFE618
Class: RPhotoCameraHUD                                         - Instance: 0x05D413C8
Class: RPhotoViewPostProcess                                   - Instance: 0x05D4DD48
Class: RSeqEvent_RiddleScanned                                 - Instance: 0x05D6C3C0
Class: RSeqAct_DynamicPostProcess                              - Instance: 0x05D72CA8
Class: RSeqAct_DisableDualPlayerCharacterSwitch                - Instance: 0x05D7E074
Class: RShowcaseCamera                                         - Instance: 0x05D825E4
Class: RSeqAct_HeavyTankScanningBase                           - Instance: 0x05D8AC24
Class: RRiddleCipher                                           - Instance: 0x05D8B8AC
Class: RSeqEvent_HelicopterAggroStateChanged                   - Instance: 0x05D8DB9C
Class: RSeqEvent_InterrogationStarted                          - Instance: 0x05D8E508
Class: RSpecialMoveInstance_Slide                              - Instance: 0x05DA05D4
Class: RVentChuteCamera                                        - Instance: 0x05DB61C8
Class: RSeqAct_GameActionPerformed                             - Instance: 0x05DB95B8
Class: RSeqEvent_FailedTakedown                                - Instance: 0x05DBD984
Class: RSeqAct_AwardXP                                         - Instance: 0x05DC8250
Class: RSeqEvent_InterrogateTutorial                           - Instance: 0x05DD7F30
Class: RSeqEvent_RiddlerProgressionAdvanced                    - Instance: 0x05DE14DC
Class: RSeqEvent_RiddlerPlayerSwitched                         - Instance: 0x05DED398
Class: RSpecialMoveConfig_PoseTransition                       - Instance: 0x05E07CC4
Class: RSpecialMoveConfig_Land                                 - Instance: 0x05E07A80
Class: RSpecialMoveConfig_CapeBreakFall                        - Instance: 0x05E0783C
Class: RProfileSettings                                        - Instance: 0x05E414EC
Class: RSeqEvent_CustomBackscreenRequestedBase                 - Instance: 0x05E531D0
Class: RSeqEvent_CustomBackscreenRequested                     - Instance: 0x05E52F8C
Class: RPlayerDamagedPostProcess                               - Instance: 0x05E837AC
Class: RStopBatmanFromUsingAirshipTiltVolume                   - Instance: 0x05E84854
Class: RSeqAct_StopSmokeBombFromAutomaticallyTurningDetectiveModeOn - Instance: 0x05E86658
Class: RSeqAct_HushCounterController                           - Instance: 0x05E8F0C4
Class: RSeqAct_ArkhamKnightClash                               - Instance: 0x05E8F4DC
Class: RSeqAct_QuickGadgetAction                               - Instance: 0x05E8FC00
Class: RTauntVolume                                            - Instance: 0x05E8FEE0
Class: RSeqEvent_BatmobileRiddlerButton                        - Instance: 0x05E9A04C
Class: RSeqEvent_BatmobileFailedToRoute                        - Instance: 0x05EA29DC
Class: RRbStealthTakeDownStage_WaitForBatmanBase               - Instance: 0x05EBA6F4
Class: RSeqEvent_RobinAndBatmanTakedown                        - Instance: 0x05EBAC90
Class: RVehicleBehaviour_BatmanOnRoof                          - Instance: 0x05EBC8B4
Class: RSeqAct_MostWantedUpdate                                - Instance: 0x05EBD124
Class: RSeqAct_CodeDrivenThought                               - Instance: 0x05EBD7CC
Class: RSavedMove                                              - Instance: 0x05EC72C4
Class: RSeqAct_ComboValueReached                               - Instance: 0x05EC78F8
Class: RSeqEvent_EnvironmentTakedown                           - Instance: 0x05ED7FEC
Class: RSeqEvent_HitByFlashBang                                - Instance: 0x05EEDB50
Class: RSeqEvent_FlashBangMultiHit                             - Instance: 0x05EEE0C8
Class: RPointLightEnvironment                                  - Instance: 0x05EFA91C
Class: RPopulationDistrictVolume                               - Instance: 0x05EFB510
Class: RSeqAct_PauseRestartRandomPopulation                    - Instance: 0x05F0A034
Class: RSeqEvent_MostWantedApcSpawned                          - Instance: 0x05F12A54
Class: RSeqAct_SetBatmobileAvailabilityForDistrict             - Instance: 0x05F18E10
Class: RSeqAct_ModifyRandomPopulation                          - Instance: 0x05F194DC
Class: RSeqEvent_MostWantedApcDestroyed                        - Instance: 0x05F1A9F8
Class: RSeqEvent_DistrictClearedOfDrones                       - Instance: 0x05F2A780
Class: RPostFleePoint                                          - Instance: 0x05F2C268
Class: RPredator_Tannoy                                        - Instance: 0x05F2F95C
Class: RSeqEvent_GunLockerKnockedThugOut                       - Instance: 0x05F31C14
Class: RSeqEvent_RemoteControl                                 - Instance: 0x05F34CD4
Class: RPredHostageFleePoint_Cower                             - Instance: 0x05F3AD88
Class: RProjectile_RiddlerMech                                 - Instance: 0x05F3FCAC
Class: RPrototank_Base                                         - Instance: 0x05F414D0
Class: RPulleyActor                                            - Instance: 0x05F4477C
Class: RRadioCWViewPostProcess                                 - Instance: 0x05F45640
Class: RRadioNWViewPostProcess                                 - Instance: 0x05F45AB0
Class: RSeqEvent_PredatorTarget                                - Instance: 0x05F536F8
Class: RSeqEvent_TakedownBegun                                 - Instance: 0x05F5393C
Class: RSeqEvent_FearTakedown                                  - Instance: 0x05F56BAC
Class: RSeqEvent_LedgeFearTakedown                             - Instance: 0x05F56DF0
Class: RSeqEvent_LineLauncherTakedown                          - Instance: 0x05F57034
Class: RSeqEvent_TakedownFromAbove                             - Instance: 0x05F57278
Class: RSeqEvent_SilentTakedown                                - Instance: 0x05F574BC
Class: RSeqEvent_SnaredTakedown                                - Instance: 0x05F57AF8
Class: RSeqEvent_IceSmashTakeDown                              - Instance: 0x05F58070
Class: RStartlePoint_Bank                                      - Instance: 0x05F648C0
Class: RSeqEvent_RemoteSwitch                                  - Instance: 0x05F651B4
Class: RSeqAct_ToggleRemoteSwitchUsable                        - Instance: 0x05F658D8
Class: RSeqAct_RestrictRHDTargets                              - Instance: 0x05F7AE1C
Class: RRiddleProjectedQuestionMark                            - Instance: 0x05F8A85C
Class: RSeqAct_BeginCarryJokerThugBase                         - Instance: 0x05FAB768
Class: RRocketLauncherEdgeRenderingComponent                   - Instance: 0x05FB40D4
Class: RRocketMineTargetBase                                   - Instance: 0x05FB453C
Class: RRope2DirectConnectPhysicsUpdater                       - Instance: 0x05FB99C8
Class: RScanSolution                                           - Instance: 0x05FC4550
Class: RUninformedTreeEndPathWrapper                           - Instance: 0x05FC6968
Class: RSpecialMoveInstance_TakedownSentryGunBase              - Instance: 0x05FDC740
Class: RSeqEvent_SentryGunTakenDown                            - Instance: 0x05FDE3C0
Class: RSeqEvent_DynamicallyDeployedSentryGunDestroyed         - Instance: 0x05FDE604
Class: RSeqEvent_SentryGunTakenDownWhileBlinded                - Instance: 0x05FDE848
Class: RSeqEvent_SentryGunDamagedPlayer                        - Instance: 0x05FDFCFC
Class: RSeqEvent_SentryGunDeployed                             - Instance: 0x05FE0F84
Class: RSeqAct_ActivateTunnelGrate                             - Instance: 0x05FE9ED8
Class: RSeqAct_AddOrRemovePersistentHudTarget                  - Instance: 0x05FEB094
Class: RSeqAct_AimPawn                                         - Instance: 0x05FEDCAC
Class: RSeqAct_SetPhysicsVelocity                              - Instance: 0x05FEE884
Class: RSeqAct_AimPhysicsVelocity                              - Instance: 0x05FEF5A0
Class: RSeqAct_AllowFakeTakedown                               - Instance: 0x05FF2C30
Class: RSeqAct_ApplyForceToUnfixedBones                        - Instance: 0x05FF31CC
Class: RSeqAct_ArePawnsInSmoke                                 - Instance: 0x05FF3D54
Class: RSeqAct_AreSnipersActive                                - Instance: 0x05FF4564
Class: RSeqAct_AssignHostageToSeePlayerVol                     - Instance: 0x05FF5200
Class: RSeqAct_AssociateMovingBlocksWithTiltVolume             - Instance: 0x05FF57B0
Class: RSeqAct_AttachDetachPlayerInteractions                  - Instance: 0x05FF608C
Class: RSeqAct_AttachPawnToAudioPointController                - Instance: 0x05FF66D0
Class: RSeqAct_AttachRopeToActor                               - Instance: 0x05FF6A74
Class: RSeqAct_AudioWhiteOut                                   - Instance: 0x05FF7F58
Class: RSeqAct_BankMoneyControllerBase                         - Instance: 0x05FFC8E8
Class: RSeqAct_BankXP                                          - Instance: 0x05FFD4CC
Class: RSeqAct_BatFlock                                        - Instance: 0x05FFD934
Class: RSeqAct_BatSpawner                                      - Instance: 0x06002018
Class: RSeqAct_BossHudBase                                     - Instance: 0x0600F588
Class: RSeqAct_CameraLookAt                                    - Instance: 0x0601012C
Class: RSeqAct_CanPlayCombatBark                               - Instance: 0x060125A0
Class: RSeqAct_CanSeePawn                                      - Instance: 0x06012BFC
Class: RSeqAct_CanStartConversation                            - Instance: 0x060145AC
Class: RSeqAct_ChangeCape                                      - Instance: 0x060157E0
Class: RSeqAct_ChangeWaterFlow                                 - Instance: 0x060164E4
Class: RSeqAct_ChangeWind                                      - Instance: 0x060172E8
Class: RSeqAct_TakeoverVideoScreenVisibleBase                  - Instance: 0x0601F4C4
Class: RSeqAct_CheckPredatorAttackState                        - Instance: 0x0601FCB0
Class: RSeqAct_CinematicSetForensicMode                        - Instance: 0x06022B08
Class: RSeqAct_ClearAllSmokeScreens                            - Instance: 0x06023164
Class: RSeqAct_CommandBeaconToggle                             - Instance: 0x060254F4
Class: RSeqAct_CompletedBatcaveWithBeatdowns                   - Instance: 0x06025A00
Class: RSeqAct_CompletedSilentKnightWithKnockoutSmashes        - Instance: 0x060260D8
Class: RSeqAct_CountEventsInPeriod                             - Instance: 0x060267B0
Class: RSeqAct_DestroyCombatWeaponPickups                      - Instance: 0x060283CC
Class: RSeqAct_DialogueActive                                  - Instance: 0x06028834
Class: RSeqAct_DisableAutoJump                                 - Instance: 0x06028BF0
Class: RSeqAct_DisableCombatBarksOnCurrentThugs                - Instance: 0x06029190
Class: RSeqAct_DisableCombatIfFarFromThugs                     - Instance: 0x060299B4
Class: RSeqAct_DisableCombatLock                               - Instance: 0x06029F74
Class: RSeqAct_DisableEnemyAttacks                             - Instance: 0x0602A9E8
Class: RSeqAct_DisableTakedowns                                - Instance: 0x0602AE50
Class: RSeqAct_DisableVoiceSynthesiserOnIdleConfigThug         - Instance: 0x0602B410
Class: RSeqAct_DrainJammerGadget                               - Instance: 0x0602D36C
Class: RSeqAct_DuckDialogue                                    - Instance: 0x0602D92C
Class: RSeqAct_EndPredIdleConfigSpeech                         - Instance: 0x0602F894
Class: RSeqAct_ExitVehicleWithAnim                             - Instance: 0x06030824
Class: RSeqAct_ExplodeFractureWall                             - Instance: 0x06031180
Class: RSeqAct_FindMostAwareThug                               - Instance: 0x06033868
Class: RSeqAct_FireflyHud                                      - Instance: 0x06037280
Class: RSeqAct_FireflySpawnChecker                             - Instance: 0x06037AF0
Class: RSeqAct_ForceCombatCamera                               - Instance: 0x0603A5BC
Class: RSeqAct_ForceJokerBillboards                            - Instance: 0x0603B258
Class: RSeqAct_GameActionPerformedWithTarget                   - Instance: 0x0603E1A0
Class: RSeqAct_GetCameraStatus                                 - Instance: 0x0603EA9C
Class: RSeqAct_GetComboMultiplier                              - Instance: 0x0603F0F8
Class: RSeqAct_GetCurrentAPC                                   - Instance: 0x0603F5F8
Class: RSeqAct_GetCurrentTankPopulation                        - Instance: 0x0603FAF4
Class: RSeqAct_GetNotifyTime                                   - Instance: 0x0603FFF4
Class: RSeqAct_GetNumberOfWeapons                              - Instance: 0x06040784
Class: RSeqAct_GetThreatLevel                                  - Instance: 0x06041FD0
Class: RSeqAct_GetVelocityVector                               - Instance: 0x0604260C
Class: RSeqAct_GiveWeapon                                      - Instance: 0x06042EE0
Class: RSeqAct_HasVillainRecently                              - Instance: 0x06043BF4
Class: RSpecialMoveConfig_SlideToCover                         - Instance: 0x06047300
Class: RSeqAct_HudExtensionControl                             - Instance: 0x06048268
Class: RSeqAct_InCinematicMode                                 - Instance: 0x0604AC7C
Class: RSeqAct_InDialogue                                      - Instance: 0x0604B0E4
Class: RSeqAct_IsBatmobileDrifting                             - Instance: 0x0604CA08
Class: RSeqAct_IsBehindMe                                      - Instance: 0x0604D480
Class: RSeqAct_IsDefaultPlayerSkin                             - Instance: 0x0604DAC4
Class: RSeqAct_IsFirecrewDialogueAllowed                       - Instance: 0x0604E128
Class: RSeqAct_IsInCombo                                       - Instance: 0x0604E9F4
Class: RSeqAct_IsThugAbleToAct                                 - Instance: 0x0604EEF8
Class: RSeqAct_KillPawnsInVolume                               - Instance: 0x06052EA0
Class: RSeqAct_LoadCapeAnims                                   - Instance: 0x060540E4
Class: RSeqAct_LoadConversation                                - Instance: 0x06054AF0
Class: RSeqAct_LockDown                                        - Instance: 0x060551D0
Class: RSeqAct_MagneticBlastResetPlayer                        - Instance: 0x06055574
Class: RSeqAct_MuseumBoothActivated                            - Instance: 0x0605EDF0
Class: RSeqAct_NewCombatMusic                                  - Instance: 0x0605F2FC
Class: RSeqAct_Objective                                       - Instance: 0x0605F6B8
Class: RSeqAct_OverrideHudPrompt                               - Instance: 0x06063484
Class: RSeqAct_OverrideTargetPlayerCombat                      - Instance: 0x060641CC
Class: RSeqAct_OverrideWalkCamera                              - Instance: 0x06064A0C
Class: RSeqAct_PlayAnimOnMesh                                  - Instance: 0x06066328
Class: RSeqAct_Player2DDistanceCheck                           - Instance: 0x0606D6D0
Class: RSeqAct_PlayerInFinalBlowCam                            - Instance: 0x0606E57C
Class: RSeqAct_PlayPADialogue                                  - Instance: 0x06070210
Class: RSeqAct_PlayRandomLine                                  - Instance: 0x06070850
Class: RSeqAct_PlayRefConversation                             - Instance: 0x06070C0C
Class: RSeqAct_PlaySpeechCombined                              - Instance: 0x06070FC8
Class: RSeqAct_PutBatmanInCover                                - Instance: 0x060720B8
Class: RSeqAct_ReduceCombatBarkFrequency                       - Instance: 0x060732A8
Class: RSeqAct_RemoveGrate                                     - Instance: 0x06073DB4
Class: RSeqAct_RepairFractureWall                              - Instance: 0x060748AC
Class: RSeqAct_ResonatorLookAt                                 - Instance: 0x06074E44
Class: RSeqAct_RestoreHealth                                   - Instance: 0x060762F8
Class: RSeqAct_RestoreVibrationStateForDeathMovie              - Instance: 0x06076928
Class: RSeqAct_RestrictVoiceSynthesiserTargets                 - Instance: 0x06077EA4
Class: RSeqAct_RiddlerBillboardExternalControl                 - Instance: 0x06078B7C
Class: RSeqAct_SaveGameStartPoint                              - Instance: 0x06079AC0
Class: RSeqAct_SecretsLeft                                     - Instance: 0x0607A7A4
Class: RSeqAct_SendToGuardPoint                                - Instance: 0x0607AC0C
Class: RSeqAct_SetAIAwareness                                  - Instance: 0x0607B1BC
Class: RSeqAct_SetAICanAttack                                  - Instance: 0x0607B6C0
Class: RSeqAct_SetAICollision                                  - Instance: 0x0607BB28
Class: RSeqAct_SetAllowedAttacks                               - Instance: 0x0607C2A8
Class: RSeqAct_SetAPCDistrictSpawnPoints                       - Instance: 0x0607D10C
Class: RSeqAct_SetAPCSideStoryPopulation                       - Instance: 0x0607E960
Class: RSeqAct_SetBatarangParams                               - Instance: 0x0607EE00
Class: RSeqAct_SetBrainScriptImportance                        - Instance: 0x06080A3C
Class: RSeqAct_SetChaseInProgress                              - Instance: 0x06081084
Class: RSeqAct_SetCombatParams                                 - Instance: 0x060816C0
Class: RSeqAct_SetCombatParamsForPawns                         - Instance: 0x060828A0
Class: RSeqAct_SetCurrentGadget                                - Instance: 0x06083304
Class: RSeqAct_SetDialogueMaxLines                             - Instance: 0x06083958
Class: RSeqAct_SetDifficultyChapter                            - Instance: 0x06083D14
Class: RSeqAct_SetDynamicPopulationSpawning                    - Instance: 0x060844A0
Class: RSeqAct_SetExtendableHudVisibility                      - Instance: 0x06084C44
Class: RSeqAct_SetGrateAllowTakedownOnly                       - Instance: 0x060856B8
Class: RSeqAct_SetJokerBillboardFrequency                      - Instance: 0x06085F2C
Class: RSeqAct_SetJokerTannoyState                             - Instance: 0x06086BA4
Class: RSeqAct_SetMaxCombatPawns                               - Instance: 0x06087208
Class: RSeqAct_SetMedicRevivesRemaining                        - Instance: 0x06087708
Class: RSeqAct_SetMedicToPrioritiseReviving                    - Instance: 0x06087CAC
Class: RSeqAct_SetNinjaCounters                                - Instance: 0x06088A24
Class: RSeqAct_SetNinjaDespawn                                 - Instance: 0x06089080
Class: RSeqAct_SetPawnHealthMultiplier                         - Instance: 0x060896DC
Class: RSeqAct_SetPopulationVolumeState                        - Instance: 0x0608A1C0
Class: RSeqAct_SetRandomRiotPopulation                         - Instance: 0x0608A8A8
Class: RSeqAct_SetRandomVehicleFormationsForPopulation         - Instance: 0x0608AD48
Class: RSeqAct_SetRandomVehiclePopulation                      - Instance: 0x0608B1E8
Class: RSeqAct_SetResonatorDifficulty                          - Instance: 0x0608B688
Class: RSeqAct_SetSimultaneousCounters                         - Instance: 0x0608C62C
Class: RSeqAct_SetThugBarkState                                - Instance: 0x0608D200
Class: RSeqAct_SetVehicleNPCWeaponScripted                     - Instance: 0x0608FE44
Class: RSeqAct_SetVisionCone                                   - Instance: 0x060905C4
Class: RSeqAct_SlowMo                                          - Instance: 0x06092F90
Class: RSeqAct_SmashablePropChange                             - Instance: 0x060939D8
Class: RSeqAct_StartCounterTutorial                            - Instance: 0x0609C5C0
Class: RSeqAct_StopCasualtyBeeps                               - Instance: 0x0609E5C0
Class: RSeqAct_StunPlayer                                      - Instance: 0x0609F3A8
Class: RSeqAct_SuppressFinalBlow                               - Instance: 0x060A032C
Class: RSeqAct_SuppressTalkTo                                  - Instance: 0x060A0BEC
Class: RSeqAct_SwitchDualPlayerCharacter                       - Instance: 0x060A1A3C
Class: RSeqAct_TacticianControl                                - Instance: 0x060A3930
Class: RSeqAct_ThugKnownAs                                     - Instance: 0x060A5920
Class: RSeqAct_ToggleDetectiveModeDetector                     - Instance: 0x060A5FA4
Class: RSeqAct_ToggleIdleAim                                   - Instance: 0x060A6610
Class: RSeqAct_ToggleRoadLinkAlt                               - Instance: 0x060A6F00
Class: RSeqAct_ToggleValidVoiceSynthesiserTarget               - Instance: 0x060A87B8
Class: RSeqAct_ToggleWeaponVisibility                          - Instance: 0x060A8B5C
Class: RSeqAct_TriggerDeathHint                                - Instance: 0x060A9068
Class: RSeqAct_TriggerExecute                                  - Instance: 0x060A96C4
Class: RSeqAct_TriggerGunStartle                               - Instance: 0x060A9C64
Class: RSeqAct_TriggerLightning                                - Instance: 0x060AA170
Class: RSeqAct_TriggerOnce                                     - Instance: 0x060AA858
Class: RSeqAct_TriggerSpecialMoveInDirection                   - Instance: 0x060ABCB0
Class: RSeqAct_UnduckDialogue                                  - Instance: 0x060AE9EC
Class: RSeqAct_UpdatePlayerSkin                                - Instance: 0x060B0358
Class: RSeqAct_UpdateTurret                                    - Instance: 0x060B0A60
Class: RSeqAct_VehicleDriveRoute                               - Instance: 0x060B18EC
Class: RSeqAct_VehicleForceAudioSuspend                        - Instance: 0x060B79A8
Class: RSeqAct_WaitAllPawnsToBeDead                            - Instance: 0x060B8494
Class: RSeqAct_WaitForCutscenesToFinish                        - Instance: 0x060B9A1C
Class: RSeqAct_WaitForLevelLoadComplete                        - Instance: 0x060BA518
Class: RSeqAct_WhichCharacterAmI                               - Instance: 0x060BACB8
Class: RSeqCond_AreSideStoriesDisabled                         - Instance: 0x060BB56C
Class: RSeqCond_InLevel                                        - Instance: 0x060BB9B8
Class: RSeqCond_LevelLoaded                                    - Instance: 0x060BC310
Class: RSeqEvent_3GelWallsUsedForTakedowns                     - Instance: 0x060BCCC4
Class: RSeqEvent_AboutToBeRescued                              - Instance: 0x060BD32C
Class: RSeqEvent_AirshipTiltVolumeHardened                     - Instance: 0x060BD6EC
Class: RSeqEvent_BagCarrierPointUsed                           - Instance: 0x060BDC28
Class: RSeqEvent_BreakablePropDamage                           - Instance: 0x060BF194
Class: RSeqEvent_CaltropedThugOnLadder                         - Instance: 0x060BFC60
Class: RSeqEvent_CustomVoiceSynth                              - Instance: 0x060C1E84
Class: RSeqEvent_CustomVoiceSynthProhibited                    - Instance: 0x060C2244
Class: RSeqEvent_DoorHitByREC                                  - Instance: 0x060C389C
Class: RSeqEvent_DroneGrapplePointFound                        - Instance: 0x060C40AC
Class: RSeqEvent_ElectroBlastBigDrop                           - Instance: 0x060C4C20
Class: RSeqEvent_ElectroBlastHit                               - Instance: 0x060C4FE0
Class: RSeqEvent_FallingTakeDown                               - Instance: 0x060C6D54
Class: RSeqEvent_FinishedGooing                                - Instance: 0x060C7758
Class: RSeqEvent_Firefly                                       - Instance: 0x060C7DEC
Class: RSeqEvent_FirstRiddlerTrophyCollected                   - Instance: 0x060C8250
Class: RSeqEvent_GooAnimationStarted                           - Instance: 0x060C932C
Class: RSeqEvent_GunLockerAlarmOff                             - Instance: 0x060C9CB8
Class: RSeqEvent_GunLockerAlarmOn                              - Instance: 0x060CA078
Class: RSeqEvent_HarpoonWall                                   - Instance: 0x060CA70C
Class: RSeqEvent_HostageTakerHeardGadget                       - Instance: 0x060CB728
Class: RSeqEvent_JokerAnnouncedTakedown                        - Instance: 0x060CCC34
Class: RSeqEvent_MadHatterChaseFinished                        - Instance: 0x060CE908
Class: RSeqEvent_MagneticMesh                                  - Instance: 0x060CFC60
Class: RSeqEvent_MayhemModeChanged                             - Instance: 0x060D089C
Class: RSeqEvent_MedicKOedBySnapFlash                          - Instance: 0x060D0DB4
Class: RSeqEvent_NightwingTripleKnockdown                      - Instance: 0x060D1898
Class: RSeqEvent_PenguinVanSpawned                             - Instance: 0x060D29A0
Class: RSeqEvent_PredatorDroneDisabled                         - Instance: 0x060D3458
Class: RSeqEvent_RedHoodShotUnawareThug                        - Instance: 0x060D3DE4
Class: RSeqEvent_SetMatineeController                          - Instance: 0x060D8388
Class: RSeqEvent_SnapFlashedAStunnedThug                       - Instance: 0x060D94B8
Class: RSeqEvent_TakedownBeepStarted                           - Instance: 0x060DC168
Class: RSeqEvent_TakedownChainHitMedicJammerAndCamo            - Instance: 0x060DC7FC
Class: RSeqEvent_TakedownFront                                 - Instance: 0x060DCD48
Class: RSeqEvent_TankHitByIneffectiveAttack                    - Instance: 0x060DD4F4
Class: RSeqEvent_TurretEvent                                   - Instance: 0x060DEE6C
Class: RSeqEvent_VoiceSynthTargetted                           - Instance: 0x060DFACC
Class: RSeqEvent_VoiceSynthToTripleFearTakedown                - Instance: 0x060DFE8C
Class: RSlideVolume                                            - Instance: 0x060EE4F8
Class: RSpecialMoveConfig_ActivePoseTransition                 - Instance: 0x060F27D8
Class: RSpecialMoveInstance_ActivePoseTransition               - Instance: 0x060F328C
Class: RSpecialMoveConfig_ActivePoseTransitionWithOffset       - Instance: 0x060F34D0
Class: RSpecialMoveConfig_AdditiveAnim                         - Instance: 0x060F3D38
Class: RSpecialMoveConfig_AlignedPoseTransition                - Instance: 0x060F4AB4
Class: RSpecialMoveInstance_AlignedPoseTransition              - Instance: 0x060F5088
Class: RSpecialMoveConfig_AnimMove                             - Instance: 0x060F52CC
Class: RSpecialMoveInstance_AnimMove                           - Instance: 0x060F5B6C
Class: RSpecialMoveInstance_CapeBreakFall                      - Instance: 0x060F6AE4
Class: RSpecialMoveConfig_CatchLedge                           - Instance: 0x060F6D28
Class: RSpecialMoveConfig_ChuteToCrawlSpace                    - Instance: 0x060F7448
Class: RSpecialMoveConfig_ChuteToCrawlSpaceDLC                 - Instance: 0x060F8440
Class: RSpecialMoveInstance_ChuteToCrawlSpaceDLC               - Instance: 0x060F8924
Class: RSpecialMoveConfig_CrawlSpaceToChute                    - Instance: 0x060F8B68
Class: RSpecialMoveConfig_DisableSuperHeavyTankShield          - Instance: 0x060F9334
Class: RSpecialMoveInstance_DisableSuperHeavyTankShield        - Instance: 0x060F9740
Class: RSpecialMoveConfig_DiveOverRailing                      - Instance: 0x060F9984
Class: RSpecialMoveConfig_DiveSwingToGlide                     - Instance: 0x060F9FC4
Class: RSpecialMoveInstance_DiveSwingToGlide                   - Instance: 0x060FA500
Class: RSpecialMoveConfig_DoubleTeamVantageEscape              - Instance: 0x060FA744
Class: RSpecialMoveInstance_DoubleTeamVantageEscape            - Instance: 0x060FAB50
Class: RSpecialMoveConfig_DriveCar                             - Instance: 0x060FAD94
Class: RSpecialMoveConfig_EjectIntoFirefly                     - Instance: 0x060FB434
Class: RSpecialMoveConfig_Falling                              - Instance: 0x060FC140
Class: RSpecialMoveConfig_FireBatClaw                          - Instance: 0x060FC514
Class: RSpecialMoveConfig_FloorGrateFar                        - Instance: 0x060FCC2C
Class: RSpecialMoveConfig_FloorGrateFarCw                      - Instance: 0x060FD340
Class: RSpecialMoveInstance_FloorGrateFarCw                    - Instance: 0x060FD770
Class: RSpecialMoveConfig_GlideWallStick                       - Instance: 0x060FD9B4
Class: RSpecialMoveConfig_GrateToPerchLedge                    - Instance: 0x060FDFA4
Class: RSpecialMoveInstance_GrateToPerchLedge                  - Instance: 0x060FE584
Class: RSpecialMoveConfig_HarpoonDragObject                    - Instance: 0x060FE7C8
Class: RSpecialMoveConfig_HarpoonDragTrigger                   - Instance: 0x060FF2C0
Class: RSpecialMoveInstance_HarpoonDragTrigger                 - Instance: 0x060FF6DC
Class: RSpecialMoveConfig_HarpoonFail                          - Instance: 0x060FF920
Class: RSpecialMoveInstance_HarpoonFail                        - Instance: 0x060FFCF4
Class: RSpecialMoveConfig_HarpoonThug                          - Instance: 0x060FFF38
Class: RSpecialMoveConfig_HarpoonGlideKick                     - Instance: 0x06100D30
Class: RSpecialMoveInstance_HarpoonGlideKick                   - Instance: 0x061011F8
Class: RSpecialMoveConfig_HoldLedge                            - Instance: 0x0610143C
Class: RSpecialMoveInstance_HoldLedge                          - Instance: 0x06101CA8
Class: RSpecialMoveConfig_JumpToPerchLedge                     - Instance: 0x06102B94
Class: RSpecialMoveInstance_JumpToPerchLedge                   - Instance: 0x06103348
Class: RSpecialMoveConfig_LedgeShimmy                          - Instance: 0x0610358C
Class: RSpecialMoveInstance_LedgeShimmy                        - Instance: 0x06103998
Class: RSpecialMoveConfig_LineLauncher                         - Instance: 0x06103BDC
Class: RSpecialMoveConfig_LineLauncherFlipAndAim               - Instance: 0x06106E24
Class: RSpecialMoveConfig_LineLauncherRescueFinish             - Instance: 0x06107294
Class: RSpecialMoveInstance_LineLauncherRescueFinish           - Instance: 0x061077E0
Class: RSpecialMoveConfig_LineLauncherTakedownFinish           - Instance: 0x06107A24
Class: RSpecialMoveInstance_LineLauncherTakedownFinish         - Instance: 0x06108014
Class: RSpecialMoveInstance_MagnetiseObject                    - Instance: 0x06108660
Class: RSpecialMoveConfig_OmnitronPasswordCracking             - Instance: 0x061088A4
Class: RSpecialMoveConfig_OmnitronRemoteControl                - Instance: 0x061093A8
Class: RSpecialMoveConfig_PerchLedgeToGrate                    - Instance: 0x061099DC
Class: RSpecialMoveInstance_PerchLedgeToGrate                  - Instance: 0x06109DE8
Class: RSpecialMoveConfig_PullDriverFromCar                    - Instance: 0x0610A5DC
Class: RSpecialMoveInstance_PullDriverFromCar                  - Instance: 0x0610AE3C
Class: RSpecialMoveConfig_RelativeAnimMoveSkippable            - Instance: 0x0610B080
Class: RSpecialMoveInstance_RelativeAnimMoveSkippable          - Instance: 0x0610B524
Class: RSpecialMoveConfig_RelativeIdle                         - Instance: 0x0610B768
Class: RSpecialMoveInstance_RelativeIdle                       - Instance: 0x0610C94C
Class: RSpecialMoveConfig_ResonateObject                       - Instance: 0x0610CB90
Class: RSpecialMoveConfig_Shimmy                               - Instance: 0x0610D868
Class: RSpecialMoveConfig_Slide                                - Instance: 0x0610E3A4
Class: RSpecialMoveConfig_SmokeBombGrapple                     - Instance: 0x0610F2B0
Class: RSpecialMoveInstance_SmokeBombGrapple                   - Instance: 0x0610F8C4
Class: RSpecialMoveConfig_SwingToChutePoint                    - Instance: 0x06110B48
Class: RSpecialMoveInstance_SwingToChutePoint                  - Instance: 0x06111068
Class: RSpecialMoveConfig_SwingToGlide                         - Instance: 0x061112AC
Class: RSpecialMoveInstance_SwingToGlide                       - Instance: 0x06111728
Class: RSpecialMoveConfig_SwingToLedge                         - Instance: 0x0611196C
Class: RSpecialMoveConfig_VantageGrapple                       - Instance: 0x06111F1C
Class: RSpecialMoveInstance_VantageGrapple                     - Instance: 0x06112328
Class: RSpecialMoveConfig_WhipRappel_Batman                    - Instance: 0x0611256C
Class: RSpecialMoveInstance_WhipRappel_Batman                  - Instance: 0x06112C54
Class: RSpecialMoveConfig_WhipRappel_Catwoman                  - Instance: 0x06112E98
Class: RSpecialMoveInstance_WhipRappel_Catwoman                - Instance: 0x06114060
Class: RSpecialMoveInstance_AdditiveAnim                       - Instance: 0x06115288
Class: RStringUpRope                                           - Instance: 0x0614948C
Class: RSwingingDirectorCamera                                 - Instance: 0x0618E4B0
Class: RStartlePointTargetVolume                               - Instance: 0x0619A090
Class: RStartlePoint_TwoFaceDLC                                - Instance: 0x0619BDA0
Class: RStationaryTutorialPoint                                - Instance: 0x0619E64C
Class: RStealthTakeDownStage_ChainTakedown_CombatTakedownStart - Instance: 0x061A3B2C
Class: RStealthTakeDownStage_ChainTakedown_GlassFinish         - Instance: 0x061A5568
Class: RStealthTakeDownStage_ChainTakedown_DropThroughCeilingGrateFinish - Instance: 0x061A664C
Class: RStealthTakedownStage_ChainTakedown_DropToGrab          - Instance: 0x061A7624
Class: RStealthTakeDownStage_ChainTakedown_GlassAttack         - Instance: 0x061AA07C
Class: RStealthTakeDownStage_ChainTakedown_GlassAttack_Rb      - Instance: 0x061AAAB0
Class: RStealthTakedownStage_ChainTakedown_GlideStart          - Instance: 0x061AB384
Class: RStealthTakeDownStage_ChainTakedown_GrabFromGargoyleHangStart - Instance: 0x061ABCFC
Class: RStealthTakedownStage_ChainTakedown_GrateFinish         - Instance: 0x061ACED8
Class: RStealthTakedownStage_ChainTakedown_GrateStart          - Instance: 0x061ADD94
Class: RStealthTakeDownStage_ChainTakedown_HopOffLedgeStart    - Instance: 0x061AEA68
Class: RStealthTakedownStage_ChainTakedown_IceSmash            - Instance: 0x061AFC3C
Class: RStealthTakedownStage_ChainTakedown_LedgeHangDropToGrab - Instance: 0x061B0840
Class: RStealthTakeDownStage_ChainTakedown_LedgeHangRailingStart - Instance: 0x061B1450
Class: RStealthTakedownStage_ChainTakedown_LedgeHangNoRailingStart - Instance: 0x061B2060
Class: RStealthTakedownStage_ChainTakedown_Loop                - Instance: 0x061B29D8
Class: RStealthTakeDownStage_ChainTakedown_ReverseChoke        - Instance: 0x061B3CE4
Class: RStealthTakedownStage_ChainTakedown_StandStart          - Instance: 0x061B51B0
Class: RStealthTakedownStage_ChainTakedown_VentAttack          - Instance: 0x061B5BEC
Class: RStealthTakedownStage_ChainTakedown_WeakWall            - Instance: 0x061B6CCC
Class: RStealthTakedownStage_CornerTakedown                    - Instance: 0x061BCDE0
Class: RStealthTakeDownStage_CornerTakedownSuccess             - Instance: 0x061BFAEC
Class: RStealthTakeDownStageDoubleBase                         - Instance: 0x061C0798
Class: RStealthTakeDownStage_DoubleGrabFromHang                - Instance: 0x061C1A68
Class: RStealthTakeDownStage_DoubleHangingFearFinish           - Instance: 0x061C38B0
Class: RStealthTakeDownStage_DoubleHead                        - Instance: 0x061C5B50
Class: RStealthTakeDownStage_DoubleHeadRb                      - Instance: 0x061C7698
Class: RStealthTakeDownStage_DoubleLedgeAttack                 - Instance: 0x061C802C
Class: RStealthTakedownStage_ExplosiveVestStanding             - Instance: 0x061CF8D0
Class: RStealthTakeDownStage_FallingTakeDown_Minigun           - Instance: 0x061D2398
Class: RStealthTakeDownStage_FallingTakeDown_MultiStage        - Instance: 0x061D3240
Class: RStealthTakeDownStage_FromAbove                         - Instance: 0x061D3EFC
Class: RStealthTakeDownStage_FromAboveEnd                      - Instance: 0x061D5548
Class: RStealthTakeDownStage_GlassWallAttack                   - Instance: 0x061D71DC
Class: RStealthTakedownStage_GrabFromGlide                     - Instance: 0x061DDA64
Class: RStealthTakeDownStage_HopOffLedgeStart                  - Instance: 0x061E33DC
Class: RStealthTakedownStage_IceSmash                          - Instance: 0x061E4580
Class: RStealthTakeDownStage_LedgeAttackNw                     - Instance: 0x061E6C04
Class: RStealthTakeDownStage_LedgeAttackRb                     - Instance: 0x061E7574
Class: RStealthTakedownStage_LedgeHangDropToGrab               - Instance: 0x061E7EE4
Class: RStealthTakedownStage_RailingTakedown                   - Instance: 0x061ED784
Class: RStealthTakeDownStage_StandingFearFinish                - Instance: 0x061F1EA4
Class: RStealthTakeDownStage_StandingSilentFinish              - Instance: 0x061F2768
Class: RStealthTakeDownStage_TeleportGrateAttack               - Instance: 0x061F302C
Class: RStealthTakedownStage_TunnelGrateGrab                   - Instance: 0x061F4344
Class: RStealthTakedownStage_VentAttack                        - Instance: 0x061F58BC
Class: RSuperComboPostProcess                                  - Instance: 0x061FB114
Class: RSwarmerMissileProjectile                               - Instance: 0x061FBCAC
Class: RTemperatureViewPostProcess                             - Instance: 0x0620B808
Class: RTrailProximityNode                                     - Instance: 0x06221FD0
Class: RTriggerVolumeChokePoint                                - Instance: 0x06222994
Class: RTriggerVolumeMissionBasedDisabled                      - Instance: 0x06223688
Class: RTunnelNetworkWallMarker                                - Instance: 0x06232E44
Class: RTwoFaceTannoy                                          - Instance: 0x06241D30
Class: RVehicleBehaviour_AttackEscortVehicle                   - Instance: 0x0625B750
Class: RVehicleBehaviour_Wander                                - Instance: 0x0625F214
Class: RVehicleBehaviour_Stopping                              - Instance: 0x06262958
Class: RVehicleBehaviour_CarChase                              - Instance: 0x06265D38
Class: RVehicleBehaviour_Chase                                 - Instance: 0x06266BA8
Class: RVehicleBehaviour_ChasingCop                            - Instance: 0x06267DD8
Class: RVehicleBehaviour_CommandTankSearch                     - Instance: 0x062743E4
Class: RVehicleBehaviour_DriveOffAndDespawn                    - Instance: 0x0627AA18
Class: RVehicleBehaviour_DriveToGoalPoint                      - Instance: 0x0627BB0C
Class: RVehicleBehaviour_DriveToGCPD                           - Instance: 0x0627D964
Class: RVehicleBehaviour_DroneHackerSuicide                    - Instance: 0x0627E54C
Class: RVehicleBehaviour_DroppedFromTransport                  - Instance: 0x0627F8D0
Class: RVehicleBehaviour_FlyingDeathSpiral                     - Instance: 0x062802E8
Class: RVehicleBehaviour_FlyingGuard                           - Instance: 0x06280FF0
Class: RVehicleBehaviour_FlyingStrafe                          - Instance: 0x06281FBC
Class: RVehicleBehaviour_FollowRoute                           - Instance: 0x06285A70
Class: RVehicleBehaviour_Idle                                  - Instance: 0x06286B64
Class: RVehicleBehaviour_LightTankFlushOutBatmobile            - Instance: 0x062881C4
Class: RVehicleBehaviour_MonitorPlayer                         - Instance: 0x06288B18
Class: RVehicleBehaviour_PursuitCop                            - Instance: 0x0628943C
Class: RVehicleBehaviour_RangedAttack                          - Instance: 0x0628B330
Class: RVehicleBehaviour_RunAwayCop                            - Instance: 0x0628C00C
Class: RVehicleBehaviour_Uturn                                 - Instance: 0x0628C958
Class: RVehicleBehaviour_TankGuard                             - Instance: 0x06290FBC
Class: RVehicleBehaviour_TurretsDrone                          - Instance: 0x062965A8
Class: RVehicleNavVolume                                       - Instance: 0x062CC338
Class: RWalkerProjectile                                       - Instance: 0x062FB84C
Class: RWeatherAttachedToCameraBase                            - Instance: 0x0630B78C
Class: RWhipRappelVolume                                       - Instance: 0x0630C788
Class: RXPSequence_Teeth                                       - Instance: 0x06316560
Class: RXrayInteractableItem                                   - Instance: 0x06316D88
Class: RXrayInteractableItemMoveable                           - Instance: 0x063176EC
Class: RXrayWire                                               - Instance: 0x0631911C
Class: TriggerVolumeDisabled                                   - Instance: 0x0631B4A8

Processing Package: BmScript

ScriptStruct: SubMapDefault                                    - Instance: 0x06F543CC
ScriptStruct: DialogEntry                                      - Instance: 0x06F545CC
ScriptStruct: PromptEntry                                      - Instance: 0x06F554E4
ScriptStruct: HelicopterHighPriorityTarget                     - Instance: 0x06F886A4
ScriptStruct: chargeInfo                                       - Instance: 0x070518BC
ScriptStruct: GlideOutAnim                                     - Instance: 0x0707EBA0
ScriptStruct: PressurePadMICList                               - Instance: 0x085F7928
ScriptStruct: BestCountArray                                   - Instance: 0x0860E52C
ScriptStruct: droppedBoxInfo                                   - Instance: 0x0861B3F8
ScriptStruct: SS_IconEntry                                     - Instance: 0x08628110
ScriptStruct: YankStage                                        - Instance: 0x08633848
ScriptStruct: StruggleSequence                                 - Instance: 0x08633A48
ScriptStruct: RockRainMapSettings                              - Instance: 0x21D7CC30
ScriptStruct: dialogueTimingInfo                               - Instance: 0x5BB42700
ScriptStruct: ChallengeGoal                                    - Instance: 0xB7C152B0
ScriptStruct: RivalGoalData                                    - Instance: 0xB7C15380
Const: CONST_WAYPOINT_DIST_THRESHOLD                           - Instance: 0x06EB6020
Const: CONST_ASSUMED_MAX_LOOT_SOURCE_DISTANCE                  - Instance: 0x06EBF8EC
Const: CONST_MIN_STAIR_ANGLE_DEG_0                             - Instance: 0x06ECC0BC
Const: CONST_LOOKAHEAD_DIST_2_0                                - Instance: 0x06ECC128
Const: CONST_LOOKAHEAD_DIST_3_0                                - Instance: 0x06ECC194
Const: CONST_kBodySearchRange                                  - Instance: 0x06F26294
Const: CONST_kMaxThrowDist                                     - Instance: 0x06F26300
Const: CONST_kMaxThrowVelocity                                 - Instance: 0x06F2636C
Const: CONST_kMaxThrowHeight                                   - Instance: 0x06F263D8
Const: CONST_MaxYawDeltaDeg                                    - Instance: 0x06F26444
Const: CONST_BlindedFlickerPeriod                              - Instance: 0x06F8846C
Const: CONST_THOUGHT_Z_OFFSET                                  - Instance: 0x06F97030
Const: CONST_SEARCHLIGHT_COUNT                                 - Instance: 0x070321AC
Const: CONST_SEARCHLIGHT_SCAN_DISTANCE                         - Instance: 0x07032218
Const: CONST_SEARCHLIGHT_FAR_VISIBILITY                        - Instance: 0x07032284
Const: CONST_SEARCHLIGHT_LIGHT_RADIUS_INNER                    - Instance: 0x070322F0
Const: CONST_SEARCHLIGHT_LIGHT_RADIUS_OUTER                    - Instance: 0x0703235C
Const: CONST_SEARCHLIGHT_LIGHT_SOCKET                          - Instance: 0x070323C8
Const: CONST_SEARCHLIGHT_WEAPON_SOCKET                         - Instance: 0x07032434
Const: CONST_SEARCHLIGHT_SCAN_INTERPOLATION                    - Instance: 0x070324A0
Const: CONST_SEARCHLIGHT_MOVE_INTERPOLATION                    - Instance: 0x0703250C
Const: CONST_SEARCHLIGHT_COLOR_INTERPOLATION                   - Instance: 0x07032578
Const: CONST_TARGET_REFRESH_LIST_DELAY                         - Instance: 0x070325E4
Const: CONST_TARGET_DEFAULT_VALIDATE_DELAY                     - Instance: 0x07032650
Const: CONST_ATTACK_DISTANCE                                   - Instance: 0x070326BC
Const: CONST_ATTACK_VANTAGE_POINT_MAX_DISTANCE                 - Instance: 0x07032728
Const: CONST_ATTACK_VANTAGE_POINT_MIN_DISTANCE                 - Instance: 0x07032794
Const: CONST_ATTACK_VANTAGE_POINT_DISTANCE                     - Instance: 0x07032800
Const: CONST_ATTACK_VANTAGE_POINT_MAX_HEIGHT                   - Instance: 0x0703286C
Const: CONST_ATTACK_VANTAGE_POINT_MIN_HEIGHT                   - Instance: 0x070328D8
Const: CONST_ATTACK_VANTAGE_POINT_HEIGHT                       - Instance: 0x07032944
Const: CONST_ATTACK_DEFAULT_POWERUP_TIME                       - Instance: 0x070329B0
Const: CONST_ATTACK_DEFAULT_WEAPON_TIME                        - Instance: 0x07032A1C
Const: CONST_ATTACK_LONGER_WEAPON_TIME                         - Instance: 0x07032A88
Const: CONST_ATTACK_EXPIRE_INVISIBLE_TIME                      - Instance: 0x07032AF4
Const: CONST_INVESTIGATE_LOCATION_TIME                         - Instance: 0x07032B60
Const: CONST_MALFUNCTION_MAX_VIBRATE_ANGLE                     - Instance: 0x07032BCC
Const: CONST_CODE_DOWNLOAD_TIME                                - Instance: 0x07032C38
Const: CONST_max_charges                                       - Instance: 0x0705201C
Const: CONST_MAT_LOCKED                                        - Instance: 0x085DD6D4
Const: CONST_MAT_OPEN                                          - Instance: 0x085DD740
Const: CONST_MAT_UNLOCKED                                      - Instance: 0x085DD7AC
Const: CONST_MAX_CHALLENGE_SCORE                               - Instance: 0xB7B73090
Const: CONST_MAX_CHALLENGE_TIME                                - Instance: 0xB7B73020
Enum: EeLootPointInteractDirection                             - Instance: 0x06EB5FB4
Enum: EHeliDialogue                                            - Instance: 0x06F87E78
Enum: EHeliAttackMode                                          - Instance: 0x06F88400
Enum: ELightColour                                             - Instance: 0x06F884D8
Enum: ELightCol                                                - Instance: 0x0701FE58
Enum: ELightColorState                                         - Instance: 0x07031CC0
Enum: ESearchLightTargetMode                                   - Instance: 0x07031D2C
Enum: EMalfunctionSource                                       - Instance: 0x07031D98
Enum: ESS_TriBool                                              - Instance: 0x070742E8
Enum: EPortraitNames                                           - Instance: 0x070770E8
Enum: ESACBCB_OUT_Links                                        - Instance: 0x07078768
Enum: EWhichBatmobileMode                                      - Instance: 0x0861195C
Enum: ESubChapter_0                                            - Instance: 0x08618C24
Enum: ESS_IconControl_Action                                   - Instance: 0x08627F6C
Enum: ESS_LinkIDs                                              - Instance: 0x08629148
Enum: ESS_Query_Action                                         - Instance: 0x086291B4
Enum: EStoryUI                                                 - Instance: 0x0862A648
Enum: EUnlockChallengeAction                                   - Instance: 0x0862C8A0
Enum: ETankDropState                                           - Instance: 0x21684770
Enum: EHelicopterStates                                        - Instance: 0x21686220
Enum: EDSFinaleState                                           - Instance: 0x223EA5A0
Enum: EVehiclePatrolState                                      - Instance: 0x223EA6F0
Enum: EWaypointTrackerPhase                                    - Instance: 0x5547E4C0
Enum: EFFDialogueType                                          - Instance: 0x5B56F870
Enum: EPopUpTypes_0                                            - Instance: 0x9D0E19D0
Enum: EICC_IN_Links                                            - Instance: 0xB7B72FB0
Enum: EICC_OUT_Links                                           - Instance: 0xB7B72F40
Enum: EChallengeHudVariation                                   - Instance: 0xB7B72ED0
Class: RBatarang_Controllable                                  - Instance: 0x06E7D060
Class: RBatarangProjectile_RoundTheBackarang                   - Instance: 0x06E84C4C
Class: RBatarangProjectile_ControllableBm                      - Instance: 0x06E84F70
Class: RBatarangBm                                             - Instance: 0x06E85224
Class: RBatarang_MultiTarget                                   - Instance: 0x06E8700C
Class: RBatarangProjectileBm                                   - Instance: 0x06E893AC
Class: RBatarangProjectile_MultiTarget                         - Instance: 0x06E914E8
Class: RBatarang_Multi_Target_Quick                            - Instance: 0x06E9172C
Class: RBatDistract                                            - Instance: 0x06E9F938
Class: RBatDistractProjectileBm                                - Instance: 0x06EA0E84
Class: RBatDistractProjectile_Detonatable                      - Instance: 0x06EA0C40
Class: RBatmanForensicsDevice                                  - Instance: 0x06EAAC18
Class: RBatmobileRemoteBm                                      - Instance: 0x06EAD05C
Class: RBMAIAction_RiotFollow                                  - Instance: 0x06EB40F8
Class: RBMBehaviour_GangMovementBase                           - Instance: 0x06EB4510
Class: RBMAIAction_RiotRun                                     - Instance: 0x06EB55CC
Class: RBMBehaviour_BagCarrier                                 - Instance: 0x06EB5D70
Class: RBMBehaviour_CityRunAway                                - Instance: 0x06ECC6C8
Class: RBMBehaviour_CityJogAway                                - Instance: 0x06ECCCFC
Class: RBMBehaviour_CombatRobot                                - Instance: 0x06ECE55C
Class: RCombatMove_VillainRobotAttack                          - Instance: 0x06ECEB94
Class: RGangSpectatorPoint                                     - Instance: 0x06ED1A64
Class: RSeqEvent_GangEvent                                     - Instance: 0x06ED1D6C
Class: RRiotObject                                             - Instance: 0x06ED5A70
Class: RBMBehaviour_GangIdleOrGroupAnimationPoint              - Instance: 0x06ED9630
Class: RBMBehaviour_GangSpectatorAnimationPoint                - Instance: 0x06EDCD30
Class: RBMBehaviour_GangFleeAnimationPoint                     - Instance: 0x06EDD514
Class: RBMBehaviour_GangIdleOrGroupAnimationPointWeapon        - Instance: 0x06EDEFDC
Class: RBMBehaviour_GangPickUpObjectPoint                      - Instance: 0x06EE086C
Class: RGangInteractWindow                                     - Instance: 0x06EE1014
Class: RBMBehaviour_GasJoker                                   - Instance: 0x06EE6C80
Class: RBMBehaviour_RiotIdle                                   - Instance: 0x06EE9434
Class: RRiotZoneVolume                                         - Instance: 0x06EE9DD0
Class: RBMCombatPoint_FloorVent                                - Instance: 0x06EEAF98
Class: RFreezeBlastIceSphere                                   - Instance: 0x06EEC2B4
Class: RBMCombatPoint_GunDispenser                             - Instance: 0x06EEE67C
Class: RCombatMove_VillainGunLocker                            - Instance: 0x06EEF938
Class: RBMCombatPoint_GunCrate                                 - Instance: 0x06EF12E8
Class: RBMCombatPoint_LoFuseBox                                - Instance: 0x06EF5EF4
Class: RBMCombatPoint_LoPipes                                  - Instance: 0x06EF95CC
Class: RBMCombatPoint_LoPipesControlBox                        - Instance: 0x06EFA5D8
Class: RBMCombatPoint_LoSpotLight                              - Instance: 0x06EFE22C
Class: RBMCombatThrownObject_DroneRemote                       - Instance: 0x06F01194
Class: RBMCombatThrownObject_PredatorRifle                     - Instance: 0x06F02378
Class: RBMWeaponRiflePredFull                                  - Instance: 0x06F03558
Class: RBmStealthTakedownStage_ChainTakedown_LRRailingTakedown - Instance: 0x06F0379C
Class: RBmStealthTakedownStage_ChainTakedown_LRLedgeTakedown   - Instance: 0x06F04114
Class: RBmStealthTakedownStage_LRLedgeTakedown                 - Instance: 0x06F04A8C
Class: RBmStealthTakedownStage_LRLedgeTakedownSuccess          - Instance: 0x06F053FC
Class: RBmStealthTakedownStage_LRRailingTakedown               - Instance: 0x06F061C8
Class: RBmStealthTakeDownStage_VentAttack                      - Instance: 0x06F086AC
Class: RPawnVillainGunPredAsset                                - Instance: 0x06F09BAC
Class: RPawnVillainGunPredFull                                 - Instance: 0x06F09968
Class: RProjectile_Grenade                                     - Instance: 0x06F0D840
Class: RChallengeModeStartPoint                                - Instance: 0x06F0DC00
Class: RSeqEvent_ChallengeMode                                 - Instance: 0x06F10EDC
Class: RCharacter_MultiStage                                   - Instance: 0x06F1573C
Class: RCharacter_MultiStageMilitia                            - Instance: 0x06F15C08
Class: RCharacter_Robot                                        - Instance: 0x06F15FD4
Class: RCinematicBatman                                        - Instance: 0x06F174BC
Class: RCombatMove_MinigunThugClash                            - Instance: 0x06F1D2AC
Class: RCombatMove_MultiStageChargeAttack                      - Instance: 0x06F1F41C
Class: RCombatMove_MultiStageRepel                             - Instance: 0x06F1F984
Class: RPawnVillainMultiStage                                  - Instance: 0x06F1FECC
Class: RCombatMove_MultiStageShieldAttack                      - Instance: 0x06F20DA8
Class: RCombatMove_VillainStunStickAttack                      - Instance: 0x06F21704
Class: RCombatMove_MultiStageStunStickAttack                   - Instance: 0x06F24634
Class: RCombatMove_MultiStageThrowThugAttack                   - Instance: 0x06F25458
Class: RDisruptorSniperBm                                      - Instance: 0x06F302CC
Class: RDmgType_Flamethrower                                   - Instance: 0x06F35700
Class: RDmgType_PredatorMiniDrone                              - Instance: 0x06F35A20
Class: RExplosiveGooMineBm                                     - Instance: 0x06F35F30
Class: RWaterVolume                                            - Instance: 0x06F37250
Class: RExplosiveGooMine_Combat                                - Instance: 0x06F3C828
Class: RFloatingIceRaft                                        - Instance: 0x06F3E7C8
Class: RFreezeClusterGrenadeBm                                 - Instance: 0x06F41DF4
Class: RFreezeClusterGrenadeProjectileBm                       - Instance: 0x06F455BC
Class: RFreezeClusterTrap                                      - Instance: 0x06F45D04
Class: RFreezeSprayBm                                          - Instance: 0x06F4B058
Class: RFreezeSprayProjectileBm                                - Instance: 0x06F4EEDC
Class: RGangInteractPoint                                      - Instance: 0x06F51168
Class: RGFxMovieBackScreen_Normal                              - Instance: 0x06F54050
Class: RGooSprayBm                                             - Instance: 0x06F72CCC
Class: RGrappleGunBm                                           - Instance: 0x06F78A68
Class: RGrappleProjectileBm                                    - Instance: 0x06F80FA0
Class: RHarpoonGunBm                                           - Instance: 0x06F82358
Class: RHarpoonProjectileBm                                    - Instance: 0x06F82790
Class: RHelicopterHangPoint                                    - Instance: 0x06F8692C
Class: RSeqEvent_HelicopterDialogueTrigger                     - Instance: 0x06F87B9C
Class: RHelicopterIntermediate                                 - Instance: 0x06F881BC
Class: RSeqAct_SpawnDrone                                      - Instance: 0x06F88E58
Class: RHelicopterRocket                                       - Instance: 0x06F9AE8C
Class: RHidePointLineLauncher_RopeComponent                    - Instance: 0x06FA4CCC
Class: RHidePoint_LineLauncherWire                             - Instance: 0x06FA5388
Class: RPawnPlayerBm                                           - Instance: 0x06FA610C
Class: RPawnPlayer_Azrael                                      - Instance: 0x06FA5EC8
Class: RIncendiaryGrenadeCharge                                - Instance: 0x06FA7008
Class: RJammerGadgetBm                                         - Instance: 0x06FA9DDC
Class: RLineLauncherBm                                         - Instance: 0x06FAB4F8
Class: RLineLauncherProjectile                                 - Instance: 0x06FAB894
Class: RMagBlastLight                                          - Instance: 0x06FB02A8
Class: RMagneticBlastBm                                        - Instance: 0x06FB121C
Class: RMagneticBlastReceiverBm                                - Instance: 0x06FB3FE0
Class: RSmokeBombBm                                            - Instance: 0x06FC6760
Class: RRHDBm                                                  - Instance: 0x06FC69A4
Class: RVoiceSynthesiserBm                                     - Instance: 0x06FC6BE8
Class: RResonatorTunerBm                                       - Instance: 0x06FC8060
Class: RPawnVillainMilitiaCaptain                              - Instance: 0x06FCB1B0
Class: RPawnVillainMilitiaCaptainPred                          - Instance: 0x06FCB3F4
Class: RStealthTakedownStage_ChainTakedown_FearFromAbove       - Instance: 0x06FD6C74
Class: RStealthTakedownStage_ChainTakedown_FearFromAboveEnd    - Instance: 0x06FD6EB8
Class: RStealthTakedownStage_ChainTakedown_FearFromAboveOnSpotEnd - Instance: 0x06FD70FC
Class: RStealthTakedownStage_SilentFromAboveEndSuccess         - Instance: 0x06FD7340
Class: RStealthTakedownStage_ChainTakedown_GrappleBoostTakedown - Instance: 0x06FD7584
Class: RStealthTakedownStage_ChainTakedown_LineLauncherAttack  - Instance: 0x06FD77C8
Class: RStealthTakeDownStage_BmDoubleTunnelGrateGrab           - Instance: 0x06FD7A0C
Class: RStealthTakeDownStage_BmDoubleTunnelGrateGrabEnd        - Instance: 0x06FD7C50
Class: RStealthTakeDownStage_HidePointGrateAbove               - Instance: 0x06FD80D8
Class: RStealthTakeDownStage_ChainTakedown_HidePointGrateAbove - Instance: 0x06FD7E94
Class: RStealthTakeDownStage_ChainTakedown_HidePointGrateAboveEnd - Instance: 0x06FD831C
Class: RStealthTakedownStage_SilentFromAbove                   - Instance: 0x06FD8560
Class: RStealthTakedownStage_SilentFromAboveEnd                - Instance: 0x06FD87A4
Class: RStealthTakeDownStage_BmTunnelGrateGrab                 - Instance: 0x06FD89E8
Class: RStealthTakedownStage_GlideBoostTackle                  - Instance: 0x06FD8C2C
Class: RStealthTakedownStage_SuperGlideTakedown                - Instance: 0x06FD8E70
Class: RStealthTakedownStage_GrappleBoostTakedown              - Instance: 0x06FD90B4
Class: RStealthTakedownStage_LineLauncherAttack                - Instance: 0x06FD92F8
Class: RStealthTakeDownStage_BmTunnelGrateGrabEnd              - Instance: 0x06FD953C
Class: RStealthTakedownStage_BmTunnelGrateAlignedFinish        - Instance: 0x06FD9780
Class: RStealthTakedownStage_GrateInvertedTakedown             - Instance: 0x06FD99C4
Class: RStealthTakedownStage_GrateInvertedTakedownEnd          - Instance: 0x06FD9C08
Class: RStealthTakeDownStage_HidePointGrateAboveEnd            - Instance: 0x06FD9E4C
Class: RSentryGun                                              - Instance: 0x06FEE698
Class: RProjectile_Grenade_Incendiary                          - Instance: 0x06FEEA44
Class: RVantageMine                                            - Instance: 0x06FEEDE8
Class: RPawnVillainGunMiniDroneController                      - Instance: 0x06FF9E48
Class: RPredatorDroneMini                                      - Instance: 0x06FFB2BC
Class: RPawnVillainThug_Robot                                  - Instance: 0x0701FB78
Class: RSpecialMoveConfig_CalibrateVoiceSynthesiserForRobot    - Instance: 0x0702BED4
Class: RSpecialMoveInstance_CalibrateVoiceSynthesiserForRobot  - Instance: 0x0702C2E0
Class: RPawnVillainThug_RobotPuzzle                            - Instance: 0x0702C524
Class: RPredatorDroneMiniSpotlight                             - Instance: 0x070367CC
Class: RSeqEvent_MinidroneAndThugInteractions                  - Instance: 0x0703845C
Class: RSeqEvent_PredatorDroneHasAttackedObject                - Instance: 0x07047C54
Class: RRbStealthTakedownStage_OrderedTakedown                 - Instance: 0x07056D98
Class: RVehicleBehaviour_DriveToRiotPoint                      - Instance: 0x07066288
Class: RSentryGunLights                                        - Instance: 0x07066648
Class: RSeqEvent_SentryGunEvent                                - Instance: 0x07067F88
Class: RSeqAct_AddBatmobileWeapon                              - Instance: 0x070702E4
Class: RSeqAct_AnyButtonSkips                                  - Instance: 0x07070A80
Class: RSeqAct_GiveUpUtilityBelt                               - Instance: 0x07071EF8
Class: RSeqAct_MostWantedSelectMission                         - Instance: 0x070729A8
Class: RSeqAct_SelectNonSideStoryMapMarker                     - Instance: 0x07073448
Class: RSeqAct_SideStory_Update                                - Instance: 0x070740A4
Class: RSeqAct_StartGauntletMovie                              - Instance: 0x07076E08
Class: RSeqEvent_DisabledControlChopper                        - Instance: 0x070780D4
Class: RSmokeScreenBM                                          - Instance: 0x07078EF8
Class: RSmokeBombProjectileBm                                  - Instance: 0x0707C8A0
Class: RSpecialMoveConfig_HangOnHelicopter                     - Instance: 0x0707E824
Class: RSpecialMoveInstance_HangOnHelicopter                   - Instance: 0x0707FBF0
Class: RSpecialMoveConfig_PlaceGooOnEnemy                      - Instance: 0x0707FE34
Class: RSpecialMoveInstance_PlaceGooOnEnemy                    - Instance: 0x07080560
Class: RSpecialMoveConfig_TakedownSentryGun                    - Instance: 0x070807A4
Class: RSpecialMoveInstance_TakedownSentryGun                  - Instance: 0x07080E30
Class: RSpecialMoveInstance_GrappleThruGrate                   - Instance: 0x07081514
Class: RTunnelGrateShared                                      - Instance: 0x070A2B18
Class: MSeqCond_IsDetectiveVisionActivated                     - Instance: 0x08580B80
Class: RAmbient_DirectionalLight                               - Instance: 0x08580FCC
Class: RBabyProofingVolume                                     - Instance: 0x08581760
Class: RBatarangCameraVolume                                   - Instance: 0x08581F38
Class: RBMBehaviour_AbandonedVehicleAnimationPoint             - Instance: 0x08582BA8
Class: RGangInteractPointAbandonedVehicle                      - Instance: 0x08583184
Class: RBMBehaviour_JokerRooftop                               - Instance: 0x08588D14
Class: RJokerRooftopPoint                                      - Instance: 0x0858908C
Class: RBMBehaviour_JumpOutOfVan                               - Instance: 0x0858A584
Class: RBMBehaviour_RiotFlee                                   - Instance: 0x0858B6B4
Class: RBMCombatThrownObject_Baton                             - Instance: 0x085905C0
Class: RBMCombatThrownObject_BatonPart1                        - Instance: 0x085908C8
Class: RBMWeaponBat                                            - Instance: 0x08591CEC
Class: RBMWeaponBaton                                          - Instance: 0x08591AA8
Class: RBMCombatThrownObject_Bottle                            - Instance: 0x08592EC8
Class: RBMWeaponKnifeBase                                      - Instance: 0x085942EC
Class: RBMWeaponBottle                                         - Instance: 0x085940A8
Class: RBMCombatThrownObject_BottleDestroyed                   - Instance: 0x08594530
Class: RBMCombatThrownObject_HeavyObject                       - Instance: 0x08595898
Class: RBMCombatThrownObject_Knife                             - Instance: 0x08597CBC
Class: RBMWeaponKnife                                          - Instance: 0x08598E98
Class: RBMCombatThrownObject_KnifeDestroyed                    - Instance: 0x085990DC
Class: RBMCombatThrownObject_PredatorShotgun                   - Instance: 0x0859AF78
Class: RBMWeaponShotgun                                        - Instance: 0x0859C158
Class: RBMCombatThrownObject_RocketLauncher                    - Instance: 0x0859C39C
Class: RBMWeaponRocketLauncher                                 - Instance: 0x0859D818
Class: RBMCombatThrownObject_ShotgunDestroyed                  - Instance: 0x0859DA5C
Class: RBMCombatThrownObject_ShotgunDestroyedPart3             - Instance: 0x0859DD64
Class: RBMCombatThrownObject_ShotgunDestroyedPart1             - Instance: 0x0859DFA8
Class: RBMCombatThrownObject_ShotgunDestroyedPart2             - Instance: 0x0859E1EC
Class: RCombatMove_VillainSmokeBombReaction_Knife              - Instance: 0x085A87EC
Class: RBMWeaponHeavyObject                                    - Instance: 0x085AA9B8
Class: RBMWeaponPipe                                           - Instance: 0x085AF3B0
Class: RPrototank_Missile                                      - Instance: 0x085B3F04
Class: RBreakableVentLight                                     - Instance: 0x085B90DC
Class: RCarListenerInterface                                   - Instance: 0x085BA6EC
Class: RCheckpointBlockade                                     - Instance: 0x085BAA48
Class: RCheckPointMineLights                                   - Instance: 0x085BD278
Class: RCheckPointMine                                         - Instance: 0x085BE04C
Class: RSeqAct_CheckPointMine                                  - Instance: 0x085BF59C
Class: RDestructibleProp_TakeoverVideoScreen                   - Instance: 0x085C849C
Class: RDmgType_DiveBoostShockwave                             - Instance: 0x085C9E94
Class: RDynamicBlockingVolumeDisabled                          - Instance: 0x085CA234
Class: RExplosiveGooMine_SprayOnObject                         - Instance: 0x085CAA28
Class: RFearGasNoEntryVolume                                   - Instance: 0x085CC9C8
Class: RGangFleePressPoint                                     - Instance: 0x085CD738
Class: RGangInteractBillboard                                  - Instance: 0x085CDDF0
Class: RGangInteractChineseStandGlass                          - Instance: 0x085CF334
Class: RGangRunAwayPoint                                       - Instance: 0x085D1AA0
Class: RHidePoint_Grate                                        - Instance: 0x085D2018
Class: RHidePoint_OWGargoyle                                   - Instance: 0x085D5B98
Class: RHidePoint_Rope                                         - Instance: 0x085D72CC
Class: RHidePointWire_RopeComponent                            - Instance: 0x085D8530
Class: RHidePoint_Wire                                         - Instance: 0x085D8BF8
Class: RLadder                                                 - Instance: 0x085DA030
Class: RLevelTransitionDoorBunkerBase                          - Instance: 0x085DCA7C
Class: RLevelTransitionDoubleDoors                             - Instance: 0x085E271C
Class: RLevelTransitionShutterDoors                            - Instance: 0x085E62B4
Class: RLevelTransitionShutterDoorsRiddler                     - Instance: 0x085E95A8
Class: RLevelVolumeOverride                                    - Instance: 0x085EC950
Class: RLiftBrakeSwitch                                        - Instance: 0x085ED988
Class: RockDecalToggleable                                     - Instance: 0x085F033C
Class: RPickup_MilitiaShield                                   - Instance: 0x085F0D2C
Class: RPredatorGunLockerMesh                                  - Instance: 0x085F37AC
Class: RPredatorGunLocker                                      - Instance: 0x085F5E54
Class: RPresurePad                                             - Instance: 0x085F7510
Class: RSeqEvt_PressurePad                                     - Instance: 0x085F8654
Class: RSeqAct_TogglePressurePad                               - Instance: 0x085F9D7C
Class: RRadarTower                                             - Instance: 0x085FE778
Class: RRiddlerRewardCage                                      - Instance: 0x08602ABC
Class: RSeqAct_AssignToGuardVolume                             - Instance: 0x08604BF8
Class: RSeqAct_ChatterBox                                      - Instance: 0x08605244
Class: RSeqAct_CheckKnightFallState                            - Instance: 0x0860762C
Class: RSeqAct_CheckThreatAsset                                - Instance: 0x0860850C
Class: RSeqAct_CountThreatAssets                               - Instance: 0x08608C0C
Class: RSeqAct_DisableSideStories                              - Instance: 0x08609604
Class: RSeqAct_DriveBatmobileToLocation                        - Instance: 0x08609D78
Class: RSeqAct_FlashTextureMovieControl                        - Instance: 0x0860B3DC
Class: RSeqAct_ForceNoStasis                                   - Instance: 0x0860C920
Class: RSeqAct_GetNumSecretsFound                              - Instance: 0x0860D3C8
Class: RSeqAct_GetTransInFromGangPoint                         - Instance: 0x0860DAB8
Class: RSeqAct_GetZoneWithMostSecretsLeft                      - Instance: 0x0860E1C0
Class: RSeqAct_GFxMovieUI                                      - Instance: 0x0860EE30
Class: RSeqAct_GivenPlayerUpgrade                              - Instance: 0x0860FAE0
Class: RSeqAct_IsChallengeActive                               - Instance: 0x08610124
Class: RSeqAct_IsCurrentObjective                              - Instance: 0x08610784
Class: RSeqAct_IsHeavyTankEncounterActive                      - Instance: 0x086110E0
Class: RSeqAct_IsInBatmobile                                   - Instance: 0x086115E4
Class: RSeqAct_IsLowUrgencyObjectiveActive                     - Instance: 0x08611DF0
Class: RSeqAct_IsPlayerLockedInBatmobile                       - Instance: 0x08612740
Class: RSeqAct_JokerRooftopController                          - Instance: 0x08612CDC
Class: RSeqAct_MakeBatmanFaceObject                            - Instance: 0x08618114
Class: RSeqAct_MostWantedEndOfGameState                        - Instance: 0x086188B0
Class: RSeqAct_ObjectiveFailed                                 - Instance: 0x086191F8
Class: RSeqAct_Ocean                                           - Instance: 0x08619F70
Class: RSeqAct_OverrideDetectiveMaterials                      - Instance: 0x0861A788
Class: RSeqAct_PenguinCarChase                                 - Instance: 0x0861B07C
Class: RSeqAct_PenguinIntel                                    - Instance: 0x0861EF88
Class: RSeqAct_PlayVehicleBark                                 - Instance: 0x0861F5EC
Class: RSeqAct_RemoveHighlightFromXrayWire                     - Instance: 0x0861FCC4
Class: RSeqAct_RiddlerSpeaking                                 - Instance: 0x086204F4
Class: RSeqAct_RiotPropHasBeenRemoved                          - Instance: 0x08620AB4
Class: RSeqAct_SetAllowedToChatter                             - Instance: 0x08621118
Class: RSeqAct_SetBatmobilePassenger                           - Instance: 0x086218B4
Class: RSeqAct_SetBatmobileState                               - Instance: 0x0862217C
Class: RSeqAct_SetHeartbeatType                                - Instance: 0x08623BB8
Class: RSeqAct_SetHelicopterPointOfInterestActive              - Instance: 0x08624358
Class: RSeqAct_SetHostile                                      - Instance: 0x08624AF8
Class: RSeqAct_SetSideStoryWithoutMapMarker                    - Instance: 0x086250A0
Class: RSeqAct_SetVehicleProperties                            - Instance: 0x0862579C
Class: RVehicleHush                                            - Instance: 0x086267BC
Class: RSeqAct_ShowTextOverFade                                - Instance: 0x08626C10
Class: RSeqAct_ShowVehicleOnHUD                                - Instance: 0x086275AC
Class: RSeqAct_SideStory_IconControl                           - Instance: 0x08627D28
Class: RSeqAct_SideStory_Query                                 - Instance: 0x08628F04
Class: RSeqAct_SideStory_Switch                                - Instance: 0x08629B40
Class: RSeqAct_SideStory_UIMessage                             - Instance: 0x0862A404
Class: RSeqAct_SideStoryCooldownTimer                          - Instance: 0x0862B3F8
Class: RSeqAct_UnlockAchievement                               - Instance: 0x0862C020
Class: RSeqAct_UnlockChallenge                                 - Instance: 0x0862C65C
Class: RSeqAct_UnlockCharacterBio                              - Instance: 0x0862D6D4
Class: RSeqAct_UnlockShowcaseCharacter                         - Instance: 0x0862E030
Class: RSeqAct_UnlockShowcaseVehicle                           - Instance: 0x0862E5D4
Class: RSeqAct_WaitForHud                                      - Instance: 0x0862EB78
Class: RSeqCond_CheckChapter                                   - Instance: 0x0862FF30
Class: RSeqEvent_BatmobileStuck                                - Instance: 0x08630714
Class: RSeqEvent_BatmobileWrongWay                             - Instance: 0x08630AD4
Class: RSeqEvent_CantPull                                      - Instance: 0x08630E94
Class: RSeqEvent_CustomBackscreenRequested_Normal              - Instance: 0x08631254
Class: RSeqEvent_EnteredBatmobile                              - Instance: 0x08631A10
Class: RSeqEvent_WinchAborted                                  - Instance: 0x08631F28
Class: RSmokeScreenFireEx                                      - Instance: 0x086325C0
Class: RSpecialMoveConfig_GrappleThruGrate                     - Instance: 0x086330C0
Class: RSpecialMoveConfig_OpenGrate                            - Instance: 0x086334CC
Class: RSpecialMoveInstance_OpenGrate                          - Instance: 0x08635264
Class: RSpecialMoveConfig_ShockwaveLand                        - Instance: 0x086354A8
Class: RSpecialMoveInstance_ShockwaveLand                      - Instance: 0x08636240
Class: RTakeoverVideoScreen                                    - Instance: 0x0863E3C0
Class: RTunnelGrate                                            - Instance: 0x0863F3D4
Class: RTunnelMesh                                             - Instance: 0x08642CAC
Class: RTurret_Watchtower                                      - Instance: 0x086434AC
Class: RVehicleBatmobile                                       - Instance: 0x0864A21C
Class: RVehicleBehaviour_APCRunAway                            - Instance: 0x0866016C
Class: RVehicleBehaviour_Parked                                - Instance: 0x08660E6C
Class: RVehicleBehaviour_StopAndSpawnHushBadGuys               - Instance: 0x08661790
Class: RWinchableJunctionBox                                   - Instance: 0x0866731C
Class: RWinchableRamp                                          - Instance: 0x0866ADA4
Class: RHidePoint_Batmobile                                    - Instance: 0x2200B5A0
Class: RSeqAct_PauseGameOnLoad                                 - Instance: 0x21DA6700
Class: RSeqAct_SelectLoadingScreen                             - Instance: 0x21DA44E0
Class: RSeqAct_Rain                                            - Instance: 0x24790C30
Class: RSeqAct_SetRainCullDistance                             - Instance: 0x24792220
Class: RHelicopter                                             - Instance: 0x24793810
Class: RHelicopterMultiRole                                    - Instance: 0x24791AD0
Class: RSeqAct_SetMultiroleHelicopterState                     - Instance: 0x24483CF0
Class: RSeqEvent_HelicopterDefeatedWithMissiles                - Instance: 0x24481FB0
Class: RPredatorDrone                                          - Instance: 0x244804E0
Class: RSeqAct_PlayCameraOverlay                               - Instance: 0x269D1D40
Class: RCinematicBatmobile                                     - Instance: 0x269D3A80
Class: RSeqAct_DeathstrokeTakedown                             - Instance: 0x269D3810
Class: RSeqAct_PutPlayerInBatmobile                            - Instance: 0x269D0270
Class: RVehicleBehaviour_Patrol                                - Instance: 0x269D3330
Class: RManBatAppearanceVolume                                 - Instance: 0x451B49C0
Class: RSeqEvt_ManBatAppearance                                - Instance: 0x451B4750
Class: RManbatPatrolPoint                                      - Instance: 0x451B4270
Class: RSeqAct_IsCurrentMostWantedMission                      - Instance: 0x554D8C30
Class: RSeqAct_WaypointTraversingTargetTracker                 - Instance: 0x554D9AD0
Class: RWaypointTraversalTrailNode                             - Instance: 0x554D9D40
Class: RSeqEvent_TraversalWaypointReached                      - Instance: 0x554DA970
Class: RBespokeMapRefPoint                                     - Instance: 0x554DA220
Class: ROverheadWireEnd                                        - Instance: 0x554D9110
Class: RSeqAct_BatmobileStart                                  - Instance: 0x554D8EA0
Class: RSeqAct_BespokeVineSonar                                - Instance: 0x554D89C0
Class: RSeqAct_BespokePipeSonar                                - Instance: 0x554DBCF0
Class: RSeqAct_IsBatmobileDLC                                  - Instance: 0x554DA700
Class: RSeqAct_RasTrailsMobileWaypoint                         - Instance: 0x554D8750
Class: RSeqAct_RefreshAllCrimeScenes                           - Instance: 0x59214000
Class: RSeqAct_SetForensicTrail                                - Instance: 0x59214270
Class: ROverworldSpawnPoint                                    - Instance: 0x59F4FA80
Class: RBMBehaviour_FireflyFlee                                - Instance: 0x5BA915F0
Class: RPawnBossFirefly                                        - Instance: 0x5BA92490
Class: RProjectile_GrenadeFirefly                              - Instance: 0x5BA92700
Class: RSeqAct_GetFireFlyDefine                                - Instance: 0x5BA92970
Class: RSeqAct_ToggleMissionWheel                              - Instance: 0x5BA92BE0
Class: RGrapplePoint_Unusable                                  - Instance: 0x5BC2EBE0
Class: RTunnelGrate_NonInteractive                             - Instance: 0x5BC2E970
Class: RBMCombatThrownObject_Shield                            - Instance: 0x5C52C270
Class: RBMWeaponShield                                         - Instance: 0x5C52C4E0
Class: RBMCombatThrownObject_RiotShield                        - Instance: 0x5C52C9C0
Class: RBMWeaponRiotShield                                     - Instance: 0x5C52CC30
Class: RBMCombatThrownObject_RiotShieldDestroyed               - Instance: 0x5C52CEA0
Class: RBMCombatThrownObject_ShieldDestroyed                   - Instance: 0x5C52DFB0
Class: RPawnVillainMultiStageKnife                             - Instance: 0x5C52FCF0
Class: RBMCombatThrownObject_Minigun                           - Instance: 0x7F4D9D40
Class: RBMWeaponMinigunPred                                    - Instance: 0x5C52DAD0
Class: RPawnVillainGunPredMiniGun                              - Instance: 0x7F5CC270
Class: RPawnVillainGunJammerBase                               - Instance: 0x7F5CCC30
Class: RPawnVillainGunJammer                                   - Instance: 0x7F5CCEA0
Class: RStealthTakedownStage_JammerSilentTakedown              - Instance: 0x7F5CD380
Class: RPawnVillainGunMinelayer                                - Instance: 0x7F5CD5F0
Class: RVentMine                                               - Instance: 0x7F5CD860
Class: RThugMine                                               - Instance: 0x7F5CDAD0
Class: RBMCombatPoint_HiElectricalBox                          - Instance: 0x7F7E5380
Class: RBMCombatThrownObject_AirCondUnitSmashable              - Instance: 0x7F7E55F0
Class: RCrows                                                  - Instance: 0x7F7E5D40
Class: RJokerHallucinationPoint                                - Instance: 0x7F7E6220
Class: RLevelTransitionDoor                                    - Instance: 0x7F7E6490
Class: RLevelTransitionLadderAndHatchBase                      - Instance: 0x7F7E6700
Class: RLevelTransitionLadderAndHatch                          - Instance: 0x7F7E6970
Class: RSeqAct_JokerHallucinationController                    - Instance: 0x7F7E6BE0
Class: RSeqAct_JokerHallucinationFadeNotify                    - Instance: 0x7F7E6E50
Class: RSeqAct_SetGrapplePointPriority                         - Instance: 0x7F7E70C0
Class: RSingleCrow                                             - Instance: 0x7F7E75A0
Class: RSwingChuteExit                                         - Instance: 0x7F7E7810
Class: RSwingChutePoint                                        - Instance: 0x7F7E7A80
Class: RBMCombatThrownObject_HeavyObjectFireExtinguisher       - Instance: 0x9D054EA0
Class: RBMWeaponHeavyObjectFireExtinguisher                    - Instance: 0x9D055FB0
Class: RCandle                                                 - Instance: 0x9D056700
Class: RGFxMovieUI_InstallationMessage                         - Instance: 0x9D056970
Class: RSeqAct_EnsureChunkInstalled                            - Instance: 0x9D0570C0
Class: RManagedFlammableStaticMeshActor                        - Instance: 0x9D057330
Class: RSeqAct_LockForensicsOn                                 - Instance: 0x9D0575A0
Class: RSpecialMoveConfig_CustomDoorMove                       - Instance: 0x9D057CF0
Class: RSpecialMoveInstance_CustomDoorMove                     - Instance: 0x9D057810
Class: RBMCombatThrownObject_StunStick                         - Instance: 0x9D6F8750
Class: RBMWeaponStunStick                                      - Instance: 0x9D6F89C0
Class: RBMCombatThrownObject_StunStickDestroyed                - Instance: 0x9D6F8C30
Class: RBMCombatThrownObject_StunStickDestroyedPart1           - Instance: 0x9D6F8EA0
Class: RCombatMove_VillainSmokeBombReaction_Stun               - Instance: 0x9D6F9AD0
Class: RBMCombatThrownObject_CombatExpertSword                 - Instance: 0x9DB42BE0
Class: RBMWeaponCombatExpertSword                              - Instance: 0x9DB42E50
Class: RBMCombatThrownObject_HeavyObjectCrate                  - Instance: 0x9DB430C0
Class: RBMWeaponHeavyObjectCrate                               - Instance: 0x9DB43330
Class: RBMCombatThrownObject_HeavyObjectExplosive              - Instance: 0x9DB435A0
Class: RBMWeaponHeavyObjectExplosive                           - Instance: 0x9DB43CF0
Class: RCharacter_Ninja                                        - Instance: 0x9DF38000
Class: RPawnVillainCombatExpert                                - Instance: 0x9DF38270
Class: RPawnVillainMultiStageArmoured                          - Instance: 0x9DF38750
Class: RGenericGenerator                                       - Instance: 0x9E1744E0
Class: RSeqEvent_WaterGenerator                                - Instance: 0x9E174750
Class: RSeqAct_WaterGenerator                                  - Instance: 0x9E175110
Class: RFakeLockedDoor                                         - Instance: 0x9E177810
Class: RHidePoint_Clocktower                                   - Instance: 0x9E1770C0
Class: RHidePoint_Gargoyle                                     - Instance: 0x9E176E50
Class: RLevelTransitionPoint                                   - Instance: 0x9E176BE0
Class: RSeqAct_CompareNumHostileVehicles                       - Instance: 0x9E176700
Class: RSwingChutePoint_Vent                                   - Instance: 0x9E176490
Class: RPawnVillainMultiStageUltimate                          - Instance: 0xA1ABABE0
Class: RBreakableTV_CRT                                        - Instance: 0xA1AB9380
Class: RBreakableTV_CRT_Dynamic                                - Instance: 0xA1AB9110
Class: RPresurePadBomb                                         - Instance: 0xA1AB8EA0
Class: RSeqAct_FakeTickOffRiddlerRiotBomb                      - Instance: 0xA1ABB330
Class: RSeqAct_SetTVTexture                                    - Instance: 0xA1C10000
Class: RCrimeScene                                             - Instance: 0xA1C12E50
Class: RSeqAct_SideStory_PygVictim                             - Instance: 0xA1C12970
Class: RSeqAct_SideStoryOverrideFocusText                      - Instance: 0xA1C12700
Class: RSeqAct_UpdateDeadBody                                  - Instance: 0xA1C12490
Class: RPawnVillainMultiStageShield                            - Instance: 0xA2F0F5A0
Class: RPawnVillainMultiStageStunStick                         - Instance: 0xA2E58C30
Class: RBMCombatThrownObject_HeavyObjectCrateAce               - Instance: 0xA339DAD0
Class: RBMWeaponHeavyObjectCrateAce                            - Instance: 0xA339DD40
Class: RRiddlerLight                                           - Instance: 0xA32F1860
Class: RRiddlerResetLight                                      - Instance: 0xA32F1AD0
Class: RRiddlerSwitch                                          - Instance: 0xA32F2220
Class: RImpassableHazard                                       - Instance: 0xA32F3CF0
Class: RSpecialMoveConfig_HazardStumble                        - Instance: 0xA32F3A80
Class: RSpecialMoveInstance_HazardStumble                      - Instance: 0xA32F3810
Class: RWaterGenerator                                         - Instance: 0xA32F35A0
Class: RBMRacePressurePad                                      - Instance: 0xA35C9380
Class: RGlideUnderBridgesAchievementVolume                     - Instance: 0xA35C95F0
Class: RSeqAct_SetFractureWallCanInteract                      - Instance: 0xA35C9AD0
Class: RSwingChuteExitDLC                                      - Instance: 0xA35C9FB0
Class: RSwingChutePointDLC                                     - Instance: 0xA35CA220
Class: RLevelTransitionDoorSmall                               - Instance: 0xA63A75A0
Class: RPredatorDroneRotor                                     - Instance: 0xA63A7810
Class: RSeqAct_ChallengeMode                                   - Instance: 0xA63A6BE0
Class: RSeqAct_SetHelicopterHighPriorityTarget                 - Instance: 0xA63A6E50
Class: RVehicleWalker                                          - Instance: 0xA58FCC30
Class: RElectrifiedFloorPanelCell                              - Instance: 0xA65B04E0
Class: RSeqAct_SentryGun                                       - Instance: 0xA65B0750
Class: RSpecialMoveConfig_CommandBeacon                        - Instance: 0xA6D21380
Class: RSpecialMoveInstance_CommandBeacon                      - Instance: 0xA6D21110
Class: RCommandBeaconLights                                    - Instance: 0xA6D20C30
Class: RCommandBeacon                                          - Instance: 0xA6D209C0
Class: RSeqAct_CallBatmobileToLocation                         - Instance: 0xA6D21860
Class: RBatGelDestroyVolume                                    - Instance: 0xB51E5860
Class: RBmPawnSpawner_ChallengeMode                            - Instance: 0xB51E44E0
Class: RChallengeWall_Straight                                 - Instance: 0xB51E7A80
Class: RChallengeWall_Straight_Combat                          - Instance: 0xB51E6490
Class: RSeqAct_DespawnChallengePawns                           - Instance: 0xB51E4000
Class: RSeqAct_InfiniteCombatSpawner                           - Instance: 0xB51E6970
Class: RSeqAct_IntegratedChallengeControl                      - Instance: 0xB4839860
Class: RSeqAct_SetVehicleCombatDifficulty                      - Instance: 0xB42B09C0
Class: RSeqAct_ShowChallengeCombatSummary                      - Instance: 0xB42B0750

BatmanAK generated in 1.649 seconds.
